freelancer_id,project_id,skills_match,experience_years,project_budget,freelancer_rate,availability,previous_rating,interview_score,training_score,accepted
10922,58319,0.285,6,4101,61,0.448,3.22,89.4,66.0,0
10025,50249,0.254,3,7857,49,0.662,3.66,63.3,77.8,0
10680,56143,0.349,3,8500,84,0.719,4.16,86.7,70.5,0
10152,51422,0.912,3,5816,64,0.63,4.16,86.0,71.1,1
10775,57021,1.0,4,4926,49,0.836,3.23,68.9,56.0,1
10656,55926,1.0,3,8648,72,0.542,4.97,89.5,92.7,1
10435,54039,0.677,6,2171,50,0.485,3.6,73.7,77.0,0
10503,54665,0.237,2,3559,48,0.636,2.67,69.3,82.2,0
10825,57467,0.317,1,1813,52,0.68,3.24,57.0,51.4,0
10519,54795,0.746,2,8400,58,0.742,2.97,65.1,45.0,1
10382,53551,0.541,8,4478,60,0.736,3.47,74.0,39.9,1
10833,57540,0.69,2,5266,30,0.683,2.11,51.3,46.8,0
10168,51562,0.353,2,5257,63,0.652,2.91,82.0,65.1,0
10496,54598,0.326,4,2858,40,0.893,2.14,54.5,31.9,0
10379,53529,1.0,5,7200,74,0.726,3.23,70.9,64.3,0
10464,54323,1.0,6,4837,55,0.636,3.1,76.2,73.1,0
10699,56324,0.699,3,6073,61,0.616,3.89,85.4,74.9,1
10777,57041,0.828,1,6537,22,0.811,1.58,38.7,34.4,1
10749,56776,1.0,5,4705,51,0.556,3.12,50.9,33.0,0
10293,52706,0.997,0,7900,18,0.77,1.9,40.8,30.9,1
10898,58079,1.0,3,7302,69,0.664,2.37,54.0,49.2,0
10428,53963,0.617,2,8804,25,0.915,1.61,36.6,23.1,1
10173,51596,0.162,0,1911,56,0.982,1.96,43.7,41.8,0
10797,57228,0.79,1,2278,66,0.457,2.26,58.2,34.3,0
10284,52623,1.0,9,7005,50,0.687,3.49,67.2,54.1,0
10674,56085,0.351,1,6498,73,0.817,2.83,81.2,73.8,0
10573,55271,0.329,2,7765,67,0.577,2.92,75.8,82.6,0
10689,56219,1.0,2,3993,53,0.906,2.53,39.7,14.4,0
10009,50094,0.508,1,1716,72,0.555,3.94,97.1,77.1,1
10465,54337,0.323,8,4666,73,0.632,2.92,74.5,63.2,0
10762,56903,0.34,5,7916,58,0.597,3.08,77.0,62.8,1
10216,51993,0.876,8,1340,54,0.621,3.58,72.2,72.5,1
10021,50213,0.138,3,7982,23,0.865,2.17,37.1,46.4,1
10322,52969,0.835,3,4698,28,0.763,2.19,34.0,28.4,0
10119,51124,0.496,2,5518,36,0.911,2.84,54.2,47.0,0
10556,55120,0.195,3,934,43,0.565,1.47,30.4,28.7,0
10296,52719,1.0,6,1576,75,0.599,4.27,74.3,73.2,1
10568,55214,0.822,4,5094,80,0.53,4.11,93.1,85.6,1
10245,52247,0.494,7,7164,89,0.619,4.43,95.7,88.9,1
10201,51865,1.0,1,8520,60,0.78,3.21,61.9,36.3,0
10662,55983,1.0,6,4917,56,0.682,3.09,47.5,54.5,1
10457,54263,0.28,4,4095,70,0.674,4.06,85.2,77.5,0
10174,51609,0.749,1,6490,64,0.97,2.32,51.8,46.7,0
10282,52596,0.45,8,5856,65,0.637,4.45,100.0,95.7,1
10603,55497,0.414,5,7999,63,0.672,2.72,71.5,84.7,0
10398,53707,0.76,0,3941,31,0.859,1.57,26.7,29.7,0
10031,50316,0.897,3,924,71,0.625,4.16,84.3,73.6,0
10313,52898,1.0,7,1091,53,0.55,3.46,69.4,56.6,1
10007,50081,0.564,2,1221,41,0.789,2.29,50.4,37.0,0
10124,51163,1.0,7,4000,64,0.687,3.57,78.4,54.2,1
10867,57856,0.551,2,6467,22,0.853,2.1,46.6,26.2,0
10513,54750,0.326,4,4077,68,0.718,3.66,81.9,72.8,0
10444,54122,0.739,2,5236,34,1.0,2.2,36.7,15.3,0
10212,51966,0.861,0,3052,56,0.434,3.16,69.8,64.1,0
10491,54557,1.0,3,1829,53,0.765,2.18,69.4,70.5,0
10166,51558,0.629,3,6660,25,0.823,1.63,27.7,21.4,0
10500,54635,0.94,2,6183,43,0.972,2.44,41.2,35.8,1
10027,50268,1.0,2,2372,71,0.656,3.47,72.9,68.8,1
10901,58114,0.74,2,4679,43,0.832,2.27,51.5,31.6,0
10685,56194,0.26,3,6159,42,0.951,1.69,37.6,26.4,0
10630,55737,0.985,2,969,51,0.965,1.59,43.6,29.8,0
10739,56667,1.0,5,6754,73,0.544,3.93,80.5,59.9,0
10175,51617,0.944,4,7586,62,0.594,2.82,89.3,84.1,1
10016,50170,0.584,4,8670,45,0.946,2.82,52.0,37.5,0
10819,57396,1.0,1,4347,48,0.61,3.48,59.8,66.7,0
10181,51673,0.611,2,6373,30,0.803,2.23,44.3,27.4,0
10967,58736,0.404,3,7426,43,0.706,3.07,60.5,28.9,0
10036,50361,1.0,3,5611,25,0.634,2.19,53.4,19.3,1
10944,58511,0.771,6,3122,77,0.387,3.52,91.6,95.7,1
10354,53264,0.873,1,3682,62,0.766,3.45,68.1,72.8,0
10497,54603,1.0,7,6109,66,0.574,3.92,87.0,79.5,1
10998,58987,0.352,4,1638,39,0.914,2.56,50.5,49.1,0
10531,54900,1.0,2,7321,79,0.489,4.94,87.3,87.3,1
10175,51615,0.343,6,4581,53,0.704,3.95,84.1,73.9,1
10740,56681,1.0,1,7846,54,0.846,2.78,64.4,48.6,1
10280,52583,0.834,2,3527,41,0.864,2.72,46.2,53.4,0
10405,53762,0.858,3,6969,41,0.954,2.32,47.3,35.9,0
10355,53275,0.284,4,2548,44,0.627,1.97,49.2,37.7,0
10239,52184,0.926,6,3551,70,0.572,3.61,77.3,79.6,0
10774,57013,0.269,2,5485,49,0.651,3.08,56.1,31.4,0
10406,53772,0.657,5,4172,75,0.738,2.75,55.1,53.3,0
10293,52707,0.949,3,2918,35,0.73,1.87,38.8,25.3,0
10966,58729,0.943,1,5743,66,0.586,2.17,63.1,36.9,1
10216,52003,0.716,3,5303,56,0.549,4.19,84.3,63.3,0
10229,52088,0.832,5,4417,45,0.6,2.55,44.8,46.7,1
10780,57064,0.248,3,1228,50,0.915,2.67,56.9,51.3,0
10304,52813,1.0,5,2373,62,0.589,3.67,91.7,78.2,1
10846,57666,0.778,4,7004,81,0.634,3.67,83.1,82.8,1
10888,58002,1.0,5,1505,77,0.491,3.41,64.7,68.3,0
10155,51453,0.985,2,2950,38,0.719,2.4,48.7,41.2,1
10107,51019,0.438,2,6734,25,1.0,2.45,45.9,27.0,1
10031,50319,1.0,2,2232,63,0.637,3.96,85.2,80.5,0
10231,52108,1.0,2,8981,44,0.788,2.17,54.3,42.1,0
10792,57176,0.757,3,4083,54,0.737,3.79,84.7,68.9,0
10515,54768,1.0,7,8147,74,0.538,4.17,92.8,91.2,1
10979,58838,1.0,8,8597,74,0.874,3.64,95.2,83.2,1
10452,54199,1.0,1,8049,49,0.605,3.02,54.7,43.3,1
10947,58546,0.67,4,7026,57,0.531,2.76,55.5,35.6,0
10786,57121,0.421,3,1828,64,0.757,2.8,71.8,63.8,0
10244,52240,1.0,5,4069,72,0.629,3.83,74.8,71.9,0
10317,52940,0.283,4,4133,48,0.672,3.18,59.3,56.1,0
10902,58124,0.54,2,3313,74,0.676,3.28,69.9,55.9,0
10061,50593,0.865,1,5371,17,1.0,1.5,39.3,6.0,1
10981,58864,1.0,2,1932,66,0.65,3.53,72.1,44.6,0
10243,52211,0.939,5,7457,55,0.595,3.49,70.7,80.5,0
10959,58664,0.674,2,8225,25,0.874,1.26,18.6,39.5,1
10342,53140,0.882,6,8117,43,0.761,2.67,65.1,59.0,1
10755,56822,0.622,1,7697,41,0.793,2.64,56.1,47.6,0
10408,53788,0.97,5,3281,73,0.67,3.47,78.3,75.1,0
10808,57330,1.0,2,2459,67,0.608,4.04,84.5,70.3,0
10768,56957,1.0,2,8691,70,0.706,3.82,78.3,60.6,0
10179,51650,0.373,4,5687,42,0.79,3.15,55.1,59.4,1
10273,52524,0.898,3,1168,18,0.696,2.13,54.2,44.6,1
10008,50089,0.241,6,2077,57,0.533,3.8,77.8,77.8,1
10447,54152,0.309,3,4717,68,0.655,2.92,62.4,61.3,0
10662,55982,0.679,4,6892,53,0.645,3.04,54.9,44.9,0
10248,52289,0.433,4,7510,16,0.889,2.77,39.2,42.6,1
10594,55420,0.943,6,6499,56,0.612,3.74,65.1,74.7,1
10411,53804,0.632,4,3355,32,0.781,2.37,59.7,60.5,1
10310,52863,0.53,9,2723,63,0.654,3.68,77.1,81.5,0
10422,53888,0.34,7,2734,65,0.727,3.29,82.9,60.5,0
10620,55663,0.243,3,8719,57,0.751,2.82,77.8,49.1,0
10706,56373,1.0,4,8660,54,0.882,2.68,52.6,45.7,1
10625,55701,0.364,4,6756,40,0.74,2.78,38.4,46.3,0
10379,53530,0.383,3,4734,70,0.624,2.91,76.2,78.7,0
10380,53533,1.0,6,1390,59,0.659,3.05,69.2,53.6,0
10883,57954,0.172,8,3059,43,0.812,1.91,44.7,39.3,0
10279,52578,0.689,5,3881,68,0.579,2.9,78.3,66.4,0
10784,57094,0.632,2,3641,41,0.496,2.86,61.5,57.2,0
10631,55745,0.835,5,8042,53,0.675,3.51,68.8,58.8,0
10243,52216,0.466,2,4454,63,0.639,3.64,70.9,81.2,0
10032,50322,0.462,2,5263,59,0.874,2.14,54.1,46.7,0
10225,52068,0.234,5,7857,20,0.74,2.1,36.4,30.8,1
10575,55289,0.094,2,2384,47,0.793,1.48,25.9,6.6,0
10756,56828,0.973,1,4697,43,1.0,1.96,53.2,54.3,0
10695,56268,1.0,6,6621,63,0.499,3.97,78.9,77.7,1
10506,54685,0.837,8,4116,68,0.64,4.11,78.0,63.6,0
10604,55510,0.954,4,2130,60,0.541,3.75,75.9,80.5,0
10740,56690,0.842,4,1413,48,0.842,3.15,64.0,57.6,0
10472,54406,1.0,5,3270,48,0.799,3.15,75.5,49.0,1
10396,53685,0.411,8,2175,46,0.678,3.08,61.3,55.3,0
10381,53542,0.776,4,3728,35,0.759,2.53,47.5,79.6,1
10110,51047,1.0,3,7503,62,0.811,2.73,61.3,58.9,1
10735,56619,0.884,6,6658,51,0.869,2.5,50.4,42.1,1
10930,58390,0.185,1,5615,42,0.785,2.43,62.6,32.4,0
10009,50096,0.881,8,1339,69,0.663,4.32,80.4,87.8,0
10939,58479,1.0,7,3220,79,0.85,3.59,73.7,68.9,1
10404,53754,1.0,1,4521,61,0.686,2.88,56.2,63.1,0
10816,57381,0.995,5,7604,36,0.696,2.31,45.3,22.2,1
10435,54048,0.642,4,2597,49,0.515,3.55,84.3,74.9,1
10900,58105,1.0,5,7409,78,0.73,3.75,97.4,87.6,1
10696,56281,0.682,3,8268,28,0.709,1.99,47.6,57.3,1
10113,51069,0.564,6,7964,54,0.651,2.91,74.2,74.2,1
10532,54907,0.695,8,8155,46,0.766,2.62,59.0,58.5,0
10672,56064,0.187,3,8193,50,0.768,1.94,48.4,33.4,0
10150,51403,0.301,2,8756,54,0.863,1.88,63.1,52.7,1
10471,54398,0.339,3,6210,65,0.733,3.57,81.3,80.5,0
10957,58647,1.0,4,7665,49,0.624,3.77,84.2,64.3,1
10411,53807,0.822,1,8375,29,0.724,2.54,51.6,54.5,1
10192,51766,1.0,2,4058,61,0.702,3.18,69.1,62.6,0
10140,51315,0.553,2,1172,74,0.658,3.18,78.9,65.1,1
10631,55747,1.0,2,6341,62,0.571,3.37,71.1,60.7,0
10395,53663,0.237,3,6264,48,0.848,2.18,46.5,56.9,0
10862,57814,0.374,5,4914,87,0.619,4.4,88.6,91.7,0
10142,51331,0.985,4,7661,40,0.643,2.54,46.8,52.7,1
10542,55000,0.469,3,7882,67,0.766,3.75,75.0,97.3,1
10998,58997,0.728,2,2873,44,0.868,2.03,43.1,35.9,0
10933,58411,0.181,4,2749,35,0.67,2.49,51.2,65.5,0
10730,56588,0.185,2,5844,65,0.667,2.2,66.0,70.4,1
10235,52132,0.799,1,4737,27,1.0,1.77,44.1,52.6,1
10065,50621,0.683,1,4330,56,0.854,2.88,75.7,51.3,0
10326,53012,0.564,9,2523,78,0.511,4.5,100.0,100.0,1
10081,50764,0.377,8,3843,57,0.733,3.53,66.5,67.3,0
10829,57509,0.639,2,5765,63,0.779,4.06,64.9,68.6,0
10983,58874,1.0,2,4009,52,0.641,3.04,67.4,55.5,1
10954,58611,0.954,7,4458,58,0.786,2.66,72.1,80.9,1
10550,55066,1.0,6,3057,75,0.73,3.61,80.3,70.0,0
10506,54687,0.99,3,5484,67,0.664,4.12,80.8,74.0,0
10158,51484,0.9,3,4867,59,0.716,3.38,64.4,62.6,1
10344,53162,0.874,4,4856,52,0.918,2.96,70.7,46.7,0
10841,57621,1.0,2,7862,29,0.697,2.61,52.8,36.5,1
10357,53296,0.319,4,5988,63,0.616,3.57,75.0,93.6,0
10856,57750,0.722,4,7905,75,0.497,4.08,82.7,81.5,1
10603,55503,1.0,3,4723,69,0.613,3.02,62.7,58.6,0
10958,58657,1.0,1,5239,75,0.668,3.46,90.8,68.4,1
10365,53376,0.653,5,3297,66,0.747,2.91,60.9,59.2,0
10903,58135,0.846,6,8748,65,0.638,3.87,91.0,88.3,1
10991,58934,0.277,6,4654,37,0.756,2.85,52.4,68.3,0
10552,55101,1.0,6,3819,61,0.677,3.89,89.1,63.5,1
10874,57901,1.0,5,3916,50,0.69,2.71,53.9,64.1,1
10109,51035,0.495,4,1493,57,0.705,2.15,48.8,46.2,1
10766,56940,0.178,4,4885,46,0.603,3.33,68.1,55.9,0
10254,52355,0.233,4,1808,68,0.664,3.25,76.4,59.0,0
10486,54526,0.589,1,1565,51,0.725,2.53,48.8,61.6,0
10081,50765,0.259,6,7958,58,0.827,3.36,80.2,70.3,0
10521,54817,1.0,6,2269,62,0.637,2.57,48.5,65.2,0
10433,54004,0.933,3,1144,73,0.632,4.43,93.9,65.8,1
10580,55326,0.169,2,8538,39,0.945,1.77,51.3,45.2,0
10163,51531,0.835,1,8209,79,0.539,3.65,84.9,93.9,1
10340,53128,0.442,3,2116,37,0.739,2.4,58.1,33.8,0
10513,54748,0.502,4,1129,54,0.672,3.6,76.2,81.6,0
10388,53606,0.23,2,8087,59,0.762,2.49,50.7,39.6,0
10366,53400,1.0,4,5161,45,0.607,3.17,52.5,63.7,1
10141,51323,0.383,1,4783,47,0.753,3.35,47.3,45.9,0
10671,56056,0.779,2,5407,48,0.502,2.65,64.2,56.8,0
10071,50677,0.287,1,6125,42,0.627,2.0,51.5,46.6,0
10236,52133,0.494,3,5426,67,0.678,2.76,60.0,37.9,0
10328,53032,0.292,4,5132,39,0.788,2.33,68.6,42.3,0
10717,56479,1.0,3,946,62,0.732,3.7,64.2,74.8,1
10247,52273,0.484,3,7641,66,0.761,4.29,96.1,65.7,0
10630,55740,1.0,0,4379,19,0.775,1.79,35.7,35.5,1
10296,52727,0.329,2,6159,75,0.482,4.0,74.8,66.1,0
10397,53693,0.676,2,960,48,0.894,1.69,25.6,29.5,0
10616,55613,0.316,0,8268,56,0.823,3.46,59.2,60.6,0
10188,51740,1.0,6,2678,39,0.848,1.65,27.6,34.0,0
10046,50448,0.25,5,2414,66,0.49,4.05,67.1,72.4,1
10065,50624,1.0,0,5546,60,0.855,2.69,68.9,57.0,1
10435,54056,1.0,4,8622,37,0.606,3.9,71.3,73.3,0
10922,58317,0.66,7,7212,65,0.518,3.09,78.8,64.8,0
10398,53705,0.643,3,5750,23,1.0,1.74,40.0,23.4,1
10867,57848,0.399,8,6749,30,0.858,2.09,57.7,37.6,1
10712,56428,0.51,8,6694,48,0.763,3.26,69.2,66.1,0
10686,56204,0.286,0,7319,54,0.796,2.83,74.0,54.9,0
10057,50555,1.0,4,5486,52,0.692,3.75,71.6,62.4,0
10488,54540,0.346,5,5253,56,0.663,3.09,70.8,64.4,0
10366,53396,1.0,3,6327,43,0.637,3.41,71.1,82.5,1
10915,58247,0.204,4,2830,34,0.789,3.15,66.9,53.1,0
10955,58621,0.713,1,7998,52,0.88,2.91,44.3,41.8,1
10298,52752,0.297,1,4359,50,0.664,2.77,61.4,47.8,0
10175,51618,0.584,3,1305,66,0.611,3.9,77.2,78.2,1
10831,57526,0.625,0,3426,59,0.6,3.99,83.5,70.3,1
10828,57493,0.08,1,4530,30,0.793,1.69,25.2,17.6,0
10074,50701,0.828,6,1892,63,0.686,3.84,80.5,69.1,1
10737,56648,1.0,2,4441,56,0.502,3.95,80.2,61.5,0
10076,50734,1.0,2,8992,39,0.656,3.27,62.7,62.3,1
10422,53886,0.344,4,2461,57,0.795,2.74,83.7,89.2,0
10970,58771,0.622,4,8295,72,0.63,4.15,79.3,69.7,1
10953,58605,0.942,2,4569,76,0.624,3.56,81.0,82.6,0
10865,57840,0.299,2,4493,56,0.656,3.52,62.8,52.4,0
10140,51316,0.769,4,7276,65,0.775,2.85,57.5,61.7,0
10572,55256,0.691,6,5960,56,0.738,2.65,99.7,63.4,0
10509,54721,0.295,10,5593,59,0.741,4.24,85.8,73.6,0
10489,54551,1.0,7,3698,62,0.569,3.15,64.7,52.8,0
10458,54270,0.617,0,4788,35,0.758,2.43,33.4,26.1,0
10729,56579,0.285,2,1812,37,0.726,2.62,55.1,61.1,0
10595,55426,1.0,3,4043,68,0.492,4.01,93.4,83.9,0
10024,50240,0.94,6,6735,56,0.724,3.57,68.9,65.3,1
10936,58435,0.819,2,2150,56,0.61,3.47,78.6,86.0,1
10453,54221,1.0,5,2297,54,0.741,1.77,60.3,45.3,0
10957,58646,0.47,5,4692,52,0.658,3.65,80.3,54.0,1
10503,54664,0.277,4,3736,49,0.682,2.46,56.2,62.1,1
10022,50223,0.299,8,8964,49,0.62,3.77,82.1,66.8,1
10011,50108,0.506,1,7319,52,0.77,3.07,56.6,65.8,1
10406,53768,0.355,5,2963,42,0.808,2.71,52.6,66.4,0
10658,55953,0.261,3,2191,60,0.872,2.34,49.8,48.5,0
10632,55754,0.345,2,1326,28,0.822,1.73,36.3,20.6,0
10119,51127,0.223,5,4596,45,0.861,2.8,52.1,55.5,0
10911,58213,0.927,5,1722,58,0.599,2.48,54.7,44.9,0
10609,55555,1.0,2,8467,52,0.798,2.75,59.9,56.5,0
10013,50132,0.282,5,4199,35,0.886,3.08,54.0,62.9,0
10670,56050,0.475,4,8890,74,0.693,3.61,99.1,91.8,0
10603,55488,0.454,5,8832,63,0.595,3.54,75.0,60.3,0
10964,58696,0.645,3,8966,54,0.632,3.16,84.5,78.0,0
10247,52277,0.395,9,2810,61,0.623,4.36,85.0,88.3,1
10888,57999,1.0,5,4312,72,0.482,3.53,75.6,65.9,0
10212,51955,0.232,3,5221,44,0.456,2.83,64.1,45.8,0
10467,54356,0.328,3,6945,53,0.88,3.05,68.1,64.9,1
10336,53096,0.958,1,4685,36,0.94,1.91,24.5,28.0,0
10502,54650,0.379,8,8045,68,0.634,4.17,66.5,79.9,0
10068,50654,0.657,5,1149,35,0.765,2.13,41.2,26.8,0
10393,53640,1.0,8,5087,62,0.835,3.98,74.4,58.0,0
10257,52374,0.299,1,4787,31,0.839,1.55,47.9,36.2,0
10418,53845,0.929,2,5623,55,0.821,2.52,66.0,68.8,1
10274,52532,0.505,6,6058,47,0.837,2.37,52.1,48.5,1
10730,56593,0.718,3,4997,45,0.692,2.81,46.1,71.3,0
10464,54318,0.435,3,1937,65,0.435,3.58,77.4,53.8,0
10250,52313,0.57,2,2414,47,0.734,2.81,73.7,67.8,1
10052,50512,0.425,3,2701,50,0.674,3.81,74.6,69.8,0
10454,54225,0.38,2,6251,33,0.908,2.58,59.5,50.9,1
10531,54899,0.841,4,7275,69,0.452,4.02,91.2,61.4,1
10995,58970,0.251,4,6858,41,0.612,3.39,64.2,41.3,0
10324,52983,0.662,3,1396,80,0.49,3.39,69.9,83.1,0
10188,51742,0.485,1,2845,30,0.823,2.42,40.1,45.8,0
10794,57195,1.0,1,3672,88,0.709,3.99,73.5,72.7,1
10970,58753,1.0,4,3083,72,0.555,3.89,77.8,77.6,0
10597,55445,1.0,0,6122,80,0.683,3.86,83.6,65.1,1
10760,56863,0.322,6,8351,72,0.706,3.1,80.7,73.2,0
10465,54333,0.686,5,7283,80,0.572,3.16,72.7,57.1,0
10234,52125,0.933,5,3597,66,0.645,3.07,70.4,65.9,0
10994,58962,0.376,5,7852,64,0.596,3.4,61.6,63.2,0
10445,54135,0.899,3,5666,33,1.0,2.36,42.6,36.2,0
10781,57071,0.927,4,5667,51,0.815,2.57,60.0,36.4,0
10477,54464,1.0,4,4809,48,0.858,2.34,69.8,42.6,1
10522,54825,0.989,5,1032,82,0.663,3.88,78.3,91.8,1
10235,52128,0.758,1,2511,35,0.98,1.79,47.5,29.7,0
10523,54835,0.101,0,8146,38,0.789,1.93,69.6,50.7,1
10053,50519,0.833,4,8315,47,0.611,3.71,75.3,57.4,1
10467,54351,0.313,5,4450,66,0.824,3.36,86.7,68.7,0
10426,53950,0.841,0,7120,51,0.759,3.11,47.5,55.9,1
10136,51264,0.892,1,2198,18,0.892,2.44,34.3,34.2,0
10547,55043,0.403,3,8074,26,0.666,2.97,58.9,53.3,0
10617,55616,0.53,2,5988,62,0.426,3.13,70.6,72.9,0
10320,52961,0.545,4,1370,79,0.612,4.11,92.8,81.3,0
10453,54217,0.465,2,3189,51,0.822,3.02,57.7,45.7,0
10783,57085,0.358,2,6565,31,0.798,2.23,54.1,50.6,1
10120,51128,0.269,4,2564,62,0.877,3.66,76.9,62.5,0
10209,51929,1.0,8,5468,43,0.664,3.46,72.7,76.1,0
10207,51916,0.725,7,3545,48,0.791,3.42,62.7,69.0,0
10563,55185,0.697,2,5736,56,0.73,2.65,61.5,49.9,0
10365,53383,0.266,3,4696,70,0.644,2.89,62.0,73.1,0
10707,56379,0.732,2,1905,25,0.797,2.16,52.8,25.0,0
10379,53525,0.465,5,2775,74,0.642,3.19,76.0,78.3,1
10337,53107,1.0,1,8260,42,0.794,2.41,54.0,52.8,0
10740,56693,0.664,1,5794,50,0.78,2.34,54.9,47.9,0
10687,56210,0.697,2,2265,33,0.677,1.85,28.1,43.5,0
10332,53054,0.766,2,8209,19,0.886,2.46,42.0,32.0,1
10192,51769,0.423,0,3686,62,0.67,3.44,68.8,63.9,0
10572,55255,0.264,8,3982,44,0.607,2.38,96.2,58.5,0
10988,58904,0.382,4,5384,65,0.706,3.3,65.3,62.1,0
10828,57492,0.917,2,3514,21,0.882,1.88,31.3,21.5,1
10559,55152,1.0,4,5866,81,0.592,4.08,93.5,88.5,0
10954,58616,0.725,4,3642,39,0.711,2.74,63.1,61.7,0
10187,51729,1.0,4,8350,74,0.486,3.79,91.3,89.5,0
10384,53574,0.243,0,7236,50,0.829,2.34,54.5,43.0,0
10319,52955,0.755,2,2844,33,0.91,2.25,57.2,23.9,0
10325,53008,1.0,4,5560,69,0.547,3.64,93.4,86.5,1
10172,51594,0.97,4,2416,53,0.734,2.88,52.7,54.5,1
10279,52580,0.5,2,6574,68,0.531,2.79,78.5,74.9,1
10736,56629,1.0,4,5155,44,0.67,2.95,87.4,56.6,1
10069,50669,0.47,3,2544,88,0.609,3.91,78.8,93.1,0
10869,57866,0.185,2,4833,47,0.847,1.54,57.6,37.6,0
10435,54049,1.0,2,4913,50,0.52,3.7,70.9,93.9,1
10456,54249,1.0,4,7325,60,0.739,3.2,70.4,73.3,0
10906,58164,1.0,3,7577,34,0.912,2.15,64.1,67.1,1
10299,52767,0.665,3,7264,78,0.647,3.58,85.8,90.3,1
10365,53379,0.623,3,984,61,0.625,2.95,70.5,63.5,1
10619,55643,0.76,2,5930,58,0.977,3.43,50.6,47.9,1
10771,56991,1.0,2,4034,75,0.868,3.6,69.2,56.4,1
10784,57089,1.0,7,1349,48,0.519,3.38,62.3,47.7,0
10586,55369,0.271,0,3983,30,0.927,1.65,35.9,44.4,0
10951,58586,1.0,2,4107,36,0.721,3.07,51.8,57.4,0
10676,56110,1.0,7,4657,46,0.619,3.37,57.6,47.6,0
10340,53126,0.486,2,8443,38,0.843,2.64,67.9,36.1,1
10074,50709,0.399,5,6541,50,0.624,3.93,72.6,64.8,0
10842,57631,1.0,4,7470,48,0.649,3.69,75.9,64.7,1
10168,51571,1.0,4,1641,60,0.634,3.39,71.7,75.8,0
10682,56175,0.322,1,2265,81,0.567,4.27,74.5,82.2,0
10819,57407,0.486,2,7792,60,0.702,2.88,56.6,59.4,1
10065,50625,0.962,3,7342,57,0.823,2.68,71.5,54.0,1
10791,57175,0.421,3,4491,68,0.783,2.46,66.1,66.3,0
10685,56200,0.378,5,7988,44,0.884,1.56,48.9,21.4,0
10992,58942,0.694,1,3037,46,1.0,2.25,42.8,39.0,1
10032,50331,1.0,3,3228,37,0.832,2.34,55.8,51.7,1
10679,56124,0.851,6,3172,65,0.51,3.95,71.2,100.0,0
10710,56398,0.911,0,3293,26,0.717,2.07,30.9,15.1,1
10829,57498,0.404,6,7143,73,0.695,3.39,59.1,63.1,0
10544,55014,0.692,5,2805,57,0.717,3.24,67.0,90.7,0
10875,57906,0.388,4,8329,28,0.845,1.55,64.5,29.7,0
10363,53353,0.726,3,3056,40,0.67,3.06,60.7,38.6,0
10749,56775,0.365,0,1954,37,0.62,2.85,55.9,30.8,0
10690,56225,0.237,2,2813,52,0.886,2.81,72.3,47.9,0
10468,54369,0.999,4,1262,47,0.717,3.4,58.5,38.5,0
10058,50568,0.381,2,7295,51,0.657,3.01,79.6,85.8,0
10898,58082,0.898,4,6765,59,0.692,2.08,55.5,33.7,0
10011,50107,1.0,2,8177,53,0.921,3.22,63.8,73.1,1
10884,57963,0.868,3,8793,51,0.623,3.42,96.1,85.3,1
10991,58929,0.946,1,1124,46,0.768,2.98,54.1,54.5,1
10913,58228,1.0,2,7329,71,0.574,2.98,57.7,62.9,1
10327,53020,0.849,5,7284,60,0.562,3.96,78.7,76.0,0
10001,50015,0.862,0,8799,53,0.65,3.3,52.9,61.7,0
10524,54839,0.285,2,5274,68,0.649,3.5,63.5,52.6,0
10701,56333,0.325,6,8818,69,0.76,3.46,60.8,74.4,1
10029,50287,0.997,3,2285,56,0.449,3.59,93.8,84.1,0
10898,58080,0.235,2,7038,38,0.653,2.3,57.6,51.2,1
10340,53127,1.0,5,4225,33,0.982,2.49,52.5,23.7,1
10544,55010,0.86,7,1713,72,0.724,3.02,71.1,67.5,0
10314,52907,0.472,1,4104,62,0.758,2.44,60.9,46.3,1
10433,54011,0.749,4,5529,69,0.64,4.27,78.3,71.1,1
10536,54951,0.31,2,4051,54,0.883,2.57,79.5,50.9,1
10658,55957,0.009,0,1125,28,0.864,2.4,43.5,42.9,0
10420,53863,0.499,5,8056,38,0.908,2.85,65.0,48.5,1
10755,56823,0.573,3,8912,34,0.792,2.19,57.2,45.8,1
10177,51627,1.0,9,8183,56,0.612,3.31,88.5,89.2,1
10904,58144,1.0,3,6143,81,0.481,4.04,81.7,81.2,1
10621,55670,0.978,1,4015,45,0.764,2.79,57.4,43.5,1
10864,57835,0.801,5,6681,56,0.776,1.88,29.6,38.5,0
10783,57083,0.248,2,2945,36,0.798,1.97,46.7,34.9,0
10500,54632,0.776,5,2406,60,0.915,2.24,41.7,38.2,0
10537,54957,0.474,2,8828,52,0.731,3.62,63.5,58.0,0
10578,55301,1.0,5,1084,47,0.937,2.72,56.9,54.1,0
10636,55786,0.866,4,1991,40,0.76,3.19,50.3,71.8,0
10603,55492,1.0,3,5934,62,0.744,3.21,75.9,63.0,0
10157,51473,0.344,4,7524,45,0.794,2.77,47.4,29.7,1
10248,52288,0.513,5,4628,31,0.85,2.26,42.1,42.8,1
10530,54881,1.0,2,2526,72,0.725,3.38,72.5,55.8,1
10307,52841,0.387,2,3714,31,0.899,1.69,43.7,39.5,0
10275,52544,0.95,6,3428,56,0.803,3.35,83.0,82.5,0
10147,51373,0.666,7,8733,62,0.637,4.3,84.1,74.7,1
10293,52710,0.562,4,6575,19,0.827,2.29,32.9,39.3,1
10779,57051,0.446,4,8564,46,0.631,2.43,71.3,52.7,1
10199,51833,0.116,2,8033,57,0.565,2.63,54.7,54.4,0
10976,58813,0.17,0,4612,43,0.804,3.13,58.5,65.6,0
10747,56757,0.909,3,8439,55,0.533,3.32,86.4,49.1,0
10452,54191,0.962,1,7067,45,0.567,2.56,63.4,33.5,0
10845,57650,1.0,3,6336,40,0.593,3.71,57.3,58.3,0
10268,52479,1.0,3,6660,61,0.927,2.68,69.5,65.1,0
10907,58180,0.317,7,2004,52,0.626,3.03,65.8,62.2,0
10991,58939,1.0,3,4099,45,0.696,2.64,43.9,57.4,1
10394,53657,1.0,5,1826,66,0.645,3.99,60.9,75.8,0
10665,56021,0.793,4,3861,40,0.578,3.56,64.5,59.2,0
10341,53133,0.946,2,3644,48,0.591,3.32,59.6,74.3,0
10528,54869,0.966,8,1853,38,0.725,3.37,64.9,100.0,0
10506,54686,1.0,2,1118,61,0.644,3.52,79.3,71.4,0
10076,50731,0.353,4,2266,52,0.638,3.29,56.7,57.6,0
10391,53625,0.914,4,5708,27,0.88,1.68,47.8,34.6,0
10737,56651,0.995,1,7229,66,0.404,3.47,80.1,83.2,1
10226,52073,0.93,2,8046,71,0.666,3.56,75.1,56.8,0
10633,55769,0.534,2,6736,53,0.859,3.25,53.4,45.7,0
10855,57739,0.957,2,4939,73,0.568,3.73,88.7,74.2,1
10785,57112,1.0,3,2306,58,0.478,3.49,66.3,54.2,1
10804,57293,1.0,1,3255,50,0.954,2.47,46.0,31.6,0
10424,53934,0.835,2,4446,59,0.572,3.86,78.4,74.1,0
10336,53103,0.858,2,2809,24,0.929,2.02,47.5,19.6,0
10757,56839,1.0,4,1888,54,0.984,3.16,36.0,53.6,0
10647,55842,1.0,2,7692,49,0.599,3.26,62.0,50.3,0
10923,58334,0.837,3,5429,41,0.702,2.97,67.3,47.2,0
10651,55874,0.624,2,5828,56,0.792,2.75,76.4,59.2,0
10574,55278,0.479,5,8287,79,0.521,3.9,90.2,67.2,0
10671,56058,0.926,1,5713,38,0.571,2.7,57.8,39.3,1
10215,51982,0.819,1,6866,56,0.795,3.46,77.7,69.0,0
10328,53033,0.825,5,6342,54,0.737,2.49,62.7,45.1,1
10668,56040,0.229,4,3790,59,0.611,3.33,59.6,58.9,1
10729,56580,0.309,2,6973,21,0.698,3.0,66.6,61.7,0
10442,54100,0.475,4,6461,45,0.684,3.86,62.9,55.3,1
10231,52099,0.314,3,2178,47,0.716,3.18,49.4,26.1,0
10737,56650,0.602,4,5763,65,0.585,4.02,71.1,60.8,1
10236,52143,1.0,1,1359,63,0.692,3.09,53.6,52.8,0
10776,57025,0.282,7,2306,37,0.658,2.87,50.2,61.1,0
10304,52819,0.78,6,1892,61,0.749,4.34,95.0,90.2,0
10245,52252,0.683,6,2633,96,0.662,3.91,93.0,100.0,1
10895,58057,0.946,3,6498,62,0.613,3.11,74.0,75.8,0
10507,54701,0.52,6,5922,49,0.924,2.39,44.6,42.2,1
10152,51418,1.0,9,7591,70,0.511,4.02,87.6,76.7,0
10993,58950,0.395,0,5797,57,0.786,2.3,47.3,56.6,0
10052,50510,0.777,7,8242,43,0.546,3.81,83.0,55.1,1
10408,53781,1.0,3,8431,76,0.582,3.32,67.1,65.2,1
10836,57566,0.787,3,4191,66,0.646,3.09,64.2,64.1,0
10158,51480,1.0,6,2837,61,0.623,3.18,67.0,71.4,1
10626,55712,0.263,6,7189,35,0.568,2.71,67.0,67.8,0
10869,57865,0.989,2,931,41,0.844,2.02,51.0,38.4,0
10022,50222,0.951,4,7408,65,0.573,3.71,70.8,61.2,1
10830,57522,1.0,3,4893,61,0.634,3.06,67.7,72.3,0
10083,50790,1.0,5,8957,67,0.684,3.32,81.8,52.0,1
10440,54085,0.449,2,2933,46,0.484,3.53,84.2,78.9,0
10713,56434,0.97,2,4012,52,0.709,1.83,57.1,58.1,0
10633,55763,0.367,2,7733,54,0.611,2.69,52.2,46.3,0
10243,52214,0.577,5,1743,54,0.699,3.48,72.1,75.0,0
10442,54103,0.412,2,1655,45,0.725,3.62,62.6,51.1,1
10150,51401,0.297,1,4982,55,0.74,2.03,66.5,51.4,0
10502,54656,0.363,4,3592,72,0.644,3.92,85.4,76.8,0
10755,56824,1.0,0,6267,41,0.64,1.77,65.2,57.4,1
10372,53465,0.772,5,3026,67,0.6,3.03,64.1,54.9,1
10145,51350,0.792,3,6469,34,0.716,2.36,41.2,40.3,0
10964,58699,0.695,1,2808,54,0.596,2.98,84.3,82.1,1
10802,57263,1.0,6,4074,52,0.611,2.16,57.3,44.4,0
10080,50762,0.698,2,1806,27,0.769,2.59,57.8,29.5,0
10012,50120,1.0,1,4054,74,0.583,3.72,87.6,95.0,0
10821,57418,1.0,5,3414,57,0.569,2.78,62.2,50.1,0
10188,51748,0.34,1,8252,28,0.806,2.54,38.9,44.2,1
10919,58290,1.0,5,4577,46,0.886,3.05,63.7,59.3,1
10569,55230,0.816,3,8089,36,0.922,2.09,48.0,30.5,1
10603,55494,0.797,4,2935,60,0.6,3.8,68.1,76.0,1
10408,53784,0.567,2,3459,65,0.59,3.35,74.7,61.1,0
10131,51223,0.732,2,7727,39,0.693,1.86,18.4,36.5,1
10422,53892,0.99,4,7190,78,0.828,3.28,83.8,75.1,1
10094,50909,0.561,2,1223,51,0.769,2.56,38.8,25.4,0
10626,55711,0.207,0,4778,47,0.597,3.38,74.5,75.5,0
10060,50587,1.0,0,6081,78,0.515,4.57,91.9,100.0,0
10710,56399,1.0,3,6152,27,0.572,2.44,30.0,37.7,0
10938,58469,0.871,3,7007,48,0.925,2.14,43.1,57.1,0
10811,57346,1.0,3,5972,54,0.82,2.65,50.8,41.4,0
10478,54472,0.53,3,5915,67,0.767,3.45,70.0,68.3,0
10550,55077,0.754,5,7970,83,0.867,3.91,91.3,53.7,0
10006,50077,0.547,1,2555,66,0.699,3.48,74.9,50.3,0
10336,53099,1.0,0,7763,33,0.877,1.75,28.3,16.4,0
10984,58881,0.671,3,8494,41,0.624,2.26,41.1,65.5,0
10096,50933,0.832,4,6440,82,0.562,4.07,75.3,82.3,0
10324,52985,0.814,7,6210,77,0.575,3.68,68.2,80.6,1
10060,50583,1.0,5,2379,83,0.655,4.58,92.8,95.4,0
10894,58044,0.871,4,5938,50,0.515,3.01,75.3,53.1,0
10423,53904,0.403,6,2005,75,0.653,4.05,98.1,95.4,0
10833,57536,0.29,3,7680,32,0.753,1.41,44.1,37.7,0
10467,54355,1.0,7,6713,67,0.808,3.49,77.2,65.7,1
10744,56729,1.0,7,7379,65,0.724,3.76,78.5,71.4,1
10538,54961,0.919,4,4484,53,0.854,2.8,62.5,46.6,1
10195,51791,0.38,6,6231,60,0.709,2.65,61.3,47.4,0
10862,57818,0.61,4,5300,84,0.663,3.73,87.8,91.8,0
10918,58277,0.291,5,6904,70,0.573,3.25,72.7,61.3,0
10310,52866,1.0,1,4986,69,0.544,3.39,83.8,83.8,1
10275,52550,1.0,5,7806,55,0.8,3.28,70.9,59.3,1
10171,51579,0.286,4,2256,68,0.795,3.37,86.3,74.5,0
10345,53166,0.415,1,8997,61,0.925,3.51,67.2,84.1,1
10836,57568,1.0,0,1468,75,0.62,3.66,65.0,74.6,1
10926,58369,1.0,2,1171,60,0.834,2.73,60.9,58.9,0
10720,56508,0.644,2,2817,51,0.707,2.86,74.1,53.2,0
10233,52116,0.176,5,2306,57,0.737,2.65,52.1,62.3,0
10655,55909,0.414,3,3624,67,0.621,3.47,71.5,85.5,0
10665,56012,0.691,5,6823,53,0.654,3.33,67.8,57.0,0
10140,51314,1.0,3,2134,81,0.725,2.89,70.2,75.6,1
10861,57795,0.434,6,8387,64,0.689,4.31,76.3,85.0,1
10058,50564,0.607,3,7325,76,0.536,3.32,68.9,74.1,1
10899,58093,0.146,1,6797,16,0.835,1.63,58.7,43.4,1
10426,53949,0.645,1,8567,26,0.737,2.7,40.7,65.5,1
10643,55822,0.285,1,5851,57,0.708,2.38,41.1,50.0,0
10214,51979,0.112,4,7235,40,0.88,2.45,47.8,30.4,0
10408,53786,0.486,4,8862,65,0.657,3.56,71.7,69.8,0
10247,52267,0.542,8,2805,74,0.747,4.16,84.5,74.5,1
10030,50305,0.382,5,8384,42,0.599,2.88,51.4,62.1,1
10338,53115,0.781,3,6649,65,0.803,3.27,72.1,60.1,0
10725,56549,0.923,6,3829,61,0.675,2.96,75.1,70.0,1
10776,57032,0.692,1,6062,52,0.672,2.86,50.7,61.1,1
10469,54375,0.276,4,922,55,0.701,3.6,80.7,65.7,0
10762,56900,1.0,7,2658,61,0.7,3.61,76.3,77.7,1
10147,51374,1.0,9,7103,58,0.576,3.89,67.8,82.1,1
10313,52895,1.0,5,7917,67,0.624,3.55,82.6,59.2,0
10111,51053,0.415,1,3536,49,0.857,2.93,59.8,42.4,0
10719,56496,0.231,1,6419,49,0.779,3.11,50.8,33.3,0
10366,53401,1.0,7,5731,36,0.652,3.52,63.0,72.6,0
10159,51502,0.398,8,1131,65,0.615,3.65,75.7,68.8,0
10550,55071,0.28,6,3300,76,0.608,3.59,89.0,71.9,0
10369,53439,1.0,2,6310,45,0.68,2.67,72.3,53.1,1
10435,54044,0.513,8,5711,58,0.62,3.8,70.2,73.5,0
10115,51085,0.216,6,5728,52,0.655,3.26,71.6,57.8,0
10610,55567,0.3,1,1325,72,0.591,3.74,70.0,72.8,0
10464,54326,0.458,3,6718,65,0.634,3.03,64.8,63.8,0
10665,56023,0.54,1,2983,54,0.659,2.75,72.5,52.2,0
10996,58979,0.414,3,7736,38,0.773,2.69,28.3,17.3,1
10743,56722,0.348,3,5160,62,0.677,3.94,84.2,96.2,0
10238,52167,0.359,5,8099,89,0.729,3.74,84.5,89.4,0
10979,58827,0.347,4,5378,80,0.814,3.53,82.6,89.6,0
10341,53129,0.374,4,7167,60,0.673,2.64,66.9,67.2,0
10348,53210,0.552,0,2693,53,0.632,2.6,49.8,40.5,0
10291,52685,0.83,3,1452,35,0.779,2.34,52.3,39.7,0
10285,52629,1.0,6,8267,77,0.476,4.44,86.2,93.6,0
10851,57702,0.95,0,3914,52,0.807,2.67,53.9,44.3,0
10912,58222,0.332,2,4161,26,0.823,1.84,27.8,22.2,0
10139,51298,0.488,1,3804,38,0.67,3.6,63.1,64.4,0
10310,52861,0.464,7,1902,60,0.611,3.46,82.6,85.3,1
10466,54349,1.0,7,2533,80,0.799,3.81,96.1,86.8,1
10668,56033,1.0,4,4936,54,0.623,4.02,70.2,70.6,1
10465,54335,0.364,5,2448,70,0.567,3.65,72.6,82.9,0
10114,51079,0.403,2,6505,63,0.916,2.78,83.6,80.7,0
10637,55787,0.506,2,2209,55,0.766,2.68,58.2,54.4,0
10870,57880,0.24,7,8788,61,0.735,2.95,73.1,56.4,1
10896,58066,1.0,3,4332,42,0.844,2.2,47.9,47.8,0
10334,53081,0.211,3,1738,65,0.703,2.78,63.4,74.1,0
10003,50038,0.676,0,8362,53,0.8,3.09,62.6,69.4,1
10840,57604,0.203,4,5925,63,0.361,3.83,82.5,68.7,0
10311,52880,0.306,3,7453,53,0.662,2.93,64.0,45.9,0
10001,50020,0.978,6,900,37,0.809,3.15,45.0,51.5,0
10656,55929,0.313,5,2916,63,0.506,4.5,79.0,92.0,0
10091,50880,1.0,4,8784,60,0.553,3.76,82.9,81.7,1
10357,53297,0.364,4,5848,74,0.591,3.75,72.9,77.4,0
10115,51088,0.914,7,8753,75,0.735,3.37,67.9,58.8,0
10325,53003,0.407,1,7393,75,0.554,3.72,87.9,80.4,0
10637,55791,0.743,4,951,61,0.598,3.07,52.3,48.1,0
10056,50539,0.743,2,5420,51,0.923,2.21,43.4,43.8,0
10181,51663,1.0,3,7354,19,0.702,2.43,41.4,36.2,1
10983,58868,0.281,7,4389,45,0.646,3.09,59.3,53.9,0
10575,55283,0.242,3,6220,33,0.807,2.03,23.1,24.0,0
10642,55816,0.508,7,1712,64,0.892,3.72,92.2,92.1,1
10321,52964,1.0,1,7128,45,0.679,3.71,68.5,46.3,0
10469,54374,0.784,0,3054,76,0.658,3.52,74.7,64.1,0
10752,56801,0.896,7,5161,51,0.741,3.06,80.2,52.3,0
10269,52500,0.607,3,4402,47,0.85,1.12,46.0,18.1,0
10439,54078,0.811,0,4733,39,0.781,2.36,59.1,41.1,1
10034,50347,0.854,2,3589,50,0.769,3.15,72.5,86.1,1
10304,52821,1.0,6,1480,68,0.653,4.18,89.6,61.8,1
10318,52946,0.382,2,1740,49,0.774,3.27,89.6,62.0,0
10704,56349,0.903,3,4884,38,0.596,3.16,79.8,55.1,1
10250,52311,0.982,4,7393,66,0.749,3.06,68.4,54.9,1
10756,56831,0.167,0,4599,51,0.833,2.08,53.2,50.1,1
10188,51747,0.388,1,3489,49,0.807,2.23,39.3,44.6,0
10067,50648,0.491,4,7077,41,0.673,2.83,72.0,58.1,0
10690,56227,0.377,6,1900,58,0.813,3.09,78.7,50.1,0
10260,52405,0.99,8,5393,57,0.586,4.21,76.7,76.9,1
10581,55339,0.881,5,3348,63,0.748,2.91,78.2,80.8,0
10358,53306,0.916,1,8512,15,0.911,1.76,46.3,25.9,1
10703,56344,0.542,3,2672,43,0.536,3.01,51.5,59.3,0
10318,52945,0.76,5,2118,60,0.649,3.02,79.3,73.7,0
10358,53308,0.662,4,7701,22,0.929,1.83,37.9,28.1,1
10967,58733,0.652,4,1069,46,0.77,2.96,62.6,30.2,0
10834,57546,0.985,1,4796,38,0.74,2.76,49.4,58.5,1
10078,50744,0.298,5,8468,54,0.712,2.64,51.7,41.3,1
10078,50748,0.732,1,1154,32,0.807,3.08,39.7,57.1,0
10193,51776,0.893,4,4963,36,0.86,3.2,70.5,75.4,1
10967,58732,1.0,5,8354,47,0.704,2.87,62.0,45.6,1
10394,53659,0.798,1,8875,71,0.681,3.98,63.9,74.3,1
10111,51056,0.28,4,6338,51,0.797,2.44,65.4,44.0,0
10216,51996,0.859,4,1298,63,0.622,3.63,70.8,67.6,0
10419,53858,0.689,5,4755,44,0.797,2.85,48.1,50.2,1
10528,54863,1.0,1,1029,52,0.794,2.86,67.3,96.3,1
10195,51795,0.743,5,8002,73,0.746,3.41,50.1,49.0,0
10453,54206,0.24,7,2051,48,0.777,3.12,68.6,54.5,0
10128,51198,1.0,4,3496,70,0.66,3.95,89.9,71.5,0
10568,55225,1.0,6,1487,74,0.505,4.24,83.1,73.1,1
10775,57022,0.4,4,8983,49,0.709,3.13,69.2,52.4,1
10033,50334,0.326,2,5322,57,0.894,1.86,29.2,32.5,1
10998,58993,0.772,3,2183,42,0.766,2.95,54.8,42.4,0
10918,58284,1.0,4,3212,63,0.655,3.92,67.2,65.0,0
10114,51077,0.988,4,3268,65,0.802,3.23,70.3,81.5,0
10825,57471,0.34,1,2759,40,0.685,3.1,42.7,58.5,0
10473,54415,1.0,1,3306,35,0.646,2.53,58.8,37.0,1
10386,53593,0.943,3,5852,27,0.75,2.48,46.9,33.2,1
10759,56860,0.824,3,5914,37,0.706,2.79,65.9,48.6,1
10850,57695,0.434,3,7396,55,0.688,2.84,39.4,61.9,1
10709,56394,1.0,2,8512,36,0.876,1.53,33.4,17.4,1
10917,58274,0.094,6,2420,39,0.811,2.45,58.7,42.1,0
10341,53134,1.0,3,4111,67,0.698,3.08,60.6,69.4,0
10147,51375,1.0,4,8497,63,0.525,3.62,84.0,66.7,1
10186,51721,0.849,3,4929,79,0.631,3.94,83.9,87.4,1
10977,58819,1.0,8,7834,75,0.706,3.45,83.7,62.6,0
10730,56590,0.536,1,8202,54,0.772,2.32,60.7,76.0,1
10508,54713,0.554,0,6181,44,0.661,3.51,71.1,57.4,0
10966,58717,0.352,4,6101,51,0.765,2.78,66.7,54.8,0
10365,53384,0.31,4,5956,68,0.791,3.07,57.3,62.9,0
10433,54002,1.0,7,4354,72,0.638,4.7,90.4,70.9,1
10792,57186,0.509,5,5661,73,0.59,3.02,79.9,72.3,0
10002,50024,1.0,3,5569,63,0.87,3.78,73.2,64.0,0
10168,51570,1.0,6,5622,52,0.57,3.32,80.1,74.1,1
10916,58252,1.0,6,2298,61,0.786,2.71,86.2,55.6,0
10545,55022,1.0,2,1565,31,0.634,2.68,34.9,46.2,1
10550,55075,0.515,5,4235,73,0.789,3.61,74.8,71.1,0
10178,51643,1.0,3,2875,81,0.575,3.45,88.0,76.1,0
10275,52535,0.765,4,2657,56,0.776,2.71,80.2,54.3,0
10412,53814,0.898,1,5678,41,0.805,2.1,30.2,41.4,0
10681,56160,1.0,7,1946,53,0.686,3.74,77.7,88.2,0
10160,51510,0.819,5,6801,51,0.81,3.65,47.1,44.7,1
10397,53687,0.747,2,1831,15,0.865,1.79,35.8,27.4,0
10869,57863,0.177,3,2077,47,0.911,2.06,53.5,44.1,0
10801,57256,0.783,1,7708,27,0.772,1.34,25.9,29.7,1
10509,54719,0.826,3,1950,64,0.698,3.03,86.8,90.8,0
10484,54510,0.968,1,2197,46,0.721,2.81,70.6,49.5,0
10105,51003,0.642,4,8035,35,0.693,2.34,42.0,43.2,1
10208,51920,0.222,3,8361,56,0.916,2.0,46.4,19.6,0
10097,50941,0.467,3,3310,36,0.685,2.65,62.1,40.6,0
10076,50737,1.0,4,1809,67,0.561,4.06,58.6,65.7,0
10628,55724,0.349,2,6943,47,0.936,2.15,31.3,22.2,0
10121,51148,0.153,2,2564,41,0.735,3.33,66.0,71.0,0
10290,52679,1.0,3,3304,33,0.777,2.2,56.6,46.3,0
10165,51544,1.0,1,4079,53,0.665,3.3,60.4,85.4,0
10051,50497,0.491,6,7549,52,0.816,2.75,48.3,43.7,1
10161,51517,0.833,3,3496,63,0.501,4.07,79.4,85.6,0
10792,57189,0.428,5,5030,68,0.711,3.99,79.7,67.1,0
10090,50857,0.325,2,2872,50,0.706,3.11,69.6,66.5,0
10840,57608,0.425,2,8594,70,0.493,3.84,87.3,69.3,0
10002,50034,0.999,2,7527,66,0.714,3.74,78.3,54.3,0
10926,58367,0.347,3,4635,42,0.849,3.36,59.0,51.4,1
10004,50051,0.621,3,3338,76,0.579,4.42,84.0,69.2,0
10840,57613,0.39,4,2314,60,0.531,3.94,83.7,76.6,0
10087,50829,0.164,5,4785,65,0.921,3.3,62.8,62.5,1
10253,52338,0.877,2,2219,73,0.684,3.97,82.9,85.6,0
10268,52493,0.606,5,2026,34,0.831,2.95,66.5,61.1,0
10175,51616,1.0,3,3614,66,0.677,3.51,92.9,80.0,0
10051,50501,0.543,8,2894,54,0.671,3.27,42.3,55.0,0
10716,56459,0.488,4,6335,52,0.738,2.71,57.0,38.1,0
10645,55829,0.304,5,7207,45,0.718,2.41,70.0,61.2,1
10268,52486,1.0,3,7463,46,0.832,2.75,58.0,61.0,1
10317,52933,0.284,1,8518,48,0.702,2.8,48.3,58.5,0
10414,53827,0.806,4,8124,45,0.729,3.08,59.6,53.5,0
10772,56994,0.64,7,1964,69,0.594,2.58,87.2,72.5,0
10785,57117,0.62,7,5137,61,0.572,3.27,63.8,71.5,0
10287,52648,0.262,4,3062,40,0.707,2.3,58.9,29.5,1
10268,52484,0.293,8,4543,42,0.927,2.89,68.7,79.5,0
10257,52373,0.307,1,3755,15,0.855,2.27,53.9,31.5,0
10580,55329,0.712,3,1374,32,0.844,1.79,54.7,44.8,0
10443,54113,1.0,4,5123,66,0.58,3.59,82.5,76.8,0
10025,50246,1.0,4,1887,62,0.567,3.15,61.8,78.5,0
10014,50150,0.424,7,3829,42,0.447,3.25,90.9,74.7,0
10202,51878,0.752,0,7180,37,0.886,2.22,57.0,49.8,1
10018,50186,1.0,5,6330,70,0.767,2.98,66.7,88.4,0
10708,56383,0.917,3,8276,54,0.687,3.55,71.4,71.2,1
10576,55293,0.336,6,2331,41,0.671,2.57,31.9,20.8,0
10895,58056,1.0,6,8230,87,0.524,3.73,73.4,88.0,0
10335,53088,0.451,0,7279,58,0.684,2.39,47.0,58.0,0
10225,52064,0.165,1,6073,17,0.827,1.65,37.9,40.8,0
10857,57757,0.462,4,2181,47,0.825,2.5,50.1,62.6,1
10951,58582,0.339,3,6096,29,0.765,2.22,58.1,40.8,0
10504,54673,0.186,2,7239,41,0.964,2.87,53.3,45.4,0
10965,58711,1.0,5,8224,52,0.634,2.39,63.5,47.5,0
10949,58561,1.0,5,6077,66,0.704,2.78,73.3,62.1,1
10292,52699,0.739,6,8134,61,0.582,3.59,74.7,80.1,1
10679,56122,0.904,3,3467,66,0.529,4.08,88.7,100.0,0
10128,51196,0.793,5,4962,71,0.482,3.5,73.0,79.0,0
10682,56172,0.671,6,1307,65,0.668,3.78,58.1,57.9,0
10057,50551,0.978,4,2970,64,0.742,3.01,76.1,49.5,0
10228,52084,0.548,3,5505,50,0.599,3.52,82.1,71.1,0
10766,56937,0.424,3,6518,48,0.623,3.25,67.3,64.8,1
10001,50018,0.851,5,6381,46,0.827,2.67,45.5,46.2,0
10154,51430,0.71,6,2580,64,0.706,2.79,53.1,74.9,0
10311,52877,0.315,4,3901,33,0.767,2.1,70.8,43.3,0
10113,51072,0.625,5,1640,74,0.697,3.81,83.8,52.5,1
10925,58352,0.501,4,8565,52,0.588,3.58,70.8,81.3,0
10181,51671,1.0,2,1870,28,0.844,2.13,46.9,28.2,0
10476,54451,0.644,5,1983,66,0.724,3.1,55.7,54.2,0
10625,55702,0.679,2,8434,41,0.777,1.7,34.2,49.3,1
10409,53795,1.0,4,3820,46,0.654,2.92,46.3,52.3,1
10448,54175,0.227,2,8395,29,0.761,2.49,45.6,37.3,0
10484,54507,1.0,6,8920,63,0.795,3.34,63.3,42.8,1
10534,54935,0.903,8,3961,59,0.695,2.9,68.7,53.0,0
10623,55688,0.278,4,5471,69,0.744,3.48,75.3,57.6,0
10266,52457,0.89,4,4123,56,0.387,2.52,79.0,68.8,0
10525,54849,0.597,2,8571,65,0.708,2.71,54.4,53.8,0
10165,51551,0.264,7,8795,55,0.672,2.99,60.6,82.6,0
10771,56990,0.554,4,2703,50,0.953,3.13,74.3,47.3,0
10277,52555,0.663,1,7315,48,0.871,1.93,36.3,43.2,0
10681,56148,0.34,7,6097,51,0.654,3.26,78.0,68.2,0
10016,50169,0.177,4,2681,44,0.948,2.59,47.8,34.5,0
10522,54824,0.628,5,3292,62,0.576,3.94,82.2,77.8,1
10261,52408,1.0,6,3175,66,0.575,3.71,81.8,78.9,1
10950,58577,0.805,5,2981,43,0.599,3.16,70.9,50.3,0
10696,56283,0.16,2,6096,44,0.625,2.14,44.1,53.9,0
10957,58648,0.639,3,6288,71,0.653,2.86,82.7,68.0,0
10708,56382,0.45,4,3866,51,0.718,4.16,69.5,69.6,0
10884,57965,1.0,8,1600,57,0.671,3.43,88.7,94.6,0
10430,53972,1.0,1,6486,41,0.768,2.97,71.4,57.4,1
10542,54997,0.657,4,6569,68,0.561,3.55,80.0,75.3,0
10983,58875,0.987,5,5955,62,0.709,2.7,65.2,61.3,0
10143,51340,0.765,3,5030,57,0.901,1.83,40.3,30.5,1
10420,53871,1.0,0,3027,46,0.875,2.76,61.5,47.5,0
10076,50719,1.0,5,8621,57,0.62,2.64,65.1,71.3,0
10752,56803,0.925,9,8045,46,0.823,3.64,79.3,67.5,1
10585,55361,1.0,7,2579,75,0.67,4.2,73.9,46.2,0
10050,50488,0.572,7,6389,80,0.586,3.61,87.4,81.2,0
10609,55557,0.136,4,2669,59,0.795,2.09,61.2,53.0,0
10869,57877,0.763,3,8420,55,0.797,2.22,48.8,45.2,0
10184,51702,0.972,1,8972,37,0.844,2.45,38.7,51.9,1
10658,55954,0.273,1,1947,48,0.82,2.6,37.6,45.4,0
10851,57698,1.0,3,4231,41,0.722,2.41,51.2,43.5,0
10995,58971,0.667,1,2574,42,0.772,2.69,65.2,47.0,0
10271,52518,1.0,2,5584,63,0.849,3.57,64.1,48.3,1
10607,55534,0.846,9,8207,83,0.485,4.56,100.0,78.7,0
10470,54395,0.984,0,8556,39,0.783,1.46,33.1,21.3,1
10493,54576,0.122,5,5676,35,0.869,2.19,36.6,35.0,0
10287,52642,0.597,6,4864,21,0.931,2.8,47.9,22.8,0
10809,57338,0.766,2,3992,27,0.814,1.32,33.0,12.7,1
10423,53906,0.519,5,960,66,0.613,4.33,92.9,95.6,1
10971,58778,0.49,4,2823,41,0.702,3.12,67.6,66.9,0
10584,55352,0.747,1,4749,16,0.782,2.26,40.2,29.7,0
10279,52570,1.0,2,3815,57,0.608,2.75,69.5,61.5,1
10712,56419,0.301,2,5058,64,0.553,3.63,62.8,62.6,0
10879,57935,1.0,3,5827,52,0.632,3.76,61.1,46.4,1
10497,54609,0.524,4,4720,67,0.639,4.5,82.3,64.4,1
10035,50354,0.333,1,4214,41,0.7,1.75,42.7,46.5,0
10371,53460,0.245,4,5922,53,0.599,2.51,48.8,59.5,1
10627,55717,0.432,5,8886,68,0.67,3.65,67.8,72.0,0
10137,51278,0.258,4,5302,51,0.708,3.0,46.8,45.5,0
10270,52511,0.467,1,6199,46,0.779,1.94,47.7,38.1,0
10334,53079,0.944,5,4092,62,0.675,3.15,63.2,62.0,1
10235,52129,0.742,2,2413,25,0.949,1.94,38.9,45.5,0
10960,58673,0.218,6,8053,53,0.983,3.2,71.4,64.1,0
10110,51045,0.083,5,1175,60,0.859,3.15,52.4,66.3,0
10229,52089,0.867,5,4832,47,0.567,1.92,52.3,56.5,0
10705,56361,0.189,8,6594,37,0.874,1.85,54.8,42.2,0
10854,57728,0.78,5,7126,63,0.787,3.65,77.1,70.7,1
10423,53893,0.424,1,8706,70,0.585,4.36,87.9,92.5,0
10857,57756,1.0,5,4509,68,0.586,3.1,58.9,60.8,0
10104,50995,0.365,4,7912,37,0.85,2.36,56.7,51.8,0
10497,54602,0.587,5,2705,82,0.519,4.31,97.2,79.2,0
10047,50454,1.0,7,3827,46,0.57,3.63,79.2,86.7,1
10081,50767,0.314,6,3684,51,0.587,3.38,70.1,58.9,0
10181,51672,1.0,6,6355,29,0.827,1.81,43.3,25.3,1
10626,55708,0.741,6,7323,62,0.706,3.24,75.9,63.1,0
10567,55207,0.964,3,6180,57,0.745,2.99,70.3,54.3,0
10258,52378,0.307,8,3406,80,0.502,3.76,67.3,58.4,0
10071,50683,0.747,2,5695,49,0.674,2.95,52.6,50.0,1
10607,55539,0.628,4,6160,80,0.523,4.35,98.3,79.6,0
10542,54998,0.646,6,3382,71,0.591,3.59,81.0,87.3,0
10917,58270,0.098,2,7948,32,0.85,2.83,61.0,36.5,0
10862,57813,1.0,8,5655,77,0.771,3.49,91.0,89.3,1
10584,55351,0.455,1,3385,17,0.838,1.84,47.7,34.2,0
10306,52834,0.984,3,2134,69,0.552,3.53,68.1,46.3,0
10594,55415,0.584,2,4298,61,0.669,3.51,63.1,56.9,0
10236,52150,0.583,5,7626,59,0.706,3.18,61.5,37.5,0
10324,52987,0.488,3,2443,64,0.564,4.05,88.4,82.7,1
10861,57790,1.0,3,3904,74,0.528,3.92,75.4,100.0,0
10586,55365,0.955,3,6538,16,0.842,2.11,36.6,34.7,1
10111,51057,1.0,4,4540,56,0.757,3.11,57.9,42.4,0
10266,52456,0.977,5,8180,61,0.516,3.03,75.6,70.3,0
10865,57837,1.0,1,1393,61,0.581,3.32,61.7,55.4,0
10423,53915,1.0,6,6480,56,0.543,4.14,87.0,96.2,1
10194,51784,0.222,0,4504,26,0.874,1.8,34.9,33.2,1
10125,51176,0.627,2,8455,74,0.643,3.49,80.8,87.1,0
10508,54705,0.158,0,7203,49,0.719,2.81,69.6,49.3,0
10886,57980,0.553,4,4460,41,0.752,2.89,65.4,35.5,0
10477,54465,0.198,2,5517,45,0.9,2.21,79.2,35.1,0
10127,51184,0.708,2,979,31,0.838,1.47,19.4,34.9,0
10926,58365,0.733,2,4508,52,0.796,3.6,48.6,51.0,0
10160,51514,0.388,2,3787,57,0.734,3.03,57.2,58.0,0
10244,52228,0.787,2,4328,69,0.736,3.82,71.3,70.5,0
10611,55577,0.803,2,2360,84,0.535,3.46,69.8,83.0,1
10043,50430,0.21,3,7396,39,0.82,1.68,38.5,12.7,0
10510,54731,0.247,3,5337,72,0.836,2.98,59.0,57.6,0
10288,52665,0.34,6,3617,64,0.639,3.09,86.2,75.4,0
10888,58004,1.0,8,942,61,0.664,3.31,74.6,61.3,0
10620,55660,0.516,4,1118,47,0.786,3.09,86.5,46.1,0
10208,51919,0.157,4,4082,51,0.994,1.9,51.7,16.7,0
10590,55389,0.144,1,7529,27,0.94,1.88,23.0,26.6,0
10416,53838,1.0,3,6460,38,0.612,2.25,42.7,41.3,1
10914,58236,0.748,5,3434,64,0.721,3.27,70.8,70.8,0
10195,51804,0.52,2,7247,56,0.72,2.92,67.6,36.1,1
10603,55502,0.364,6,1502,59,0.749,2.89,64.3,74.7,0
10999,59002,0.231,3,6205,39,0.721,3.15,52.4,60.1,0
10575,55284,0.056,1,4647,34,0.978,1.81,26.1,16.1,0
10814,57364,0.222,2,4810,40,0.742,3.31,68.4,53.9,0
10067,50638,0.223,1,5711,51,0.51,3.2,72.5,60.2,1
10682,56163,1.0,5,6759,79,0.641,4.01,64.0,60.0,1
10780,57063,0.212,4,7418,56,0.822,2.92,59.3,55.8,0
10024,50234,0.356,3,8852,69,0.718,3.44,64.6,75.6,1
10568,55212,0.458,11,2128,71,0.646,4.0,93.1,75.8,1
10697,56297,0.866,2,935,44,0.809,2.45,50.5,37.3,1
10760,56876,0.789,2,2557,84,0.737,4.48,89.1,47.9,0
10290,52674,0.27,1,3482,15,0.815,1.64,58.5,51.0,1
10324,52992,0.956,6,7255,73,0.568,3.89,81.7,79.6,1
10656,55935,0.624,2,3434,62,0.543,4.71,83.3,92.5,0
10096,50922,0.306,6,4322,89,0.629,3.79,88.2,88.9,0
10825,57464,0.971,0,2412,73,0.842,3.05,41.3,53.1,0
10109,51039,0.145,3,1545,61,0.832,2.26,41.0,44.2,0
10246,52261,0.965,7,8910,50,0.606,2.82,60.6,66.8,1
10374,53481,0.545,4,6294,35,1.0,2.23,47.1,50.5,1
10553,55108,0.178,1,6592,52,0.794,2.05,47.4,48.6,0
10167,51559,0.789,1,6744,39,0.69,2.49,46.3,35.3,0
10960,58666,0.125,1,1122,56,0.986,3.36,59.7,74.0,0
10705,56363,1.0,3,7689,38,0.979,2.14,66.9,48.2,1
10672,56067,0.196,2,5439,41,0.707,2.3,59.9,24.1,0
10747,56763,0.94,8,1245,71,0.603,2.91,87.1,42.1,0
10177,51632,0.249,6,3150,73,0.774,4.06,78.7,86.9,0
10618,55635,0.905,2,4898,28,0.801,2.0,51.8,42.8,0
10924,58347,0.869,3,7446,39,0.794,2.69,53.2,38.1,0
10945,58526,0.32,2,5604,63,0.574,3.03,64.3,37.0,0
10011,50102,1.0,2,1885,64,0.804,2.5,62.2,55.3,1
10031,50320,0.87,4,4194,72,0.635,3.6,84.9,81.1,0
10604,55517,1.0,9,7425,57,0.536,2.79,71.7,68.2,1
10065,50626,1.0,4,7130,54,0.779,2.93,73.7,65.5,1
10398,53709,0.776,1,1977,38,0.93,1.84,32.6,29.4,0
10640,55811,1.0,5,7163,51,0.82,2.65,56.5,59.7,0
10237,52158,0.858,5,3121,45,0.827,2.74,68.3,52.9,0
10311,52882,0.108,0,8738,52,0.721,2.02,62.7,30.8,0
10901,58117,0.196,3,1681,40,0.766,2.78,58.2,38.2,0
10893,58036,0.382,1,3464,32,0.766,1.85,43.1,27.3,0
10303,52803,0.326,2,2545,40,0.634,3.85,68.4,67.5,0
10981,58854,0.283,4,4120,64,0.688,3.67,75.6,59.9,0
10345,53173,1.0,3,3464,74,0.698,3.29,72.6,81.2,1
10033,50335,1.0,2,5640,40,0.86,2.03,33.9,22.0,1
10233,52115,0.251,7,2263,47,0.749,2.73,41.6,68.5,0
10533,54920,0.638,4,8613,57,0.786,3.63,68.7,52.2,1
10380,53539,1.0,4,2624,48,0.691,2.44,72.8,51.0,0
10936,58445,0.705,7,3505,42,0.619,3.71,75.9,73.8,1
10711,56402,0.675,3,4838,69,0.689,3.49,73.4,78.6,0
10047,50462,0.986,10,1606,57,0.587,4.05,81.1,81.6,1
10454,54229,0.458,2,2724,28,0.795,2.22,47.8,46.5,0
10909,58193,0.415,4,8007,56,0.61,3.45,69.6,50.3,1
10693,56253,1.0,2,5814,59,0.861,2.87,74.0,72.4,1
10153,51427,1.0,5,3130,81,0.46,3.96,86.3,96.7,1
10000,50009,0.761,6,1530,33,0.766,2.67,42.6,51.3,0
10954,58617,0.774,3,6032,58,0.766,2.77,67.5,68.7,0
10010,50100,0.926,1,1831,35,0.779,1.7,56.9,49.9,0
10541,54991,0.273,3,7144,33,0.808,2.13,43.8,43.3,0
10281,52587,0.339,5,4179,54,0.692,2.81,75.5,57.4,0
10700,56326,1.0,4,5681,47,0.731,1.68,43.7,45.8,0
10282,52599,1.0,1,4835,51,0.606,4.23,96.1,97.7,1
10159,51503,0.739,5,7284,56,0.755,3.76,75.6,70.4,0
10834,57551,0.935,2,8523,41,0.667,3.06,60.4,52.0,1
10854,57729,0.699,2,5073,53,0.735,3.91,89.2,64.4,0
10651,55870,1.0,5,4933,39,0.787,3.79,62.3,63.9,0
10002,50032,0.298,10,8183,57,0.877,2.97,84.3,73.9,1
10212,51958,1.0,5,8419,53,0.377,2.67,63.5,60.8,1
10369,53442,0.093,5,7125,45,0.627,3.0,55.2,72.8,1
10427,53956,1.0,7,3651,50,0.635,3.88,79.2,59.3,1
10406,53769,0.532,6,2862,61,0.736,2.83,47.7,70.2,0
10091,50867,1.0,8,7128,57,0.543,3.68,85.7,86.8,1
10410,53800,0.773,3,8102,42,0.788,2.67,59.1,42.2,1
10079,50759,1.0,4,8424,58,0.607,3.45,64.7,62.5,0
10703,56339,0.906,3,2232,51,0.624,3.36,52.9,56.5,1
10721,56526,0.747,3,2019,35,0.759,2.88,33.7,40.5,0
10056,50541,0.773,3,4555,57,0.897,1.98,44.9,43.8,0
10894,58045,0.757,5,3122,53,0.564,3.36,63.2,55.6,0
10720,56511,1.0,5,7966,47,0.706,2.76,65.2,53.9,1
10147,51370,0.617,5,3732,68,0.553,3.19,81.7,70.4,0
10824,57453,0.277,3,3412,39,0.675,3.08,73.5,58.2,0
10674,56077,0.846,4,4539,80,0.639,3.02,71.0,67.0,0
10548,55046,0.691,4,8126,49,0.68,1.42,37.3,51.1,1
10592,55404,0.847,4,2621,47,0.803,3.0,65.0,50.2,0
10563,55187,0.902,4,6245,50,0.669,2.63,63.9,45.7,0
10780,57066,0.83,6,4178,53,0.862,2.49,55.3,65.7,0
10298,52749,0.585,6,4083,46,0.612,3.17,60.5,67.6,0
10370,53449,0.491,2,1849,37,0.806,3.63,72.6,52.0,0
10212,51963,1.0,5,8693,50,0.498,2.58,61.6,47.3,1
10183,51689,0.566,2,6500,53,0.664,1.99,26.0,40.7,0
10334,53072,0.805,5,5460,70,0.686,3.24,65.6,68.8,1
10174,51604,0.432,5,7828,57,0.909,2.69,68.0,42.4,1
10272,52522,0.659,1,4125,46,0.63,1.57,36.7,44.9,0
10297,52729,0.522,3,1810,75,0.679,2.95,69.1,56.9,0
10184,51692,0.831,1,1055,27,0.935,2.5,39.1,36.3,0
10128,51189,0.563,4,4730,79,0.644,3.62,84.5,76.7,0
10187,51727,1.0,2,3039,67,0.478,3.43,96.1,84.3,1
10448,54166,0.694,7,7458,38,0.797,2.17,68.6,47.1,0
10128,51200,1.0,2,4134,70,0.652,3.37,88.8,59.8,1
10366,53398,1.0,5,7305,60,0.704,3.5,60.1,65.5,1
10106,51011,0.305,3,3463,62,0.863,3.01,63.3,64.9,1
10121,51143,0.362,2,6973,52,0.762,3.4,48.0,71.3,1
10100,50961,0.782,3,4091,44,0.863,2.58,54.7,45.0,1
10859,57780,0.5,5,1839,83,0.557,3.48,75.6,80.1,0
10368,53423,0.234,3,5767,28,0.624,1.62,27.3,16.2,0
10268,52482,0.186,2,5360,52,0.881,3.08,74.4,61.0,0
10062,50602,0.501,2,8408,29,0.879,1.48,35.6,21.6,1
10309,52856,1.0,5,6804,16,0.883,2.39,58.4,23.1,1
10502,54657,0.512,7,4854,65,0.598,4.11,66.9,79.0,0
10254,52349,0.259,1,3033,60,0.782,3.41,73.8,60.6,0
10233,52112,1.0,4,1368,57,0.731,2.46,44.8,64.8,0
10907,58172,0.385,2,3142,54,0.646,2.74,62.9,43.6,0
10086,50812,0.221,5,3219,68,0.697,2.9,68.3,45.1,0
10907,58183,1.0,5,6209,55,0.624,2.81,73.9,45.3,0
10715,56452,1.0,5,7942,63,0.551,2.31,61.2,49.9,1
10123,51154,1.0,3,1510,33,0.825,1.88,39.0,20.7,0
10121,51150,0.371,1,8291,47,0.737,2.75,59.4,63.6,0
10560,55158,0.943,3,8238,43,0.751,3.3,81.1,44.3,1
10953,58601,0.388,5,1407,70,0.632,3.73,81.2,82.6,1
10619,55653,0.231,2,942,46,0.973,3.64,68.0,38.5,0
10404,53747,0.957,6,4974,66,0.605,3.12,55.7,60.4,0
10605,55519,0.609,5,1062,64,0.579,3.52,80.9,66.5,1
10048,50466,0.626,3,7055,26,0.929,2.39,36.3,41.7,0
10972,58786,1.0,4,2802,63,0.611,3.26,78.1,59.5,0
10286,52639,0.223,4,6391,32,0.556,2.19,56.2,42.8,1
10029,50292,0.398,4,1971,75,0.461,3.24,87.8,87.1,0
10633,55765,0.68,5,4441,34,0.806,2.87,41.5,37.0,1
10100,50966,0.591,2,1042,29,0.776,2.27,58.2,40.6,0
10555,55118,0.487,4,8965,29,0.825,2.0,43.9,32.8,0
10970,58749,0.392,2,8330,87,0.503,4.17,84.3,86.1,0
10835,57552,0.24,5,7639,35,0.632,2.57,67.3,40.8,1
10124,51157,0.483,3,4492,68,0.725,3.34,74.4,53.2,0
10149,51384,1.0,4,1906,70,0.741,3.5,89.4,71.4,1
10366,53397,0.304,3,6736,27,0.729,2.96,57.2,78.3,1
10858,57770,1.0,3,1947,45,0.751,2.75,71.7,63.9,0
10975,58806,1.0,4,1463,58,0.718,2.97,54.4,50.5,1
10339,53124,0.493,4,2054,58,0.59,3.77,71.3,53.0,0
10570,55235,0.997,1,7060,48,0.569,2.89,66.2,59.1,1
10138,51288,1.0,1,6000,57,0.744,2.91,63.3,25.5,0
10842,57634,0.6,5,2638,50,0.668,3.64,75.4,67.5,1
10061,50595,0.575,3,4789,15,0.961,0.84,41.2,15.4,1
10918,58285,0.992,4,8887,68,0.624,3.5,74.4,71.9,0
10790,57163,0.262,4,8115,58,0.871,3.1,72.7,49.4,0
10562,55170,1.0,3,5383,53,0.878,3.6,63.7,60.1,1
10135,51254,0.361,8,1806,92,0.644,4.06,85.4,83.8,0
10355,53273,0.964,4,8970,39,0.584,2.03,52.8,30.5,1
10800,57249,0.391,2,3208,61,0.704,3.53,83.6,60.2,0
10158,51489,0.911,3,3762,69,0.7,2.95,69.7,77.2,0
10453,54216,1.0,2,2667,49,0.849,3.24,61.1,53.9,1
10285,52628,0.385,8,8972,71,0.57,4.22,73.3,94.8,0
10335,53091,0.254,3,6124,54,0.49,2.19,57.5,61.7,0
10572,55254,0.654,4,5901,49,0.693,2.62,100.0,73.5,0
10658,55951,0.791,3,2023,33,0.879,1.89,42.3,45.3,0
10502,54652,0.481,5,1737,88,0.555,4.26,79.9,97.4,0
10279,52577,0.961,4,5219,56,0.664,2.66,75.6,58.4,0
10330,53045,0.505,4,2078,74,0.867,4.21,79.4,89.0,0
10111,51058,0.126,2,7002,59,0.893,3.04,53.4,40.1,0
10116,51091,1.0,8,2937,69,0.53,3.55,76.0,85.5,0
10951,58583,0.669,2,5083,45,0.677,2.53,48.5,54.6,0
10325,53001,1.0,5,987,64,0.564,3.96,88.1,78.5,1
10970,58767,0.721,8,6227,67,0.698,3.74,69.1,77.5,1
10096,50928,0.938,3,4098,97,0.645,4.42,87.6,81.1,1
10200,51845,1.0,6,2607,69,0.577,3.68,76.8,77.8,0
10210,51938,1.0,4,1413,74,0.648,2.34,47.0,47.6,1
10547,55042,0.539,2,1610,44,0.598,2.69,61.0,49.2,0
10361,53333,0.58,3,2589,82,0.482,3.54,67.5,67.9,1
10619,55654,1.0,4,5661,36,0.9,3.35,65.9,51.2,1
10921,58308,0.648,2,4252,54,0.861,2.47,47.7,42.3,0
10458,54271,0.621,3,5926,35,0.828,2.22,46.5,30.2,0
10661,55977,0.686,2,8330,27,0.783,1.98,46.3,24.1,1
10221,52037,0.268,0,4716,73,0.778,2.57,67.2,47.0,1
10674,56092,1.0,8,5634,58,0.725,3.33,66.0,70.0,0
10845,57658,0.848,9,7489,55,0.524,3.45,80.5,58.5,0
10823,57446,0.333,4,2909,81,0.675,3.18,74.0,56.1,0
10768,56952,0.843,7,6942,79,0.578,3.83,79.8,74.0,0
10332,53056,0.1,2,2481,21,0.981,2.46,41.1,37.9,0
10259,52389,0.336,5,7879,23,0.837,1.93,51.2,36.1,1
10501,54641,0.224,2,5953,36,0.891,2.46,66.5,44.7,0
10142,51329,0.306,3,8525,44,0.726,3.17,55.0,46.4,0
10611,55574,0.297,5,4697,70,0.529,2.95,71.0,71.6,0
10592,55405,0.76,6,5404,41,0.654,2.49,55.1,55.0,1
10723,56534,1.0,3,7416,69,0.736,3.53,79.3,48.9,0
10600,55472,1.0,5,4880,69,0.566,3.27,86.0,61.2,0
10672,56063,0.407,1,2487,60,0.86,2.19,54.7,23.3,0
10771,56992,1.0,5,3373,48,0.809,3.61,62.8,69.9,1
10559,55141,0.523,4,5011,84,0.56,4.05,100.0,93.9,0
10986,58891,0.97,3,8141,40,0.784,1.81,46.3,38.0,1
10334,53083,0.281,2,6034,66,0.691,3.08,65.3,46.2,0
10568,55213,0.543,3,4907,69,0.598,3.5,82.9,64.6,1
10163,51528,0.195,4,1814,56,0.594,3.34,79.7,94.0,0
10736,56628,0.446,4,8911,55,0.693,3.54,59.7,55.4,0
10922,58325,0.53,4,8518,75,0.443,3.42,86.7,57.1,0
10599,55459,0.297,3,5203,85,0.641,3.27,62.1,71.2,1
10287,52649,0.073,4,3993,48,0.852,2.2,41.8,30.0,0
10579,55318,0.614,5,1442,41,1.0,1.32,26.7,14.0,0
10290,52681,0.878,1,1557,24,0.9,1.61,48.4,29.8,1
10866,57844,0.641,6,3156,70,0.594,3.47,83.3,80.7,0
10485,54520,0.353,1,3904,48,0.832,2.72,56.9,49.0,0
10987,58896,0.654,2,1579,44,0.791,2.55,68.1,48.0,0
10705,56365,0.835,2,7327,48,0.949,2.46,57.7,55.5,1
10744,56736,1.0,2,3908,63,0.684,4.15,91.1,70.9,1
10324,52998,0.372,3,7597,72,0.49,3.91,76.2,86.0,0
10247,52276,0.351,4,7813,60,0.566,4.52,84.2,75.7,0
10854,57730,0.587,6,3110,66,0.784,3.01,92.8,83.9,1
10459,54297,0.523,4,7571,34,0.519,3.9,70.5,43.8,1
10508,54710,0.841,2,7424,44,0.634,3.32,73.7,56.5,0
10886,57981,0.853,2,4673,46,0.737,2.76,61.2,38.1,0
10050,50484,0.305,7,5824,77,0.649,3.62,97.5,86.0,0
10556,55121,0.405,1,5081,15,0.553,1.54,37.4,34.2,0
10107,51023,0.652,5,6647,17,0.903,1.95,44.3,33.7,1
10522,54820,0.299,5,5640,78,0.571,3.68,91.8,93.3,1
10047,50458,0.499,3,7041,65,0.578,3.87,68.0,85.2,1
10493,54583,0.202,2,6931,36,0.789,1.39,45.5,29.0,0
10960,58674,0.355,3,4750,53,0.873,2.73,55.9,63.6,0
10678,56120,1.0,6,1220,28,0.761,2.13,29.6,48.4,0
10188,51746,0.954,2,6024,33,0.75,2.29,48.5,44.9,0
10424,53932,0.41,7,1549,49,0.69,3.49,78.8,83.4,1
10539,54973,1.0,2,1840,59,0.585,3.47,68.4,52.2,1
10484,54513,0.555,7,4111,65,0.635,3.34,65.5,54.8,1
10868,57860,0.439,6,2654,71,0.493,3.83,81.7,59.7,0
10568,55221,0.971,7,4304,59,0.64,4.08,96.2,73.0,1
10373,53470,0.36,2,8270,53,0.628,2.06,57.8,46.5,0
10078,50749,0.974,4,2741,37,0.76,2.45,35.2,57.3,1
10443,54111,0.435,5,4124,76,0.459,3.41,93.9,63.0,0
10699,56322,0.359,4,5268,49,0.574,3.86,95.7,63.3,0
10568,55222,0.308,1,8517,79,0.557,3.82,98.0,89.3,1
10187,51730,1.0,4,8360,73,0.504,3.84,100.0,78.0,1
10549,55063,0.838,4,1348,45,0.883,2.86,54.7,23.9,0
10334,53071,1.0,4,1269,61,0.594,3.07,62.9,57.6,1
10448,54170,0.698,1,1305,51,0.744,2.35,58.1,38.8,0
10479,54475,1.0,3,6841,75,0.727,2.58,66.5,70.0,0
10152,51415,0.965,6,7078,56,0.644,3.72,82.3,87.9,1
10209,51935,0.182,4,4918,49,0.505,3.74,62.3,62.1,0
10467,54354,1.0,0,1136,58,0.813,2.82,75.4,69.4,0
10588,55379,0.531,5,3876,52,0.726,2.89,71.0,42.7,0
10300,52772,1.0,7,7408,36,0.822,2.05,67.7,51.3,1
10841,57622,0.867,2,6539,37,0.734,2.26,55.4,46.2,1
10187,51732,1.0,4,4842,83,0.462,3.86,96.5,74.4,1
10886,57986,1.0,4,4358,56,0.653,2.84,53.9,31.4,1
10408,53782,1.0,6,6407,74,0.651,3.92,74.9,68.9,0
10069,50665,0.66,4,7149,79,0.651,3.93,78.9,85.9,0
10912,58225,0.037,0,7410,17,0.965,1.78,30.6,21.2,1
10089,50842,0.638,1,2887,52,0.735,3.23,76.9,58.9,1
10127,51181,0.778,2,1073,19,0.924,2.02,17.8,22.0,0
10981,58852,0.927,3,7282,65,0.652,3.47,74.9,42.6,0
10088,50834,0.429,2,4259,61,0.834,3.43,51.3,47.4,0
10154,51431,1.0,1,6817,66,0.771,2.65,64.1,73.4,0
10091,50873,0.66,6,5524,59,0.699,2.86,76.4,89.9,0
10949,58568,0.135,5,4602,38,0.521,2.75,71.8,58.5,0
10343,53155,0.411,4,6009,52,0.52,4.08,89.9,79.1,0
10609,55558,0.419,2,4434,57,0.801,2.63,51.0,66.9,0
10544,55016,1.0,6,1380,57,0.693,2.45,73.8,66.9,0
10220,52030,0.973,1,6632,41,0.687,1.83,41.7,32.1,1
10523,54833,0.619,2,2391,57,0.879,2.29,52.8,49.1,1
10979,58826,1.0,4,7990,66,0.941,3.38,88.7,79.4,0
10458,54274,0.201,3,2249,30,0.72,2.23,42.1,41.0,0
10237,52153,1.0,3,1707,49,0.796,2.96,79.5,71.2,0
10594,55413,0.365,2,8690,46,0.59,3.25,71.8,64.2,0
10742,56707,1.0,8,3194,84,0.618,4.23,93.7,82.6,0
10543,55008,0.152,4,1235,39,1.0,3.29,79.8,74.4,0
10575,55287,0.26,2,4464,44,0.812,1.84,25.3,30.2,0
10380,53535,0.09,8,7690,47,0.807,2.69,77.5,46.8,0
10041,50412,0.98,3,5413,62,0.599,3.37,64.4,86.4,1
10993,58949,1.0,2,3477,68,0.802,2.67,47.5,61.1,1
10179,51651,0.685,3,1206,42,0.784,2.85,53.0,51.4,0
10132,51227,0.485,5,6247,72,0.891,3.21,42.5,77.0,0
10268,52485,1.0,5,7720,59,0.874,2.95,68.8,64.5,1
10538,54966,0.601,4,922,34,0.859,2.59,64.3,42.9,0
10778,57047,0.192,6,2310,40,0.74,2.15,54.2,56.7,0
10062,50605,0.816,1,4133,15,0.989,1.63,43.2,23.5,0
10002,50031,1.0,6,8430,68,0.87,3.51,73.5,48.8,1
10026,50264,0.904,3,2726,55,0.75,1.95,51.0,39.4,0
10632,55757,0.105,6,7040,35,1.0,1.39,33.1,21.1,0
10025,50248,0.61,4,3038,50,0.639,3.07,60.2,73.0,0
10089,50853,0.678,7,5367,67,0.705,3.42,82.6,52.0,0
10685,56196,0.175,2,7074,43,0.921,1.66,45.3,24.3,0
10459,54293,0.228,7,952,67,0.485,3.42,76.5,47.3,0
10019,50200,0.358,5,8934,63,0.655,3.04,53.3,52.0,0
10055,50533,0.785,4,2448,61,0.681,2.82,65.6,36.9,0
10470,54388,0.779,1,926,42,0.837,1.83,45.1,22.2,0
10760,56873,0.821,4,5463,74,0.842,4.01,79.3,70.3,0
10784,57098,1.0,6,1191,42,0.466,2.77,61.1,61.6,1
10557,55124,0.701,1,6169,53,1.0,2.11,48.8,31.3,0
10047,50456,0.375,8,5649,56,0.664,4.44,76.7,76.9,0
10571,55246,1.0,6,8760,32,0.748,3.21,65.3,46.7,1
10232,52111,0.975,5,7477,61,0.437,3.14,58.7,57.7,0
10368,53429,0.594,1,5951,49,0.654,0.91,24.1,30.9,0
10400,53718,0.139,6,3649,60,0.818,2.87,69.2,30.7,0
10515,54770,1.0,8,8464,74,0.579,4.13,90.6,100.0,0
10781,57072,0.414,5,921,62,0.898,2.17,65.6,39.0,0
10575,55282,0.601,4,6833,28,0.907,1.26,23.2,20.2,1
10565,55197,0.77,4,5799,41,0.77,2.4,52.9,58.1,1
10674,56086,0.161,2,4617,62,0.741,3.04,68.0,73.0,1
10844,57647,1.0,7,2902,59,0.707,3.15,69.8,68.2,0
10567,55205,0.513,4,5532,68,0.685,2.8,62.2,45.8,0
10637,55793,0.548,1,3447,56,0.611,2.84,57.5,50.8,0
10345,53170,0.515,2,4334,65,0.927,3.69,77.8,90.2,0
10121,51146,0.149,6,4331,65,0.91,3.06,68.3,51.7,0
10168,51569,0.362,3,7440,51,0.56,3.77,82.1,67.5,0
10600,55471,0.861,5,8812,79,0.64,3.31,89.1,72.6,1
10848,57678,0.34,3,8655,35,0.855,2.78,37.6,53.8,1
10336,53101,0.72,3,6607,38,0.898,1.71,37.3,26.4,0
10342,53143,1.0,4,4741,57,0.696,2.91,57.6,56.8,0
10021,50218,0.16,0,7943,24,0.838,2.34,44.7,30.0,0
10106,51006,1.0,0,2260,68,0.725,4.31,62.2,66.9,0
10282,52603,0.384,5,1542,60,0.559,4.2,95.7,95.5,0
10437,54068,1.0,6,4934,81,0.664,4.05,84.5,64.5,1
10878,57921,0.251,4,8366,60,0.857,3.02,67.8,57.0,0
10953,58606,1.0,2,7449,61,0.665,3.26,71.5,74.0,1
10953,58595,0.841,6,3447,65,0.673,3.75,76.9,75.4,0
10973,58790,0.801,1,3049,38,0.753,2.61,70.7,34.5,0
10740,56689,0.668,3,1669,53,0.87,2.29,61.6,53.9,0
10310,52868,1.0,3,4843,72,0.589,3.84,85.4,90.3,1
10070,50676,0.952,2,5291,37,0.856,2.38,70.7,20.7,1
10362,53347,0.32,7,4197,50,0.853,2.96,73.0,60.1,0
10740,56694,0.703,7,3565,48,0.889,2.79,61.9,54.1,1
10788,57140,0.403,6,4621,76,0.537,3.32,84.8,73.5,0
10023,50230,0.167,6,2879,46,0.762,2.82,48.7,50.7,1
10160,51513,1.0,5,5158,71,0.662,3.23,65.2,56.2,1
10440,54088,1.0,2,3971,80,0.697,3.76,78.6,72.0,0
10217,52007,0.693,2,3545,69,0.656,3.19,69.8,61.5,0
10909,58200,0.26,2,2228,59,0.653,3.33,73.7,63.6,0
10867,57849,0.21,3,4677,23,0.853,2.32,50.2,36.8,0
10911,58220,1.0,2,8047,75,0.64,2.59,51.0,29.6,0
10762,56904,0.325,4,5856,58,0.661,3.37,71.3,71.4,0
10712,56420,0.366,4,6245,74,0.695,3.88,60.3,66.4,0
10396,53678,0.402,3,4132,54,0.64,3.1,57.2,63.3,0
10308,52848,0.987,1,6519,29,0.747,1.59,42.4,31.0,1
10465,54339,0.719,5,5246,55,0.593,3.11,89.9,63.8,1
10428,53961,0.118,2,4238,25,0.865,1.74,31.8,23.3,0
10630,55736,0.643,1,1790,30,0.738,2.54,47.8,31.8,0
10497,54604,0.73,4,2140,84,0.621,3.72,85.1,80.5,0
10357,53284,0.366,4,4922,48,0.569,3.34,77.1,79.9,0
10819,57398,0.497,8,1631,48,0.728,3.67,54.0,57.1,1
10244,52246,1.0,6,4296,59,0.431,3.84,85.0,73.0,1
10256,52363,0.21,3,5573,40,0.794,2.75,62.6,35.7,0
10614,55598,1.0,3,2255,47,0.669,2.44,54.5,53.5,0
10033,50338,0.269,1,5112,50,0.83,1.53,41.1,34.3,0
10425,53938,1.0,4,4348,83,0.474,4.59,87.4,70.7,1
10570,55242,0.278,1,2319,52,0.666,3.29,54.4,61.3,0
10928,58384,0.422,4,2598,67,0.506,3.56,84.9,84.0,0
10860,57788,0.702,3,5508,31,1.0,2.76,56.8,49.3,1
10646,55839,0.388,0,5182,34,0.834,1.57,42.8,39.0,0
10977,58817,0.685,9,7204,91,0.693,3.79,82.7,75.1,0
10747,56761,0.963,3,943,57,0.491,3.13,82.0,49.5,0
10236,52146,0.582,1,7221,72,0.682,2.94,53.6,57.4,0
10010,50097,0.677,4,3807,28,0.745,1.87,59.9,57.1,0
10965,58710,0.365,2,2295,63,0.67,3.06,65.7,49.9,0
10683,56177,0.978,5,8691,54,0.617,3.07,64.0,53.0,1
10283,52610,0.877,3,6382,21,0.759,2.48,47.7,28.9,1
10167,51560,0.869,0,1477,47,0.725,2.75,55.3,38.1,0
10751,56789,0.377,2,8857,55,0.774,3.47,68.3,42.5,1
10721,56521,1.0,7,3659,23,0.843,2.81,34.4,33.0,1
10348,53211,0.104,3,2482,57,0.49,2.32,43.6,66.6,0
10918,58281,0.321,4,5154,63,0.754,3.58,69.6,67.8,0
10243,52224,1.0,3,905,70,0.707,3.03,57.8,70.7,0
10107,51018,0.599,0,1297,28,0.999,2.37,42.6,23.7,0
10370,53444,0.368,5,8660,56,0.881,3.36,75.7,55.7,0
10611,55571,0.351,5,8781,77,0.531,3.26,79.3,72.0,0
10440,54086,0.633,5,6287,63,0.516,4.03,84.7,71.8,0
10035,50351,0.864,0,7105,45,0.853,1.87,52.5,46.1,0
10569,55228,0.123,2,8368,44,0.88,2.2,54.4,29.8,1
10469,54384,0.345,6,5095,75,0.648,2.75,73.9,60.6,0
10519,54788,0.124,4,2654,40,0.714,3.31,66.3,59.5,0
10531,54895,0.507,4,928,76,0.44,3.97,95.1,70.2,0
10988,58910,0.356,4,2476,62,0.667,2.88,60.6,47.2,0
10355,53270,0.493,6,5605,42,0.716,2.0,44.3,27.8,0
10501,54639,0.296,0,4218,46,0.827,2.19,55.9,49.9,0
10435,54042,0.303,4,3899,36,0.558,3.37,84.4,62.9,0
10219,52019,0.934,4,2965,44,0.747,2.47,52.7,46.6,0
10502,54660,1.0,8,5964,55,0.644,4.1,75.4,75.8,1
10758,56851,0.826,2,6249,25,0.768,2.59,52.1,36.1,1
10187,51722,1.0,4,7024,79,0.577,3.74,87.0,73.8,1
10568,55215,0.789,3,4917,64,0.534,3.45,88.2,67.7,0
10077,50743,1.0,4,6994,71,0.712,3.51,63.5,62.8,0
10018,50181,0.217,4,8205,47,0.773,3.29,72.3,76.0,0
10118,51116,0.612,2,5937,54,0.834,3.44,73.6,64.3,0
10459,54296,0.984,2,6728,65,0.551,4.05,76.3,54.4,1
10035,50350,0.626,5,3694,28,0.783,1.64,45.5,38.2,1
10867,57853,0.197,4,2269,26,0.861,2.48,54.9,42.3,0
10988,58908,0.968,9,8049,53,0.716,3.39,62.3,53.5,0
10327,53025,1.0,3,2843,76,0.5,3.52,79.2,84.0,0
10318,52949,1.0,6,6912,65,0.791,2.88,85.6,67.8,0
10597,55442,0.947,7,5509,77,0.672,3.88,81.9,61.5,1
10850,57694,0.848,2,5415,36,0.71,2.5,40.5,46.4,0
10007,50082,0.423,7,3759,31,0.788,2.74,41.7,46.9,0
10665,56022,0.968,4,8664,55,0.655,3.11,60.7,49.5,1
10184,51700,0.95,1,4240,38,0.907,2.31,39.5,37.2,0
10311,52885,0.907,4,6015,38,0.707,2.67,76.8,41.0,0
10088,50832,1.0,4,5450,67,0.714,2.94,60.9,63.8,1
10627,55715,1.0,8,5229,48,0.461,3.73,69.8,73.1,1
10155,51447,0.058,4,6563,25,0.832,2.84,50.9,33.7,1
10130,51211,0.932,3,7916,54,0.578,2.38,45.6,42.2,1
10672,56066,0.587,2,6142,52,0.773,1.66,49.1,23.1,0
10877,57916,0.625,3,6935,58,0.732,3.61,67.1,80.3,1
10463,54314,0.163,0,8263,41,0.809,2.62,61.0,32.4,1
10149,51394,1.0,10,7599,70,0.743,3.25,97.3,61.1,1
10510,54732,0.401,7,1651,53,0.861,3.3,74.1,59.0,1
10656,55917,0.39,4,906,58,0.394,4.7,81.6,99.6,0
10741,56700,0.405,1,3557,52,0.704,2.83,55.2,56.5,0
10896,58063,1.0,6,1518,39,0.743,2.05,49.6,42.1,0
10595,55423,1.0,6,7115,80,0.419,4.12,95.3,91.9,0
10866,57843,0.441,7,2797,70,0.527,3.84,74.2,69.9,0
10783,57086,0.65,4,8501,26,0.872,1.85,48.4,53.7,1
10714,56441,1.0,4,4565,50,0.694,2.51,59.1,38.3,0
10983,58871,0.928,5,1000,49,0.646,3.12,68.7,59.8,1
10794,57196,0.34,7,1522,68,0.662,3.44,71.1,77.2,0
10075,50711,0.888,14,4908,74,0.446,4.28,80.0,74.2,1
10506,54691,0.95,3,1524,50,0.594,4.15,82.2,62.0,1
10259,52390,0.323,1,4945,32,0.9,1.86,48.8,44.2,0
10938,58472,0.605,2,8627,53,0.9,2.5,40.2,56.6,0
10737,56654,0.265,3,4414,62,0.594,4.35,77.2,78.3,1
10682,56166,1.0,4,7102,85,0.64,3.68,76.4,58.9,1
10984,58880,0.857,1,6175,37,0.745,2.54,54.1,63.3,0
10607,55538,1.0,6,8944,62,0.565,4.28,100.0,75.9,1
10879,57937,0.725,6,3194,51,0.66,3.09,64.5,50.0,1
10372,53464,0.183,4,3326,53,0.728,2.73,69.1,54.8,0
10591,55398,1.0,6,4767,48,0.819,1.95,58.2,48.9,1
10716,56471,0.438,2,8980,29,0.748,2.73,56.7,27.5,1
10805,57306,0.495,7,1644,64,0.636,3.86,84.5,100.0,0
10121,51140,0.375,3,7162,36,0.756,2.97,61.2,65.0,0
10475,54429,0.586,7,1682,61,0.705,4.2,85.7,81.5,0
10816,57373,0.956,4,4967,28,0.622,2.92,50.6,17.6,0
10593,55410,0.668,3,5850,47,0.619,3.34,55.1,45.7,0
10394,53647,0.959,4,2541,74,0.669,3.96,59.7,72.8,1
10812,57349,0.499,3,2120,68,0.507,3.68,95.7,64.6,0
10668,56041,0.629,2,5730,53,0.544,3.83,74.8,62.5,1
10851,57701,0.883,1,4237,41,0.798,2.51,43.4,50.9,0
10017,50173,0.506,3,5552,49,0.721,2.2,70.1,53.8,0
10633,55770,0.631,2,7550,59,0.811,2.75,49.5,39.8,1
10524,54845,0.453,4,4358,62,0.72,4.11,50.7,45.7,0
10151,51407,1.0,3,8596,40,0.654,2.72,55.4,57.4,1
10291,52689,0.93,5,5086,48,0.783,2.09,40.4,37.6,0
10374,53480,0.188,3,8564,40,0.917,3.1,44.5,60.4,0
10202,51881,0.23,2,2996,32,0.865,2.48,50.2,45.8,0
10266,52465,0.583,2,6379,58,0.443,2.87,70.2,52.4,1
10665,56018,0.309,6,7289,41,0.718,3.37,55.3,75.6,1
10950,58573,1.0,1,4478,58,0.663,3.08,69.1,52.8,1
10295,52717,0.934,4,6652,46,0.958,2.54,53.3,54.1,1
10258,52376,0.237,6,2386,70,0.492,3.33,75.4,86.4,0
10948,58549,1.0,4,8322,40,0.657,3.39,62.4,55.8,1
10419,53856,0.296,2,2956,32,0.804,3.03,53.7,52.6,0
10589,55383,0.091,1,8806,35,0.922,2.47,27.6,19.7,0
10967,58734,0.866,3,8550,49,0.71,3.19,53.7,45.7,0
10287,52645,0.256,4,2254,36,0.727,2.68,28.3,31.0,0
10603,55499,1.0,4,6125,55,0.603,3.12,70.6,69.9,1
10055,50534,0.979,1,3331,62,0.593,2.88,59.5,25.1,1
10173,51598,0.52,2,6122,51,0.876,2.1,30.7,52.7,0
10983,58877,1.0,5,3101,74,0.631,2.51,75.5,53.2,1
10325,53004,1.0,7,3857,66,0.61,3.69,82.3,84.0,1
10005,50066,0.447,3,8420,71,0.714,3.32,72.9,70.0,0
10581,55340,0.261,5,5421,65,0.77,3.41,74.2,68.2,0
10920,58294,0.679,3,2569,57,0.879,2.5,49.0,57.3,1
10036,50355,0.459,2,4561,40,0.768,2.69,43.6,25.8,0
10334,53078,1.0,4,2612,65,0.578,3.0,59.2,69.3,1
10433,54020,1.0,1,4675,79,0.508,4.26,94.6,62.9,1
10840,57606,0.669,2,3530,80,0.566,4.02,87.9,66.2,1
10914,58235,1.0,3,8264,60,0.848,3.46,73.9,55.0,0
10824,57458,0.31,1,5497,58,0.781,2.6,66.6,57.5,1
10428,53965,0.828,0,8281,27,0.931,1.55,39.1,23.7,1
10048,50473,0.172,3,3491,26,0.971,1.5,41.3,24.9,0
10880,57941,0.608,1,5048,39,0.813,1.71,44.4,24.2,0
10955,58623,0.595,5,2712,61,0.76,2.93,57.0,41.6,0
10528,54865,0.879,2,7605,42,0.7,3.41,76.1,87.6,0
10434,54025,0.251,1,5746,54,0.898,1.91,41.8,48.8,0
10139,51296,1.0,2,4290,46,0.748,3.51,68.4,70.4,0
10568,55217,0.492,3,6061,64,0.478,3.67,91.9,88.6,0
10091,50869,1.0,2,2666,49,0.588,3.22,77.7,83.3,0
10805,57300,0.226,5,8704,80,0.724,4.55,93.7,86.6,0
10032,50324,0.453,2,6606,54,0.782,2.22,57.3,35.6,0
10650,55868,0.978,1,4673,30,0.776,2.64,52.6,47.8,1
10447,54158,0.576,8,6865,52,0.63,2.96,58.5,51.1,0
10889,58006,0.559,4,7792,57,0.712,3.04,98.6,89.6,1
10808,57320,0.571,6,8286,73,0.592,3.34,79.6,90.2,1
10550,55072,0.685,1,4151,90,0.784,3.94,85.9,80.5,0
10449,54186,0.663,4,3920,38,0.692,3.23,47.3,55.7,1
10930,58395,0.585,3,7239,28,0.795,2.37,54.0,49.8,0
10327,53018,0.825,4,6896,71,0.575,3.56,82.3,78.6,1
10928,58377,1.0,4,3994,52,0.589,4.21,95.4,72.6,1
10114,51076,0.385,2,8448,66,0.95,3.55,75.4,86.3,0
10534,54924,0.992,6,4074,44,0.86,3.1,58.5,55.7,0
10904,58140,1.0,6,2008,66,0.471,4.14,97.0,81.9,0
10660,55969,0.56,7,6705,46,0.744,3.09,72.9,68.6,1
10271,52517,0.838,4,4305,51,0.769,2.93,64.6,53.1,0
10317,52934,0.212,1,1424,33,0.673,3.22,56.1,60.1,0
10386,53594,0.956,4,2378,27,0.728,2.28,52.5,38.0,0
10729,56575,0.695,6,5260,39,0.69,2.49,62.5,54.1,0
10747,56764,0.984,4,8502,59,0.581,3.39,73.6,43.1,1
10337,53106,0.427,4,8804,58,0.823,2.63,58.1,37.2,0
10599,55460,0.327,6,3159,78,0.59,3.41,62.0,65.0,0
10006,50074,0.826,5,6577,70,0.777,3.03,66.8,53.9,1
10466,54344,0.716,4,6347,77,0.706,4.4,94.1,88.6,1
10454,54223,1.0,1,6700,38,0.869,2.44,55.1,43.0,1
10413,53816,0.248,3,5332,49,0.751,2.0,53.4,44.0,0
10985,58885,0.152,1,6710,25,0.929,2.09,44.7,37.5,1
10699,56318,0.318,3,4105,70,0.535,3.34,86.0,71.0,1
10888,58001,1.0,6,7748,74,0.591,3.22,80.6,70.3,1
10226,52076,0.923,3,914,68,0.645,3.03,69.8,55.8,0
10681,56161,0.287,5,7852,52,0.654,4.19,76.6,68.7,0
10290,52677,0.534,2,3317,25,0.856,1.86,48.0,42.2,0
10187,51731,0.671,8,3179,81,0.355,3.85,89.1,83.4,1
10918,58280,1.0,2,8071,62,0.725,3.67,67.3,75.1,1
10769,56964,0.57,1,8455,62,0.78,2.92,74.0,77.4,1
10539,54971,1.0,5,5051,53,0.617,3.64,66.8,48.8,0
10649,55857,0.211,2,7932,43,0.718,2.54,45.5,38.9,1
10942,58498,0.308,9,2118,55,0.643,3.96,83.3,76.3,0
10705,56364,0.187,2,1839,46,0.894,2.75,65.3,42.6,0
10131,51220,0.583,3,5959,44,0.562,1.55,31.0,17.3,0
10610,55565,0.956,3,8965,79,0.688,3.8,68.8,74.4,0
10894,58038,1.0,4,6670,68,0.682,3.35,62.6,44.2,0
10419,53853,0.826,1,7028,50,0.812,2.68,58.0,61.5,1
10737,56649,0.427,4,4782,71,0.484,3.79,74.8,76.9,1
10378,53515,1.0,1,2143,74,0.599,3.17,90.4,80.8,0
10768,56953,0.761,4,2639,63,0.741,4.42,69.6,58.3,0
10046,50450,1.0,6,6984,65,0.51,4.08,73.8,77.5,0
10275,52549,1.0,4,1456,56,0.74,3.41,75.3,63.1,1
10467,54353,1.0,2,4794,53,0.819,2.97,71.2,61.5,1
10623,55683,0.57,3,4535,65,0.631,3.14,71.3,50.0,0
10531,54902,0.586,6,7550,87,0.506,4.51,83.1,64.6,0
10018,50178,1.0,6,2899,66,0.808,2.49,68.4,88.5,0
10014,50133,0.917,3,5834,59,0.477,4.03,77.3,71.0,1
10801,57260,0.0,3,8779,32,0.673,1.37,29.7,16.6,0
10618,55638,0.731,2,2003,38,0.89,2.49,55.3,41.0,1
10282,52593,1.0,7,3702,66,0.567,4.26,93.0,96.7,1
10000,50001,1.0,2,2958,53,0.861,2.89,44.1,65.6,0
10264,52447,0.672,3,4685,52,0.685,1.86,41.0,20.4,0
10852,57711,1.0,5,6364,52,0.599,3.8,78.5,73.1,1
10619,55650,1.0,6,7698,63,0.883,3.47,62.3,33.0,1
10279,52575,0.619,5,4165,66,0.666,2.95,75.4,61.5,0
10802,57272,0.349,1,7968,58,0.597,2.88,66.9,50.8,0
10327,53019,0.337,4,2078,64,0.54,3.94,85.7,60.9,0
10779,57050,1.0,4,3485,46,0.697,3.04,64.4,41.7,0
10572,55251,0.291,4,5690,69,0.648,2.59,93.7,64.1,0
10821,57416,0.273,2,2147,67,0.644,2.26,74.5,41.7,0
10531,54884,0.558,7,8757,72,0.545,4.39,93.4,70.9,0
10174,51607,0.871,5,5527,45,1.0,2.33,54.0,39.5,0
10254,52359,0.828,2,6226,53,0.736,2.96,69.6,59.2,0
10555,55115,0.96,2,7586,39,0.793,2.31,47.6,27.9,1
10484,54511,0.686,3,1282,57,0.835,2.58,75.0,42.1,0
10574,55280,1.0,7,7145,75,0.404,4.44,95.7,88.4,1
10041,50409,0.699,2,6587,51,0.625,3.36,71.9,76.6,0
10170,51576,0.808,0,3649,36,0.779,2.68,47.9,33.4,0
10515,54757,1.0,2,5802,65,0.437,4.11,96.0,82.1,1
10108,51028,0.358,1,3193,46,0.85,2.78,49.8,47.1,1
10015,50158,0.391,1,8365,47,0.804,2.52,46.9,47.0,0
10039,50389,1.0,3,4511,53,0.714,2.79,68.0,63.7,1
10192,51771,0.617,4,2796,76,0.639,2.58,75.8,59.8,0
10777,57034,1.0,2,4795,29,0.837,1.69,33.8,32.3,0
10920,58303,0.935,2,6701,48,0.819,2.37,39.6,46.5,0
10414,53820,0.84,2,7302,30,0.584,2.89,56.8,56.0,0
10740,56680,0.359,3,4804,35,0.81,2.54,51.7,53.4,0
10655,55904,0.615,3,4870,64,0.5,3.68,67.9,71.8,0
10075,50713,0.995,8,5244,62,0.532,3.85,90.2,81.8,1
10547,55036,0.586,3,5740,44,0.542,2.59,67.6,47.8,0
10052,50511,0.34,3,1881,35,0.643,3.71,80.3,79.8,0
10112,51062,0.743,2,1773,51,0.681,2.44,49.0,56.7,0
10566,55200,0.526,3,8889,56,0.784,2.84,77.1,72.2,1
10619,55640,0.472,3,7701,57,0.917,3.35,66.5,46.8,0
10719,56503,0.082,3,1502,40,0.511,2.59,53.2,42.6,1
10646,55838,0.013,2,8387,19,0.88,2.17,50.2,40.8,1
10899,58090,0.565,3,3256,26,0.859,2.41,47.4,52.9,0
10646,55832,0.736,4,7124,28,0.906,2.06,42.8,34.6,1
10719,56500,0.145,4,5681,32,0.732,2.94,49.6,43.2,0
10341,53131,0.401,2,8803,62,0.697,3.08,60.5,72.9,0
10684,56188,0.932,2,5893,15,0.782,1.63,31.8,30.9,1
10916,58251,1.0,5,2416,54,0.742,2.92,80.9,72.2,0
10808,57317,0.901,6,8039,65,0.633,3.73,87.2,76.4,1
10899,58087,0.87,1,2171,23,0.828,1.59,40.8,48.7,0
10454,54232,1.0,4,3818,22,0.913,2.15,59.6,33.8,0
10629,55730,1.0,3,3348,52,0.539,3.31,60.1,52.9,0
10335,53092,0.745,2,5175,34,0.628,2.75,57.1,60.8,0
10372,53468,0.249,2,5333,51,0.657,3.16,65.8,60.6,0
10798,57237,1.0,3,3533,53,0.584,3.41,56.2,65.6,1
10823,57440,1.0,3,7152,68,0.553,3.62,64.5,52.7,1
10288,52652,0.439,3,4785,70,0.644,3.53,79.7,71.6,0
10967,58738,1.0,1,8687,66,0.669,2.75,60.5,47.0,1
10445,54133,0.897,1,6226,37,1.0,1.85,40.6,34.6,0
10573,55268,0.336,1,3973,67,0.686,3.97,89.7,80.7,0
10511,54741,0.437,3,6281,27,0.699,2.15,36.7,42.1,1
10435,54054,1.0,5,2200,41,0.559,3.72,76.8,77.7,0
10084,50795,0.749,7,7588,73,0.586,3.72,94.8,67.3,1
10905,58158,0.502,1,4978,30,0.854,1.86,46.7,33.2,0
10663,55991,0.742,6,8485,65,0.805,3.11,59.3,66.5,1
10381,53545,0.991,2,2747,44,0.811,2.57,62.5,66.4,0
10421,53880,1.0,3,4116,44,0.573,1.99,38.9,20.1,0
10025,50252,0.215,2,7595,52,0.655,3.38,62.9,69.9,0
10353,53249,1.0,1,4442,84,0.542,3.9,86.7,68.4,0
10918,58283,1.0,4,6256,66,0.688,3.23,60.7,64.8,1
10548,55051,0.958,3,5851,31,0.759,1.15,43.7,53.1,1
10266,52466,0.302,7,8037,57,0.426,2.61,77.0,54.2,0
10614,55595,1.0,2,6660,25,0.597,2.8,44.9,60.6,0
10915,58243,1.0,2,6381,37,0.638,2.39,59.8,51.7,1
10314,52908,0.976,4,6832,42,0.809,2.36,58.4,62.3,1
10905,58162,0.146,4,1123,31,0.858,2.29,51.6,27.5,0
10132,51234,0.91,8,7107,77,0.752,2.61,46.5,73.6,0
10212,51964,0.744,6,7096,56,0.426,2.55,73.1,57.0,1
10911,58210,0.728,2,4007,58,0.563,2.31,62.6,49.8,0
10515,54765,0.537,4,6470,76,0.62,3.75,95.4,91.6,0
10674,56088,1.0,0,7731,61,0.729,3.03,56.8,64.8,1
10771,56993,1.0,3,2631,57,0.84,3.37,67.2,59.8,0
10180,51657,1.0,6,5140,54,0.994,2.75,42.7,23.7,0
10204,51889,0.556,2,6165,54,0.626,2.86,46.0,56.4,0
10357,53285,1.0,8,1045,58,0.692,3.34,72.8,79.0,0
10836,57563,1.0,6,3501,61,0.602,3.11,65.2,71.1,0
10500,54636,0.233,1,7969,43,0.848,1.7,38.1,30.8,0
10458,54272,0.686,1,7878,23,0.912,2.14,58.2,38.3,1
10270,52509,0.4,1,4165,50,0.843,2.21,46.6,38.3,0
10460,54302,0.684,3,7640,61,0.634,3.42,80.5,65.4,1
10500,54630,0.723,4,4362,52,0.928,2.01,38.3,33.0,0
10750,56782,0.999,1,3319,28,0.906,1.98,44.9,27.4,1
10638,55796,0.284,3,4092,39,0.816,1.37,23.0,45.3,0
10375,53498,1.0,3,2545,57,0.728,3.55,78.8,68.1,0
10357,53300,0.809,5,8500,56,0.504,3.35,76.0,82.0,1
10503,54661,0.178,7,2564,60,0.721,2.35,62.9,66.2,0
10329,53036,1.0,1,6472,65,0.765,2.67,74.6,61.3,1
10219,52023,0.846,0,8757,43,0.604,2.64,50.0,52.5,1
10064,50612,0.867,3,6687,34,0.844,2.71,43.6,37.3,1
10586,55372,0.222,5,2461,36,0.801,1.91,34.9,44.6,0
10732,56605,0.909,1,6001,23,1.0,1.53,21.1,29.5,1
10199,51841,0.861,2,1857,52,0.647,1.97,53.8,60.8,0
10545,55024,0.225,4,2154,44,0.72,2.85,51.0,37.9,0
10438,54075,0.301,4,2226,76,0.751,3.56,67.6,58.3,0
10901,58116,0.696,3,6704,57,0.851,2.43,61.4,34.7,0
10749,56774,0.7,2,7925,37,0.668,3.28,47.0,39.0,1
10381,53541,0.702,3,5092,37,0.655,2.46,56.8,70.7,1
10425,53940,0.402,6,6074,64,0.571,4.11,86.9,81.7,0
10279,52573,0.729,4,1861,64,0.597,2.61,76.7,62.4,0
10685,56197,0.204,3,1040,42,0.963,1.53,52.5,38.7,0
10808,57337,0.427,4,2197,51,0.547,3.93,90.4,88.0,0
10052,50504,1.0,5,5795,42,0.688,3.84,72.8,74.1,1
10803,57289,0.528,1,6680,79,0.659,4.31,79.8,84.8,0
10027,50275,0.486,2,7801,64,0.788,3.31,80.5,70.1,0
10144,51346,0.777,1,4975,29,0.53,1.27,38.8,44.2,0
10514,54756,0.492,0,7337,44,0.913,1.69,37.6,38.8,0
10606,55528,1.0,2,6594,61,0.663,3.37,60.3,62.4,0
10442,54099,0.162,3,1309,64,0.773,3.5,47.8,68.1,0
10343,53154,1.0,6,1110,75,0.504,3.45,79.5,83.6,1
10744,56740,0.318,6,7545,73,0.803,4.19,89.6,83.7,0
10416,53835,0.321,7,5844,50,0.707,1.89,47.0,46.4,0
10552,55091,1.0,4,1582,68,0.55,4.42,97.8,49.7,0
10772,56998,0.522,3,5719,76,0.549,3.57,80.8,65.0,0
10343,53147,0.81,3,3847,79,0.423,4.39,82.2,73.0,1
10425,53945,1.0,9,4135,86,0.498,4.16,95.1,85.5,1
10071,50684,0.991,5,3987,35,0.62,3.06,54.4,55.3,1
10550,55068,0.824,8,3960,86,0.724,3.96,85.8,70.8,1
10104,50998,0.277,1,1455,41,0.88,2.28,45.1,49.5,0
10237,52151,0.619,6,2546,42,0.743,2.75,65.7,50.5,0
10188,51738,1.0,4,6936,30,0.765,1.96,37.0,35.9,1
10125,51177,0.522,4,7821,80,0.632,4.02,85.6,78.8,0
10145,51347,0.812,6,3519,41,0.599,2.38,53.6,46.1,1
10389,53618,0.836,6,1991,73,0.581,3.65,74.5,85.2,0
10078,50745,0.52,6,8254,47,0.679,2.87,50.6,59.7,0
10854,57732,0.883,4,6706,46,0.74,3.61,88.6,58.0,1
10613,55585,0.672,3,5891,68,0.647,3.72,70.9,65.7,0
10639,55805,0.188,3,2298,71,0.888,3.02,68.6,54.8,0
10932,58408,0.628,6,3646,58,0.563,2.89,76.1,65.6,0
10186,51719,1.0,7,6617,73,0.537,4.26,91.1,81.1,0
10469,54386,0.521,6,6602,80,0.766,3.77,74.9,61.6,0
10245,52250,1.0,4,5617,77,0.608,4.11,100.0,91.5,1
10389,53617,0.755,9,4201,59,0.626,3.65,84.6,84.7,0
10679,56129,0.857,7,8899,70,0.579,3.82,81.6,98.4,0
10664,56005,0.167,2,3141,57,0.706,2.76,73.1,80.8,0
10424,53933,0.409,3,2862,55,0.716,3.99,77.9,90.9,0
10760,56869,0.886,4,7987,53,0.734,3.68,89.5,80.9,0
10073,50694,1.0,6,5721,46,0.829,2.71,62.0,54.4,0
10050,50486,1.0,5,1917,74,0.645,3.42,94.9,80.8,0
10352,53245,0.835,1,4838,50,0.662,2.74,44.6,42.3,0
10644,55824,0.76,2,921,48,0.714,2.97,67.7,73.3,0
10102,50983,1.0,5,7339,70,0.664,3.72,81.2,91.8,1
10770,56969,0.601,5,1059,48,0.478,3.49,79.1,78.6,1
10006,50080,0.935,2,4394,72,0.69,3.46,71.9,58.9,0
10757,56837,0.942,7,8780,65,0.904,2.69,44.6,36.1,1
10395,53662,0.866,2,6984,54,0.849,1.09,49.9,38.0,0
10603,55493,1.0,5,5454,57,0.682,2.9,69.6,68.8,0
10219,52026,0.277,4,5112,52,0.621,2.4,52.3,60.2,1
10550,55073,1.0,3,6633,80,0.795,3.49,85.3,59.2,1
10979,58836,0.58,4,8472,89,0.879,3.32,94.5,77.5,0
10718,56492,0.27,2,7304,62,0.665,3.0,65.6,57.4,0
10443,54105,1.0,10,6559,75,0.556,3.88,73.7,83.2,1
10740,56688,0.957,3,1937,47,0.936,2.56,66.9,39.6,0
10180,51660,0.772,3,1831,54,0.962,2.05,52.5,31.0,1
10046,50446,0.43,2,6445,64,0.519,4.05,69.1,62.3,1
10744,56726,0.962,4,7775,63,0.745,4.07,77.1,66.1,1
10802,57265,1.0,2,4026,56,0.591,2.79,64.5,58.3,0
10354,53266,0.272,2,1611,52,0.769,3.36,71.8,67.1,0
10475,54442,1.0,4,1305,72,0.561,4.05,85.8,75.2,1
10347,53203,0.908,1,4371,19,0.955,1.45,44.7,37.6,1
10312,52889,0.401,1,6088,66,0.667,2.9,59.6,39.9,0
10711,56406,0.774,4,4830,68,0.653,3.39,82.9,66.5,0
10330,53039,0.36,5,1058,73,0.639,3.49,77.0,93.3,0
10271,52516,0.905,6,6074,65,0.841,2.96,72.0,40.1,0
10820,57414,0.384,8,2601,48,0.701,2.97,88.7,65.1,0
10956,58640,1.0,3,2242,60,0.605,3.9,72.2,81.9,0
10006,50069,0.659,4,2997,67,0.808,3.28,75.8,62.4,1
10536,54948,1.0,2,3551,56,0.905,2.77,65.9,62.9,0
10004,50049,0.537,3,4411,66,0.577,3.81,69.2,59.7,0
10111,51054,0.584,1,7185,48,0.853,2.92,67.6,50.9,0
10284,52616,0.477,6,6002,40,0.641,3.68,63.2,78.6,1
10468,54368,1.0,4,3729,52,0.686,3.21,63.2,34.4,0
10701,56327,0.227,3,7405,70,0.615,3.55,66.6,70.0,0
10895,58052,1.0,3,1790,63,0.441,3.46,76.7,80.8,1
10368,53430,0.184,0,5488,33,0.739,1.75,30.1,6.8,0
10896,58064,0.836,1,3626,17,0.827,2.83,56.1,35.7,1
10704,56350,1.0,5,2872,58,0.437,2.94,76.6,48.2,1
10812,57355,0.427,7,982,64,0.578,4.06,95.7,62.5,0
10337,53108,0.307,0,5459,39,0.814,2.29,64.7,41.2,0
10156,51468,0.502,2,1301,50,0.535,2.08,44.1,52.6,0
10989,58919,0.232,3,5970,38,0.723,1.69,41.4,25.4,0
10039,50394,0.329,2,2922,64,0.728,3.1,55.2,60.2,0
10918,58278,0.283,4,6194,66,0.632,2.92,72.2,70.2,1
10023,50231,1.0,1,7397,54,0.829,3.19,53.8,38.9,0
10141,51321,0.491,6,8496,44,0.799,3.0,52.8,58.7,1
10003,50042,0.199,6,5603,57,0.776,3.07,57.1,56.1,0
10850,57691,0.305,5,7622,30,0.713,2.52,41.8,49.0,1
10800,57251,0.405,5,3972,75,0.724,3.49,72.9,55.6,0
10876,57912,0.791,1,7047,33,0.883,1.71,30.0,20.8,0
10529,54873,0.651,5,8041,41,0.869,2.62,54.5,46.0,1
10195,51794,0.521,3,5189,70,0.675,2.47,60.7,61.2,0
10542,54996,0.462,4,5638,67,0.597,3.58,75.5,80.6,1
10579,55315,0.651,4,5740,58,0.95,1.97,37.8,13.4,0
10787,57134,0.684,0,8901,31,0.886,1.67,31.9,38.7,1
10614,55596,0.819,0,5582,43,0.721,2.46,56.3,51.9,0
10141,51324,0.535,3,1399,22,0.844,3.09,51.7,53.2,0
10580,55325,0.222,1,8653,25,0.921,2.02,61.3,27.9,1
10699,56316,1.0,5,6188,69,0.788,3.58,79.2,76.8,1
10243,52226,0.277,3,6373,50,0.674,2.78,72.2,72.7,1
10158,51492,0.903,4,8195,74,0.687,3.25,69.8,64.7,1
10996,58980,0.181,5,1006,29,0.852,1.75,27.2,11.3,0
10744,56731,0.524,3,3950,66,0.689,4.11,86.1,77.0,0
10005,50062,0.552,3,6806,59,0.673,3.56,70.6,85.6,1
10770,56978,0.367,5,2873,53,0.558,3.5,67.3,73.9,0
10843,57639,0.606,1,4507,23,0.624,1.9,52.2,43.5,1
10954,58618,1.0,3,6115,42,0.703,2.47,69.7,60.7,0
10573,55261,0.856,3,2059,72,0.731,3.63,79.1,81.0,0
10041,50403,0.319,1,5464,58,0.686,3.33,77.0,74.3,0
10033,50333,0.956,0,6687,37,0.884,1.79,36.9,28.8,1
10823,57432,0.312,3,5808,70,0.431,3.46,66.0,56.7,1
10106,51010,0.921,8,7680,69,0.83,3.42,67.9,70.4,1
10125,51169,0.386,7,4340,86,0.494,3.67,85.1,91.4,0
10237,52165,0.541,5,8898,51,0.818,2.5,66.8,56.8,0
10869,57875,0.267,2,2472,46,0.915,2.05,58.1,44.8,0
10870,57879,1.0,6,2225,67,0.718,3.22,71.6,63.5,1
10793,57192,0.681,3,5778,40,0.749,2.32,60.7,33.7,0
10493,54575,1.0,2,8819,29,0.785,1.98,45.7,34.8,1
10837,57574,0.498,3,4840,28,0.847,2.52,45.1,50.3,1
10785,57114,0.356,4,5498,61,0.704,3.48,60.5,59.5,0
10205,51898,0.451,4,5748,68,0.525,3.44,70.1,84.4,1
10154,51439,1.0,5,5896,69,0.679,2.17,72.9,76.9,0
10240,52190,0.187,3,4901,47,0.765,2.94,49.1,40.0,0
10402,53734,0.534,3,4612,60,0.809,1.89,48.1,35.7,0
10754,56819,0.82,5,2187,57,0.69,3.2,64.7,58.4,0
10142,51335,1.0,4,6037,48,0.648,2.56,61.3,49.1,0
10176,51624,0.854,2,2211,35,0.903,1.82,41.9,26.6,0
10639,55804,0.971,4,5234,54,0.851,3.12,66.3,57.7,0
10987,58899,0.935,7,4969,42,0.988,2.36,72.0,51.5,1
10575,55286,0.625,5,4438,33,0.918,1.84,23.6,16.7,0
10826,57479,0.717,5,2778,39,0.63,2.87,73.1,64.2,1
10552,55096,0.366,5,3834,70,0.654,4.48,85.2,59.9,0
10452,54192,0.275,4,5736,49,0.526,2.92,62.2,25.5,1
10319,52956,0.987,3,5624,28,0.766,2.71,48.9,16.2,1
10698,56305,0.883,1,5192,26,0.85,2.76,56.1,72.3,1
10074,50707,0.905,4,2422,53,0.721,3.74,76.4,71.3,1
10945,58527,0.612,2,2558,63,0.606,3.68,61.6,50.2,0
10367,53412,0.942,3,2104,41,0.644,3.39,78.4,76.1,0
10381,53544,0.649,4,4213,38,0.82,2.43,53.5,54.7,0
10819,57404,1.0,2,4051,73,0.726,3.09,55.2,54.2,0
10597,55447,0.456,2,1838,73,0.668,3.66,80.6,71.1,0
10762,56907,0.53,10,7361,55,0.705,3.71,77.4,59.3,0
10369,53438,0.992,7,1519,43,0.72,3.02,55.7,68.9,0
10168,51563,0.405,4,5756,42,0.552,3.57,81.9,62.6,0
10504,54672,0.549,3,3249,41,0.886,2.54,47.7,52.1,0
10986,58890,0.499,3,5537,59,0.696,2.33,49.4,46.5,0
10351,53232,1.0,4,1566,42,0.607,3.46,66.3,57.5,0
10074,50697,0.803,4,1159,77,0.602,3.9,67.1,70.0,0
10116,51104,1.0,4,8397,68,0.585,4.07,88.6,79.3,1
10048,50474,0.82,4,8645,32,0.966,1.61,42.8,44.8,1
10038,50380,0.942,3,1494,56,0.666,2.85,68.2,59.7,0
10885,57970,0.58,5,2845,52,0.735,3.6,60.4,60.3,0
10578,55310,0.172,0,4398,51,0.778,2.65,59.9,65.5,1
10499,54619,0.22,1,4040,28,0.855,2.96,75.6,46.5,0
10854,57733,0.538,8,8752,55,0.655,3.65,85.6,76.1,1
10532,54906,0.599,3,7467,42,0.707,2.88,64.2,44.0,1
10401,53729,1.0,6,4289,79,0.771,4.77,96.3,94.5,0
10937,58463,0.748,2,4963,59,0.711,2.77,63.8,44.5,0
10703,56346,0.514,2,8101,60,0.576,3.27,52.1,59.0,0
10038,50382,1.0,3,7324,42,0.71,2.29,76.6,57.1,1
10646,55836,0.127,2,2537,15,0.847,1.95,47.3,24.4,0
10486,54528,0.816,1,8047,47,0.864,2.94,44.9,62.7,1
10737,56643,1.0,5,1190,74,0.574,4.25,83.3,62.0,0
10464,54324,1.0,4,5195,54,0.569,3.13,63.4,76.4,1
10452,54203,0.319,2,4122,54,0.605,2.89,57.9,17.6,0
10357,53287,0.904,1,4252,62,0.499,3.44,80.1,82.4,0
10659,55961,0.374,3,3637,59,0.807,3.33,63.0,71.0,0
10738,56658,0.221,1,5790,54,0.772,2.2,45.5,52.9,1
10004,50059,0.462,5,2579,62,0.503,3.87,82.4,68.1,0
10299,52761,1.0,8,1621,77,0.691,3.75,89.9,76.8,1
10384,53568,0.453,3,1892,38,0.813,2.13,46.7,43.5,0
10241,52200,0.522,5,8497,76,0.613,4.29,84.2,90.3,1
10247,52274,1.0,2,8623,70,0.65,4.93,88.6,83.4,1
10353,53255,1.0,5,3777,69,0.584,3.5,74.2,71.9,1
10981,58855,0.237,8,7915,59,0.764,3.65,69.9,43.8,0
10632,55752,0.258,1,6393,41,0.881,1.62,25.5,34.0,0
10920,58292,0.823,4,2292,47,0.783,3.09,48.2,50.2,0
10128,51194,0.508,1,6765,76,0.516,3.82,86.7,81.7,0
10613,55591,0.663,5,6850,78,0.553,3.56,64.5,79.0,1
10090,50859,0.965,2,5373,60,0.683,2.96,69.7,41.8,0
10472,54408,1.0,3,8828,52,0.757,3.77,72.4,46.3,1
10578,55308,0.501,1,2503,35,0.849,2.57,58.4,56.9,0
10986,58888,0.29,2,5750,52,0.756,2.6,42.1,49.4,0
10737,56633,0.568,5,6726,60,0.547,3.96,91.0,60.7,0
10163,51537,0.993,2,7860,70,0.568,3.61,78.9,92.1,1
10078,50746,0.391,0,4574,45,0.734,2.73,51.3,54.6,0
10210,51946,0.416,4,3388,50,0.535,2.08,51.2,47.3,0
10956,58638,0.536,6,4538,64,0.712,4.05,70.8,82.7,0
10288,52664,1.0,3,4594,67,0.486,3.61,77.6,64.6,0
10584,55354,0.723,1,4741,25,0.85,2.18,59.8,29.1,0
10859,57782,1.0,7,2038,81,0.486,3.99,79.9,84.6,0
10414,53818,0.661,5,7905,38,0.585,2.17,48.7,59.8,1
10924,58345,0.191,3,7591,47,0.754,2.29,61.3,42.4,0
10585,55360,1.0,3,1218,81,0.681,3.33,80.5,94.8,0
10617,55621,1.0,3,7053,46,0.564,3.0,67.1,63.7,1
10385,53579,1.0,1,7967,55,0.658,2.62,46.7,65.4,0
10452,54195,0.99,4,2848,68,0.474,2.56,55.6,39.5,0
10619,55647,0.946,3,1596,44,0.974,3.36,54.4,48.5,0
10817,57390,1.0,6,6063,38,0.629,3.65,77.5,54.2,1
10433,54013,1.0,8,1774,76,0.727,4.79,82.7,77.6,0
10359,53321,0.195,4,6235,52,0.615,3.07,60.0,66.2,0
10163,51534,0.677,6,6855,79,0.709,3.31,69.3,89.3,1
10848,57681,0.221,1,2113,27,0.822,1.87,49.0,63.4,0
10751,56790,0.656,5,1839,54,0.778,3.24,69.9,74.1,0
10711,56410,0.89,3,4024,63,0.574,3.86,77.9,81.7,1
10658,55949,0.229,2,3350,36,0.95,2.02,39.8,38.7,0
10339,53123,0.999,3,2064,67,0.571,4.14,69.1,64.0,1
10416,53837,0.261,3,1938,36,0.665,1.99,42.6,63.3,0
10784,57096,0.849,3,4266,53,0.452,3.06,73.5,53.5,0
10988,58912,1.0,1,6831,74,0.812,2.94,53.3,50.9,0
10878,57925,1.0,1,7257,65,0.701,3.07,62.1,39.9,0
10726,56555,0.079,4,4203,33,0.551,2.19,45.0,48.7,0
10021,50215,0.119,2,3299,46,0.738,1.79,54.3,48.4,0
10568,55220,1.0,4,6167,76,0.479,4.02,93.6,74.4,1
10208,51923,0.085,3,2043,41,0.796,1.71,46.1,31.4,0
10925,58360,0.984,4,7303,45,0.593,3.7,74.5,84.0,1
10090,50863,0.305,3,4757,56,0.599,2.34,70.5,61.6,0
10000,50004,0.256,1,3800,38,0.873,2.98,45.2,58.0,0
10443,54116,0.748,1,7443,67,0.533,3.28,85.7,69.3,1
10949,58560,0.842,5,2338,55,0.597,3.25,69.8,55.1,0
10243,52222,0.465,5,7267,66,0.805,3.38,73.1,77.7,0
10181,51666,0.988,2,4780,35,0.742,2.25,34.9,17.6,1
10018,50182,0.934,7,2832,55,0.704,3.02,73.4,82.6,0
10175,51619,1.0,3,8395,62,0.664,3.53,79.3,79.3,1
10333,53065,0.547,3,1635,20,0.769,2.26,65.5,28.5,0
10673,56068,1.0,7,2037,64,0.561,3.97,88.0,67.3,1
10985,58884,0.943,4,2570,32,1.0,1.86,32.4,37.8,0
10188,51741,0.219,4,4212,41,0.767,2.56,42.9,44.1,0
10454,54234,1.0,5,4473,26,0.738,2.65,62.4,49.4,1
10201,51863,0.544,3,6845,67,0.682,3.68,60.3,46.1,0
10210,51942,1.0,4,7981,65,0.596,2.06,45.4,41.8,1
10712,56417,0.369,3,8433,61,0.696,3.76,62.7,64.5,0
10304,52817,1.0,4,6281,61,0.725,3.49,88.8,60.5,1
10646,55833,0.277,1,4647,21,0.873,1.59,38.4,39.5,0
10249,52292,0.514,0,8091,66,0.564,3.61,96.8,77.2,1
10418,53848,1.0,0,2763,59,0.69,2.45,70.9,63.1,0
10006,50071,0.971,4,4986,61,0.795,3.48,80.5,56.1,0
10056,50545,0.915,5,6446,40,0.839,1.4,43.6,29.3,1
10552,55093,1.0,8,3910,69,0.701,3.72,87.8,69.2,1
10088,50836,1.0,1,1313,54,0.9,3.53,55.6,64.8,0
10253,52334,0.645,8,2767,69,0.684,3.28,83.1,71.5,0
10196,51808,0.678,2,4016,30,0.79,2.03,41.0,38.7,0
10407,53778,1.0,3,1311,46,0.939,2.45,52.3,47.4,0
10386,53590,0.925,2,3802,45,0.714,2.3,51.7,43.9,1
10965,58714,0.98,2,5600,53,0.79,3.15,63.9,67.9,0
10037,50368,0.831,5,8582,64,0.77,4.1,81.6,82.3,1
10755,56821,1.0,2,5804,57,0.847,2.46,53.8,42.8,0
10800,57252,1.0,4,4650,64,0.845,3.63,88.0,75.2,1
10704,56351,0.744,5,4284,64,0.418,3.55,79.5,57.1,0
10199,51836,1.0,1,4044,42,0.601,1.99,57.5,56.0,1
10091,50878,0.804,3,2529,55,0.557,3.07,72.1,81.6,0
10852,57708,0.203,4,3146,63,0.68,3.25,66.0,79.2,0
10253,52345,0.746,6,1761,63,0.761,4.17,84.8,92.1,1
10970,58772,0.847,2,3016,71,0.651,4.03,76.9,76.7,1
10260,52400,1.0,3,3935,51,0.577,3.89,95.9,85.4,1
10558,55139,0.746,3,965,68,0.644,2.88,85.1,59.1,0
10798,57243,0.664,9,1521,69,0.647,3.19,58.3,60.5,0
10933,58415,0.407,4,7907,44,0.708,2.84,53.7,76.8,0
10426,53947,0.584,4,4579,45,0.851,3.38,53.1,64.3,1
10165,51545,0.998,5,4388,65,0.5,3.66,64.4,77.3,0
10796,57218,0.75,6,1960,44,0.659,3.15,78.7,72.7,1
10923,58340,0.43,4,8858,41,0.63,2.92,75.7,54.2,0
10935,58431,0.748,2,7525,35,0.854,2.02,46.6,57.3,1
10693,56245,0.669,4,5856,50,1.0,2.82,69.2,71.9,0
10393,53644,1.0,8,3640,65,0.807,4.0,84.1,64.4,1
10591,55396,0.31,4,7083,58,0.833,2.32,57.5,48.7,0
10154,51433,0.349,7,1214,51,0.741,2.81,75.0,81.3,0
10475,54428,1.0,4,8122,70,0.571,4.91,86.9,89.4,1
10472,54412,1.0,6,6381,54,0.828,3.59,61.6,44.5,1
10900,58099,0.528,3,2871,82,0.783,3.12,84.4,79.8,0
10343,53144,1.0,9,5029,80,0.58,4.22,79.8,75.0,1
10194,51781,0.076,5,4388,18,1.0,1.8,45.1,19.4,0
10261,52413,1.0,5,3499,57,0.549,3.9,74.4,59.5,0
10187,51733,0.492,5,6282,74,0.415,3.62,91.0,89.7,0
10841,57623,0.945,2,2474,38,0.611,2.55,42.9,49.5,0
10859,57775,0.901,5,4315,64,0.587,3.75,84.8,95.3,1
10263,52440,1.0,4,3876,18,0.867,2.24,40.3,41.7,1
10719,56499,0.963,5,7353,49,0.702,2.63,59.9,39.5,1
10283,52612,0.427,2,7525,45,0.667,2.31,42.2,31.3,0
10664,56007,0.219,6,4016,67,0.6,2.85,64.6,72.1,0
10267,52474,0.0,1,6812,40,0.834,1.96,36.0,42.2,0
10021,50219,0.876,5,6135,41,0.813,2.41,55.2,37.1,0
10400,53722,0.877,4,1986,72,0.818,2.11,75.3,43.2,1
10727,56570,0.126,6,8545,46,0.87,1.97,63.4,42.3,0
10343,53151,0.733,4,8421,68,0.467,4.72,76.3,83.5,1
10649,55862,0.347,1,5713,48,0.78,2.22,40.8,40.2,0
10134,51245,0.427,3,5799,83,0.568,3.85,77.8,76.6,0
10396,53681,0.736,4,8203,42,0.662,2.81,62.1,56.5,1
10358,53310,0.229,0,2652,28,0.939,2.11,39.8,20.4,0
10456,54246,1.0,4,8489,55,0.726,2.88,73.9,87.0,1
10545,55021,0.364,1,7211,32,0.605,2.82,51.2,39.1,0
10178,51644,0.336,6,2178,92,0.611,3.47,79.7,76.9,0
10875,57907,1.0,5,8568,51,0.738,2.06,37.2,36.7,0
10785,57105,1.0,0,1829,60,0.521,2.73,59.2,63.1,0
10060,50577,0.397,8,5642,81,0.509,4.22,91.5,100.0,1
10803,57276,1.0,6,6833,78,0.613,4.24,77.9,79.1,0
10124,51167,0.873,4,1271,66,0.645,3.53,78.8,54.7,0
10749,56771,0.298,1,1734,40,0.665,3.03,58.7,24.8,0
10459,54295,0.976,3,8015,71,0.658,3.34,77.3,48.0,1
10041,50416,0.818,5,5742,66,0.625,3.8,70.0,63.1,0
10892,58023,0.33,3,1643,32,0.818,1.62,53.5,40.7,0
10915,58248,0.197,1,5401,39,0.676,2.81,59.8,40.6,0
10617,55624,0.697,3,2485,59,0.506,2.9,74.7,64.4,0
10080,50760,0.547,3,8795,23,0.845,2.7,57.7,35.9,1
10149,51386,1.0,5,2462,70,0.737,3.8,78.0,82.9,1
10980,58847,0.148,1,6818,32,0.721,2.25,54.1,41.9,0
10129,51202,0.955,2,2259,59,0.787,2.0,50.9,38.6,1
10236,52139,0.484,6,1819,64,0.772,2.26,49.4,48.9,0
10477,54462,0.871,4,6133,41,0.922,2.84,64.6,47.5,1
10528,54871,0.727,1,4785,55,0.636,3.65,70.0,93.9,0
10787,57133,0.409,1,6078,26,0.847,2.01,29.8,25.2,0
10808,57322,0.325,4,5337,77,0.571,3.77,83.7,80.8,0
10882,57948,0.691,5,5280,43,0.777,3.0,67.2,64.5,1
10457,54265,0.734,6,932,69,0.653,3.77,95.8,72.8,1
10223,52058,1.0,5,2221,39,0.612,3.5,74.1,79.1,1
10238,52166,0.561,5,5543,79,0.654,4.13,91.6,90.7,0
10082,50783,1.0,9,1552,65,0.635,2.26,46.7,62.8,0
10599,55466,0.975,4,7269,80,0.528,3.31,68.4,76.6,0
10032,50329,0.934,2,3716,59,0.87,1.94,52.3,57.6,1
10378,53520,0.792,9,6657,65,0.649,3.06,84.5,91.1,1
10523,54829,0.879,2,1640,53,0.843,2.19,62.5,38.8,0
10330,53044,0.632,4,6141,57,0.809,4.48,76.4,89.8,0
10470,54396,1.0,3,7262,50,0.827,1.8,28.6,17.4,0
10348,53207,0.677,3,3094,56,0.616,2.09,46.3,51.6,0
10577,55297,0.903,0,1685,42,0.914,1.67,39.1,15.2,0
10118,51112,0.903,6,5518,51,0.848,3.62,80.0,69.9,1
10365,53378,0.571,5,3978,68,0.83,2.93,66.6,54.6,0
10894,58041,1.0,8,5060,70,0.552,3.09,55.8,47.7,0
10826,57477,1.0,3,8413,65,0.78,2.29,76.8,54.7,1
10345,53182,0.873,1,2147,64,0.759,3.77,77.1,87.4,0
10137,51282,0.428,1,4744,50,0.77,2.69,44.9,35.5,1
10439,54081,0.219,6,3667,40,0.779,2.48,47.8,35.9,0
10702,56338,0.809,4,6015,49,0.894,1.92,50.8,44.2,0
10502,54658,1.0,5,3742,78,0.651,3.9,70.4,78.5,0
10916,58262,0.474,4,3177,58,0.727,2.71,77.8,54.5,0
10652,55890,1.0,4,5655,57,0.802,2.52,46.7,27.5,0
10589,55385,0.392,2,1963,41,0.866,1.86,22.8,24.5,0
10345,53183,0.999,7,1768,64,0.804,3.22,76.4,86.9,0
10101,50971,0.24,2,5525,55,0.63,2.37,60.2,53.0,0
10518,54783,0.254,2,4442,38,0.669,2.72,34.2,62.3,0
10390,53622,0.79,3,4132,42,0.642,3.25,53.2,45.1,1
10430,53980,0.237,2,4893,40,0.675,3.09,62.8,67.2,0
10718,56493,0.573,3,2530,46,0.753,2.41,52.8,48.2,0
10680,56146,1.0,2,7652,64,0.747,4.15,73.4,62.0,1
10611,55578,0.389,8,2090,70,0.563,3.07,68.8,62.6,0
10281,52589,1.0,6,7791,61,0.747,2.62,62.7,55.7,1
10492,54568,1.0,2,1288,56,0.759,2.91,54.2,55.9,0
10138,51283,1.0,4,5812,60,0.872,2.47,59.8,38.5,1
10399,53711,0.56,3,7585,71,0.624,3.14,66.7,56.4,0
10443,54120,0.259,5,958,61,0.563,3.88,83.0,63.4,0
10458,54285,0.954,2,7975,42,0.817,2.46,43.4,28.5,0
10154,51438,1.0,2,8825,75,0.715,3.47,61.1,65.9,1
10240,52192,0.452,4,6719,59,0.735,3.44,52.0,51.6,0
10960,58665,0.317,2,7153,53,0.96,2.96,54.9,60.4,1
10011,50112,1.0,0,8777,67,0.753,3.01,66.4,66.2,1
10200,51852,0.667,7,3653,65,0.527,4.38,82.0,85.6,0
10292,52698,1.0,7,3896,52,0.509,3.35,65.9,94.2,1
10566,55203,0.951,2,6678,51,0.72,3.28,61.3,54.1,1
10710,56400,0.837,2,2922,26,0.624,1.83,28.4,27.9,0
10881,57943,1.0,5,3051,32,0.646,3.14,64.5,49.2,0
10586,55370,0.496,5,4111,29,0.843,2.01,40.9,40.6,1
10875,57905,0.153,5,997,39,0.855,2.09,50.9,33.4,0
10377,53510,0.062,5,3258,23,0.744,1.46,18.3,34.5,0
10333,53066,0.187,1,8852,33,0.875,1.92,58.8,29.5,1
10766,56932,1.0,0,8690,59,0.481,3.09,62.8,51.0,1
10906,58167,0.991,3,4713,56,0.835,2.4,69.1,64.7,0
10345,53186,0.257,1,1457,72,0.8,3.48,64.5,81.5,0
10139,51299,0.267,5,6301,68,0.72,3.33,63.1,67.4,0
10306,52836,0.128,1,1524,73,0.544,3.16,65.7,42.9,0
10077,50741,1.0,2,4912,67,0.8,2.94,57.5,57.7,0
10408,53785,0.955,5,5533,69,0.543,3.98,76.7,63.6,0
10868,57858,0.799,6,7013,46,0.469,3.86,89.2,55.9,1
10992,58944,0.742,5,2096,42,0.866,1.9,46.1,32.5,0
10754,56815,0.571,5,2700,63,0.701,2.9,58.9,59.8,0
10801,57255,0.07,3,6833,22,0.697,1.05,35.1,38.9,0
10578,55313,0.321,6,2328,49,0.835,3.19,56.9,54.2,0
10439,54079,0.776,3,7437,37,0.914,2.45,49.7,30.2,1
10966,58723,0.049,2,4588,58,0.68,3.22,69.0,61.5,0
10573,55262,0.453,1,2441,79,0.564,3.54,82.7,87.0,0
10730,56591,0.83,1,4111,45,0.684,1.78,58.1,62.7,1
10963,58690,0.348,1,6394,37,0.819,1.93,54.1,36.4,0
10420,53860,0.674,6,5512,35,0.937,2.64,61.1,35.9,1
10555,55113,0.604,3,2100,30,0.779,2.39,50.9,25.7,0
10044,50436,0.239,1,1844,21,0.754,1.7,48.6,56.4,0
10995,58968,0.358,1,3662,41,0.753,3.21,58.4,38.5,0
10664,56004,0.952,3,7131,61,0.668,2.89,69.2,83.0,1
10030,50309,0.191,2,6319,40,0.65,2.78,63.4,67.7,0
10979,58833,0.297,5,4460,76,0.806,3.16,85.3,80.3,0
10678,56116,0.833,4,6601,25,0.743,1.95,35.9,52.5,0
10780,57065,0.826,3,2635,35,0.836,2.39,61.3,41.9,1
10008,50088,1.0,2,2331,69,0.595,2.97,75.9,86.3,1
10359,53323,0.619,2,7058,51,0.767,2.7,59.8,61.6,0
10792,57184,1.0,4,5403,49,0.726,3.97,73.0,68.3,0
10040,50402,1.0,1,8258,57,0.507,3.44,73.4,54.2,0
10623,55689,0.69,3,8547,64,0.674,3.19,75.2,37.4,0
10107,51021,1.0,0,3400,15,0.909,2.21,39.3,33.4,1
10091,50882,0.705,6,7681,64,0.596,3.22,91.0,91.9,1
10479,54476,0.43,3,7227,49,0.752,2.47,63.2,64.4,1
10892,58025,0.851,3,6625,28,0.882,1.55,47.5,33.0,1
10630,55738,0.151,3,6841,44,0.822,1.75,43.3,29.4,0
10862,57822,1.0,3,4044,61,0.601,3.7,82.9,80.7,0
10833,57537,0.388,2,5114,32,0.759,2.05,65.5,15.1,0
10561,55165,1.0,4,4153,38,0.849,3.29,48.2,46.9,0
10956,58634,1.0,6,2891,72,0.532,4.1,67.9,79.4,0
10396,53686,1.0,5,1689,57,0.587,2.67,67.0,51.5,0
10026,50258,0.096,2,7951,52,0.811,1.96,65.6,29.1,0
10899,58086,0.865,3,1146,23,0.873,2.06,49.4,32.4,0
10029,50289,1.0,5,5474,68,0.484,3.33,89.8,87.5,1
10319,52953,0.424,2,7768,52,0.813,2.9,45.1,25.5,1
10754,56816,0.273,6,2715,56,0.657,3.23,51.6,62.9,0
10598,55453,1.0,1,5633,74,0.482,3.81,81.7,66.1,0
10430,53982,1.0,1,2389,53,0.611,3.43,62.0,51.0,0
10941,58489,1.0,2,3005,48,0.658,3.36,52.5,57.0,1
10620,55665,0.12,3,7216,57,0.625,2.97,81.5,44.8,0
10263,52437,1.0,0,6865,48,0.905,1.73,35.7,30.6,1
10954,58612,0.831,3,4999,72,0.649,2.55,72.9,70.3,1
10609,55556,0.59,4,1585,48,0.9,2.4,64.1,62.9,0
10077,50738,0.255,5,4195,48,0.729,2.67,70.4,63.5,0
10449,54185,0.662,2,8374,40,0.638,2.79,55.1,54.2,0
10709,56392,0.66,1,3631,26,0.87,1.9,37.7,19.1,0
10574,55279,1.0,7,4187,81,0.53,4.14,90.5,81.3,1
10197,51818,0.921,6,3327,23,0.987,2.26,58.4,28.6,0
10947,58545,0.914,7,6663,56,0.75,2.35,56.2,41.6,0
10056,50544,0.182,2,3605,31,0.818,1.89,41.1,33.9,0
10828,57488,0.246,1,6636,30,0.816,2.05,31.0,25.0,0
10296,52725,0.91,6,4768,59,0.619,4.02,72.9,68.6,0
10444,54128,0.161,1,5572,32,1.0,1.75,29.1,23.2,0
10481,54491,0.767,3,2768,83,0.64,3.77,84.0,81.0,1
10650,55867,0.137,1,6898,33,0.772,2.43,46.2,51.3,0
10819,57400,0.758,7,3497,52,0.79,3.53,36.1,59.7,0
10199,51840,0.13,3,1975,48,0.749,2.31,52.9,58.0,0
10944,58518,1.0,4,2851,95,0.421,4.26,94.0,100.0,1
10895,58049,1.0,2,7582,61,0.524,3.62,70.2,91.3,0
10484,54515,0.315,4,7679,47,0.734,2.75,63.1,66.4,0
10634,55772,0.16,3,7833,36,0.824,2.41,47.5,29.1,0
10221,52035,0.703,3,1621,56,0.848,2.69,46.0,48.7,0
10469,54378,0.778,7,5257,76,0.643,3.38,78.6,60.7,0
10085,50801,0.722,1,2331,37,0.759,2.09,40.6,46.5,0
10790,57160,0.776,3,7436,59,0.849,3.83,73.4,46.9,1
10150,51406,0.098,4,3932,36,0.768,2.31,70.4,34.2,0
10004,50057,1.0,3,1062,82,0.698,3.41,89.5,71.9,1
10651,55875,0.503,5,3580,68,0.744,3.71,68.2,62.9,0
10006,50070,0.773,1,2956,53,0.83,3.13,72.1,54.3,1
10741,56696,0.23,4,5842,42,0.78,2.98,59.5,57.7,0
10075,50712,0.324,1,5323,71,0.546,3.73,84.9,69.2,0
10626,55713,0.357,1,5256,53,0.734,3.05,74.2,76.9,1
10027,50266,1.0,2,8758,76,0.689,3.72,74.7,55.8,1
10172,51587,0.624,6,6140,47,0.735,2.96,54.1,59.7,0
10310,52860,0.856,4,3823,66,0.456,3.45,79.4,85.7,0
10230,52095,1.0,1,5547,56,0.795,2.58,46.7,47.3,0
10484,54503,1.0,6,2079,47,0.828,3.91,60.8,56.8,1
10670,56055,0.417,2,7858,70,0.6,4.38,94.4,100.0,0
10560,55156,0.97,2,7021,67,0.805,2.74,76.1,58.8,1
10434,54033,0.13,3,3215,46,0.765,2.6,63.8,43.6,0
10245,52255,0.818,8,2452,82,0.525,4.2,90.8,95.9,0
10896,58069,0.338,5,3234,24,0.852,2.07,48.8,37.8,0
10949,58559,1.0,2,7205,48,0.664,2.82,64.3,73.1,1
10937,58459,0.488,4,1447,49,0.6,2.97,68.0,51.3,0
10529,54872,0.862,2,6446,27,0.831,2.99,59.7,40.4,1
10632,55756,0.863,2,7164,37,0.929,1.82,39.5,16.2,0
10793,57194,0.123,3,3601,44,0.763,2.12,45.7,32.4,0
10703,56342,0.372,2,7256,33,0.6,3.06,60.1,64.0,0
10931,58403,1.0,5,7995,76,0.811,3.55,90.8,84.8,1
10831,57529,0.311,7,2281,49,0.561,3.82,74.7,78.7,0
10250,52305,0.875,1,1706,47,0.705,2.46,78.4,65.1,1
10784,57101,0.504,3,8634,56,0.497,3.33,62.1,63.5,1
10797,57229,0.732,2,2848,55,0.539,2.26,60.6,37.8,1
10304,52808,1.0,5,8917,64,0.641,3.78,80.5,72.6,0
10484,54517,1.0,5,2414,64,0.739,2.69,69.2,44.9,1
10633,55771,0.221,1,5869,59,0.706,2.37,56.3,35.0,0
10250,52304,0.925,4,3740,50,0.733,3.02,77.5,64.0,0
10649,55863,0.495,3,6475,51,0.851,1.83,44.4,62.2,0
10437,54072,0.861,4,8305,76,0.577,3.9,92.9,64.1,0
10904,58141,0.458,5,5284,69,0.529,4.29,84.8,90.4,1
10142,51330,0.81,3,8536,36,0.79,2.35,58.2,42.0,0
10910,58208,0.166,0,4015,70,0.772,2.55,61.4,38.4,0
10182,51685,0.674,3,7759,79,0.59,4.47,87.4,84.1,1
10961,58679,0.458,3,2917,55,0.706,3.7,71.8,76.9,1
10639,55800,1.0,6,1489,65,0.816,3.15,63.0,60.0,0
10193,51778,0.809,4,1929,49,0.923,2.98,77.9,66.2,0
10980,58846,0.666,2,1797,39,0.825,2.36,54.7,45.8,0
10079,50752,0.417,2,3395,57,0.709,2.8,66.7,70.0,0
10330,53046,0.319,7,1021,57,0.739,4.01,86.1,81.2,0
10966,58719,1.0,2,2198,64,0.609,2.79,66.8,64.2,0
10402,53740,0.439,4,4055,49,0.769,2.09,49.9,56.3,0
10527,54861,0.882,3,5495,68,0.567,3.39,50.7,92.4,1
10049,50477,0.987,2,2123,48,0.701,2.56,66.5,25.7,0
10468,54363,0.971,2,1634,51,0.791,3.25,62.9,45.1,0
10268,52496,0.274,3,4822,49,0.806,3.07,65.5,66.6,1
10785,57119,1.0,1,1892,49,0.555,3.2,66.9,72.3,0
10021,50212,1.0,0,8513,28,0.772,2.07,41.1,42.4,1
10048,50469,0.147,1,1520,30,0.981,1.84,44.7,34.4,0
10165,51546,0.828,1,3055,60,0.54,3.34,71.2,71.5,1
10966,58726,0.927,2,7820,57,0.726,2.59,62.7,58.1,0
10408,53783,0.935,4,7571,84,0.74,3.91,75.5,67.7,1
10957,58653,0.637,7,6034,48,0.673,3.12,70.8,72.7,1
10637,55788,0.58,3,1644,68,0.617,2.61,53.2,57.2,1
10854,57721,0.457,1,5595,42,0.75,3.42,89.7,78.7,0
10359,53315,1.0,1,3415,51,0.768,3.04,56.6,64.7,0
10107,51026,0.641,3,7910,15,0.8,2.23,42.6,26.8,1
10744,56728,0.359,2,2814,56,0.667,4.4,82.5,66.5,0
10695,56272,1.0,6,8036,78,0.47,3.42,80.9,71.5,1
10249,52302,0.591,3,4475,61,0.609,3.77,83.7,71.0,0
10292,52693,0.886,5,3139,65,0.589,3.09,74.4,88.4,1
10157,51471,0.691,7,1347,57,0.734,2.54,58.0,47.8,0
10846,57673,0.337,5,1837,84,0.597,4.08,88.5,78.9,0
10782,57077,0.896,4,3974,64,0.807,2.2,46.1,44.4,0
10779,57048,0.822,4,2497,57,0.619,2.65,54.2,42.4,0
10404,53750,0.739,7,3108,52,0.473,3.51,62.7,66.0,1
10082,50774,1.0,1,1607,54,0.608,3.05,49.3,44.2,0
10484,54512,0.779,6,7405,56,0.731,3.78,64.8,42.9,0
10311,52886,0.685,6,3875,47,0.701,2.3,65.9,34.4,1
10454,54231,0.341,1,2614,27,0.892,3.02,71.4,42.5,0
10790,57161,0.237,4,5224,62,0.745,2.94,65.8,49.4,1
10067,50642,0.363,6,4463,60,0.678,2.83,71.6,72.5,0
10663,55995,1.0,3,8871,61,0.842,3.26,66.5,69.8,1
10019,50197,1.0,1,5949,69,0.654,2.74,52.2,66.0,1
10922,58326,1.0,5,3116,79,0.566,3.46,89.4,65.1,1
10123,51156,0.297,0,3428,30,0.808,2.2,32.9,28.8,0
10121,51145,0.497,2,5929,58,0.665,2.77,57.5,56.8,0
10791,57172,0.316,3,3776,46,0.789,2.98,53.3,76.7,0
10117,51109,0.44,4,8215,30,0.717,2.73,64.9,43.6,0
10866,57846,1.0,5,1994,55,0.638,2.87,89.1,70.3,0
10786,57123,1.0,4,2823,69,0.767,3.07,68.3,72.7,0
10152,51421,0.418,3,4636,56,0.496,4.29,98.6,74.4,0
10269,52499,0.865,2,6608,39,0.729,1.01,39.1,22.3,0
10271,52514,0.666,5,8657,61,0.742,3.49,56.4,32.2,1
10535,54940,0.453,3,3843,70,0.758,3.68,74.1,63.0,0
10323,52971,1.0,2,7322,67,0.68,4.05,88.9,64.4,0
10618,55636,1.0,7,4914,50,0.803,2.07,61.6,35.2,0
10932,58405,1.0,8,7931,54,0.533,3.26,78.0,58.7,1
10190,51759,0.272,4,1281,36,0.817,2.05,18.9,22.6,0
10099,50958,1.0,7,1589,39,0.82,3.07,64.1,50.9,0
10697,56286,0.804,3,8078,48,0.82,2.13,56.0,38.6,0
10182,51681,0.95,9,7368,83,0.547,4.41,89.1,84.1,1
10594,55419,1.0,6,8986,47,0.781,3.5,79.0,64.0,1
10066,50634,0.956,3,3142,52,0.794,2.39,52.9,63.6,0
10959,58659,1.0,4,6728,37,0.769,1.61,44.6,44.0,0
10311,52887,0.162,3,7525,52,0.625,2.27,70.6,34.2,0
10612,55581,0.0,2,6819,25,0.731,1.03,36.5,27.3,0
10136,51262,0.766,0,2047,15,0.989,2.08,23.0,43.6,0
10012,50119,0.836,4,5005,69,0.506,3.56,78.7,93.8,1
10726,56563,0.69,2,4497,23,0.595,2.72,41.6,33.4,0
10745,56743,0.756,3,4132,29,0.848,2.43,44.3,63.8,1
10456,54248,0.24,2,5398,51,0.786,2.77,73.5,77.1,0
10475,54443,0.321,4,4858,68,0.749,4.28,79.4,78.8,1
10879,57936,0.582,5,6842,61,0.462,2.65,53.7,58.9,1
10728,56572,0.631,3,4283,41,0.813,1.76,34.5,50.0,0
10503,54662,0.352,4,1570,46,0.67,3.1,62.5,68.6,0
10969,58742,0.629,3,3324,80,0.747,3.25,74.2,61.7,0
10936,58444,1.0,4,7983,59,0.558,3.3,83.5,78.5,1
10825,57469,0.584,4,5857,48,0.754,3.2,56.3,51.3,1
10423,53917,0.663,2,2225,55,0.56,4.23,95.0,95.2,1
10829,57499,1.0,4,8572,84,0.681,3.26,69.2,63.4,1
10936,58441,0.551,3,7009,68,0.738,3.36,90.5,79.0,0
10567,55210,0.153,4,5700,57,0.651,3.25,64.9,65.0,0
10824,57461,1.0,5,1421,42,0.768,3.03,70.0,47.0,0
10236,52134,0.429,1,8484,53,0.639,2.75,58.4,47.5,0
10125,51173,1.0,12,6903,70,0.673,3.83,83.7,74.7,0
10245,52253,1.0,3,5012,94,0.66,4.11,88.0,90.9,0
10704,56358,0.677,5,2331,55,0.595,2.86,71.6,47.6,0
10327,53017,0.976,2,8967,67,0.555,3.79,75.1,67.2,0
10907,58178,0.169,1,2410,47,0.665,3.24,63.2,51.0,0
10782,57075,0.459,1,6609,56,0.947,2.47,51.3,38.3,0
10009,50093,0.753,8,5416,83,0.635,4.51,86.7,65.1,1
10217,52009,0.295,6,3405,68,0.822,3.75,70.1,78.1,0
10438,54076,1.0,2,2889,78,0.698,3.23,73.8,65.8,0
10657,55943,0.595,3,6106,56,0.759,3.29,50.7,60.4,0
10560,55157,0.904,2,6878,44,0.8,2.47,79.3,42.6,1
10374,53483,0.338,0,1700,32,0.865,2.74,48.3,40.8,0
10540,54979,0.833,4,1439,79,0.626,4.27,95.2,95.9,1
10523,54830,0.456,4,4977,52,0.869,2.6,52.1,44.1,0
10988,58911,1.0,3,3133,71,0.723,3.08,62.7,64.6,1
10562,55168,0.877,3,1602,55,0.73,3.27,65.5,50.2,0
10395,53669,0.258,1,7005,54,0.829,2.16,43.6,53.1,0
10455,54238,0.511,4,6123,73,0.83,3.16,71.3,46.8,0
10561,55163,0.877,1,2738,47,0.878,3.61,59.7,54.3,1
10741,56701,1.0,5,7616,43,0.627,2.96,45.1,65.1,1
10394,53661,0.472,5,2451,71,0.668,4.19,58.9,82.6,0
10690,56226,1.0,4,6751,55,0.721,3.56,77.3,52.2,1
10086,50816,1.0,8,8179,63,0.719,2.9,66.9,41.5,1
10539,54968,0.538,1,5401,40,0.613,3.29,65.6,53.7,0
10065,50619,1.0,7,5217,41,0.812,2.76,69.7,41.1,1
10522,54822,0.849,3,6187,81,0.638,4.62,89.2,97.8,1
10878,57924,1.0,4,2424,60,0.712,3.47,64.2,52.1,0
10991,58932,0.261,2,3765,41,0.867,2.82,50.9,62.0,1
10776,57030,1.0,4,5188,59,0.75,3.11,56.8,63.0,1
10110,51043,0.264,4,5616,68,0.841,3.07,66.2,44.6,0
10626,55710,1.0,3,3958,57,0.706,3.06,71.7,71.2,1
10298,52754,0.153,2,8413,73,0.698,3.16,55.5,42.1,0
10425,53935,1.0,5,4507,68,0.536,4.28,94.4,76.3,1
10679,56135,0.58,4,8034,64,0.501,3.55,78.4,97.0,1
10113,51075,0.515,3,7544,48,0.498,3.58,70.0,68.1,1
10150,51397,0.935,3,2392,55,0.859,2.3,56.0,44.7,1
10771,56986,0.772,5,3198,51,0.763,3.27,64.8,59.5,0
10717,56475,0.475,10,4730,63,0.617,3.82,68.9,70.5,1
10900,58109,0.905,7,2411,98,0.876,3.53,100.0,83.1,0
10018,50180,0.417,2,7162,66,0.663,3.0,71.4,72.7,0
10966,58718,0.737,4,2019,61,0.664,2.78,67.9,53.1,1
10698,56310,0.705,3,2846,40,0.938,3.34,61.8,60.4,0
10838,57582,0.209,1,5749,50,0.71,2.22,55.4,28.7,0
10336,53095,0.36,3,3961,32,0.839,2.13,35.2,27.1,0
10266,52459,1.0,3,3166,42,0.538,2.93,71.1,60.4,0
10426,53951,0.621,2,7291,54,0.791,3.34,46.1,51.0,1
10124,51158,0.28,6,2295,69,0.651,3.42,67.7,72.7,0
10718,56487,0.207,6,3219,55,0.681,2.24,48.6,53.6,0
10163,51533,1.0,7,2413,68,0.619,3.51,78.6,88.5,0
10660,55970,0.42,3,5436,32,0.708,3.3,71.8,67.6,0
10972,58787,0.743,6,7574,58,0.721,3.52,93.4,59.6,1
10656,55931,0.471,4,2389,60,0.489,4.31,92.5,82.6,0
10547,55040,0.864,4,8682,44,0.796,3.0,69.3,56.0,1
10909,58191,0.969,6,6388,60,0.762,2.63,78.2,40.0,1
10264,52442,0.0,0,3322,24,0.706,2.32,42.1,11.8,1
10163,51536,0.845,5,1603,62,0.655,3.31,94.5,85.9,0
10760,56868,0.917,5,5821,72,0.798,3.83,75.5,61.4,0
10374,53488,0.842,2,3935,41,0.966,2.69,41.4,55.0,0
10262,52421,0.893,3,8934,41,0.543,3.41,73.3,47.6,1
10622,55678,0.41,0,2371,49,0.677,2.54,73.3,58.4,0
10712,56427,0.394,6,8948,50,0.657,3.92,70.1,67.7,0
10654,55895,0.963,1,4502,48,0.647,3.85,78.3,56.1,1
10158,51481,0.442,5,1428,60,0.784,3.75,67.6,67.3,1
10400,53721,1.0,7,1686,53,0.757,2.63,74.2,42.9,0
10975,58803,0.56,1,8515,54,0.83,2.66,49.4,45.1,0
10992,58943,0.915,0,4016,50,0.879,2.0,46.1,40.1,0
10288,52651,0.757,2,2561,80,0.457,3.41,89.2,66.4,0
10211,51953,0.329,0,7121,41,0.76,2.08,44.1,52.6,1
10333,53064,0.868,1,2086,46,0.713,2.11,62.4,32.8,0
10394,53650,0.888,9,4729,56,0.733,3.55,63.4,67.0,1
10124,51164,0.767,1,1145,68,0.736,3.2,76.4,68.9,0
10739,56671,1.0,6,4768,55,0.574,4.05,76.7,69.0,1
10617,55618,0.873,4,7505,46,0.533,3.59,61.6,78.9,1
10244,52234,0.462,5,2736,82,0.544,3.91,83.4,71.5,0
10394,53654,0.381,2,4619,66,0.8,4.6,75.2,79.9,0
10758,56852,0.185,2,7507,28,0.845,2.5,60.2,37.2,0
10852,57709,0.511,3,4494,54,0.572,3.89,66.1,81.9,0
10173,51599,1.0,2,4789,40,0.831,1.85,37.1,34.2,1
10736,56627,0.401,3,4688,68,0.71,3.42,68.5,56.4,1
10029,50301,0.392,3,1201,68,0.566,3.29,98.8,80.5,0
10315,52914,0.267,5,2609,58,0.539,2.25,73.2,41.3,0
10823,57442,1.0,4,3685,65,0.627,3.26,68.3,67.9,1
10345,53167,1.0,3,8151,57,0.8,3.61,74.1,100.0,0
10359,53313,0.683,9,5310,40,0.686,3.41,79.4,73.1,0
10239,52178,0.273,3,5672,79,0.542,3.61,72.4,74.5,0
10146,51360,0.766,9,8041,49,0.642,2.46,69.8,36.2,0
10757,56841,0.605,0,5908,76,0.956,2.87,42.4,48.1,0
10691,56235,0.893,1,1389,31,0.75,2.5,59.6,45.5,0
10494,54587,0.486,6,2067,57,0.641,3.22,58.0,56.5,0
10050,50487,1.0,9,8319,71,0.613,4.11,98.8,81.3,1
10653,55894,0.34,1,8572,47,0.713,2.95,62.6,55.4,0
10762,56908,0.319,4,8691,64,0.729,3.22,71.3,59.9,0
10123,51153,0.939,1,8697,26,0.722,2.2,30.5,35.0,0
10432,53995,0.378,1,5011,51,0.703,3.34,66.9,64.7,0
10366,53394,0.45,4,5792,40,0.696,2.68,53.1,76.6,0
10699,56323,0.991,3,2707,54,0.549,3.18,83.3,77.2,0
10967,58735,0.516,3,5739,40,0.601,2.77,58.6,46.2,0
10742,56709,1.0,9,6597,77,0.647,4.15,87.0,80.7,1
10513,54746,0.222,4,7761,58,0.736,3.22,72.4,83.8,0
10069,50666,0.565,4,4899,68,0.594,3.24,73.2,76.4,0
10416,53834,0.359,1,6149,25,0.69,2.42,44.9,51.5,0
10821,57421,0.289,7,7800,67,0.645,3.36,82.2,50.8,0
10067,50643,0.938,4,2083,59,0.638,2.84,74.2,60.1,0
10018,50177,0.19,5,5301,64,0.61,2.5,71.0,77.8,1
10989,58921,0.085,2,4718,29,0.717,1.58,33.0,27.4,1
10324,52993,1.0,6,4987,68,0.508,3.35,83.9,78.7,1
10083,50787,0.891,3,2970,65,0.701,3.33,75.8,60.1,1
10559,55144,1.0,5,1600,74,0.597,3.76,100.0,84.0,0
10513,54754,0.285,3,5684,62,0.824,3.26,72.8,65.1,0
10316,52927,0.948,5,2415,31,0.793,2.73,59.1,34.3,1
10009,50092,0.957,4,2319,68,0.527,3.79,88.5,84.4,1
10501,54642,0.654,0,3520,43,0.858,2.28,69.1,49.3,0
10508,54709,0.779,4,1948,48,0.676,2.5,70.4,43.3,0
10792,57179,0.641,6,7331,57,0.795,3.44,71.5,59.7,1
10213,51972,0.108,1,1346,23,0.782,1.51,39.5,20.5,0
10055,50531,0.989,1,4875,57,0.629,2.65,57.6,36.2,0
10104,50997,0.397,1,8003,46,0.865,2.4,46.9,60.4,0
10435,54051,0.655,2,8386,45,0.555,2.99,76.2,73.3,1
10374,53482,0.991,3,2411,45,0.941,2.98,44.3,48.5,1
10153,51428,0.448,2,3433,76,0.517,4.04,89.3,90.4,0
10816,57374,0.172,1,5977,28,0.744,2.16,44.5,25.6,0
10364,53366,0.371,4,4928,53,0.507,3.97,85.2,87.9,0
10544,55013,0.258,1,1887,61,0.693,2.96,72.9,76.4,0
10513,54751,0.978,5,2632,60,0.768,3.2,76.1,79.0,0
10297,52730,0.457,4,5017,60,0.645,2.99,70.0,65.3,0
10386,53591,0.868,2,4874,35,0.774,2.65,38.7,38.6,0
10461,54303,1.0,2,2506,69,0.731,4.34,72.8,80.5,1
10310,52871,0.503,7,3734,79,0.648,3.65,86.4,98.9,0
10243,52215,0.997,6,8660,65,0.722,3.6,71.8,66.0,1
10708,56390,0.304,2,1387,51,0.658,3.7,68.3,59.6,0
10937,58461,0.456,1,3007,50,0.746,2.3,63.0,45.2,0
10074,50695,0.863,7,5342,58,0.632,3.7,80.9,71.2,0
10495,54594,0.297,2,8328,43,0.891,1.77,41.4,32.9,1
10188,51739,0.624,1,3604,50,0.829,1.75,35.7,38.5,0
10015,50168,0.998,3,5205,51,0.776,2.58,56.3,46.3,1
10436,54057,0.25,2,3466,47,0.955,1.81,33.9,35.9,0
10794,57200,1.0,6,5436,59,0.619,3.62,76.1,75.3,0
10389,53615,0.379,6,2087,75,0.644,3.81,68.9,76.3,0
10597,55439,0.816,3,7688,70,0.674,3.95,89.9,67.4,1
10434,54023,0.892,2,2446,43,0.897,2.2,49.5,43.9,0
10860,57785,0.962,1,2220,31,0.831,2.43,70.4,56.8,1
10469,54380,0.355,3,8787,61,0.649,3.87,67.3,57.0,1
10604,55514,0.905,6,2583,72,0.678,3.68,71.8,80.0,0
10621,55669,0.159,2,4029,47,0.737,2.05,63.6,47.0,0
10713,56433,0.166,6,7604,29,0.526,2.21,49.1,60.6,0
10845,57660,0.941,4,1463,49,0.631,3.38,79.9,56.2,0
10656,55928,0.586,6,6507,77,0.467,4.61,94.7,83.9,0
10670,56049,1.0,4,4488,79,0.59,3.92,84.1,99.1,1
10625,55698,0.871,2,1099,46,0.793,2.36,45.1,40.9,0
10310,52869,0.896,5,8847,69,0.597,3.91,92.0,86.7,0
10010,50101,1.0,1,4026,36,0.754,2.48,66.8,41.2,1
10569,55232,0.685,2,8567,23,0.943,2.66,60.2,30.9,1
10509,54716,1.0,5,3724,63,0.725,3.71,91.6,94.0,1
10829,57505,0.423,5,6811,73,0.641,3.54,76.9,65.5,0
10284,52621,0.533,6,6085,45,0.565,3.59,64.8,67.3,0
10921,58305,0.719,1,3884,47,0.836,2.11,51.2,40.8,1
10251,52320,0.831,2,5007,57,0.808,2.97,74.4,60.7,1
10156,51466,1.0,4,4179,47,0.634,2.55,56.9,61.2,0
10423,53919,1.0,4,1491,72,0.513,3.61,100.0,92.0,1
10188,51745,0.134,7,7457,27,0.826,2.08,36.5,42.7,0
10497,54611,0.536,8,7566,74,0.523,4.23,90.7,76.2,0
10533,54915,0.286,1,2663,53,0.685,3.24,74.1,68.1,1
10947,58547,1.0,10,2458,37,0.622,2.34,41.0,52.3,0
10932,58407,0.669,7,2632,61,0.591,3.59,77.2,70.7,0
10708,56384,0.333,2,3859,64,0.628,3.46,60.9,66.8,0
10920,58304,0.461,2,2335,45,0.81,2.69,45.2,55.9,0
10425,53943,1.0,6,8680,70,0.452,4.01,85.6,82.8,1
10607,55533,1.0,7,6169,61,0.637,4.31,95.7,70.3,1
10892,58026,0.929,2,949,31,0.967,1.69,45.0,40.7,0
10939,58482,1.0,6,5246,69,0.871,3.72,67.3,69.2,0
10234,52122,1.0,5,2778,62,0.533,4.03,76.3,63.8,1
10753,56808,0.327,3,6141,52,0.646,2.55,78.2,55.9,0
10795,57208,0.762,6,6904,50,0.481,2.77,67.9,63.7,0
10469,54377,0.39,7,1455,70,0.644,3.85,82.3,71.2,0
10716,56463,0.501,2,7706,40,0.79,2.51,36.8,50.3,1
10690,56224,0.414,3,4485,53,0.781,3.1,71.7,50.7,0
10129,51204,0.278,5,8592,32,0.71,2.17,44.1,41.9,0
10723,56537,0.79,4,1810,52,0.706,3.76,75.5,46.0,0
10208,51927,0.545,4,3019,41,0.823,1.34,42.6,22.2,0
10656,55919,0.562,9,4520,73,0.478,4.65,87.9,96.1,0
10250,52303,0.194,3,1770,67,0.733,2.85,61.3,60.8,0
10309,52859,0.879,7,8173,26,0.952,2.22,64.5,21.6,1
10282,52604,0.364,7,7495,56,0.418,4.33,100.0,89.7,0
10636,55781,0.533,3,3281,54,0.672,2.77,58.4,66.2,0
10365,53382,1.0,6,5837,58,0.716,3.03,55.6,59.0,1
10086,50806,0.878,4,4095,58,0.779,2.79,69.7,61.3,0
10893,58035,1.0,2,8512,30,0.758,2.31,29.3,35.3,1
10251,52322,0.675,4,8219,59,0.777,3.76,70.1,56.9,0
10370,53455,0.237,1,5365,43,0.729,3.67,71.9,49.3,0
10300,52771,0.55,1,1517,51,0.714,2.22,59.0,31.6,0
10343,53150,0.231,4,6230,77,0.55,4.82,75.3,77.1,0
10133,51243,0.51,3,1722,63,0.605,3.47,62.3,58.4,0
10614,55599,1.0,5,3260,45,0.577,3.37,49.1,63.0,0
10481,54487,0.745,7,4414,84,0.595,3.79,89.9,85.4,1
10057,50548,0.332,8,7701,58,0.738,3.22,59.6,61.4,0
10002,50027,0.136,2,4458,60,0.71,3.59,60.8,73.5,0
10422,53885,0.98,6,8601,61,0.821,3.08,79.5,74.9,0
10311,52883,1.0,1,1972,50,0.653,2.28,56.6,34.8,0
10357,53298,0.637,5,4772,63,0.444,3.52,77.0,74.7,0
10140,51303,0.771,5,7335,46,0.716,2.93,68.7,68.8,1
10737,56644,0.301,4,969,51,0.565,3.55,68.9,62.0,0
10990,58923,1.0,5,6676,75,0.711,2.73,72.0,75.5,1
10131,51222,0.224,1,6180,48,0.632,1.99,31.4,35.9,0
10853,57719,0.264,5,2517,49,0.773,2.32,59.2,46.3,0
10044,50438,0.696,7,5416,44,0.843,2.37,53.1,40.3,1
10751,56794,1.0,5,4347,44,0.82,2.74,54.0,50.4,0
10927,58376,0.573,7,1227,61,0.862,3.57,69.1,59.4,0
10665,56026,0.496,1,6705,52,0.67,3.39,70.9,56.5,0
10515,54766,0.343,10,1932,76,0.45,3.99,97.6,80.7,0
10491,54554,1.0,1,2992,61,0.824,2.32,57.6,71.4,1
10272,52523,0.086,2,8975,44,0.65,2.2,25.3,34.2,0
10956,58630,1.0,6,3570,46,0.675,4.0,76.2,76.9,1
10328,53028,1.0,8,968,44,0.762,2.09,65.4,55.3,0
10032,50327,0.983,4,8398,31,0.802,1.96,52.4,45.9,1
10109,51040,0.181,1,4482,58,0.653,2.27,44.8,36.2,0
10432,53992,0.657,4,4223,60,0.771,3.14,73.8,58.3,1
10747,56762,1.0,5,7721,49,0.548,3.23,81.4,50.4,0
10201,51871,0.685,4,1012,54,0.809,3.47,52.3,51.4,1
10398,53699,0.982,2,5182,30,0.926,1.49,39.5,24.1,0
10055,50535,0.823,4,4701,55,0.624,2.76,58.3,32.7,0
10746,56753,0.915,3,6252,54,0.635,3.44,79.4,60.8,1
10060,50586,1.0,6,7467,87,0.603,4.04,96.0,100.0,1
10991,58925,0.698,1,8742,39,0.808,2.61,58.3,47.6,1
10185,51704,0.185,3,4186,51,0.835,2.8,64.5,59.8,0
10975,58808,0.49,9,2606,51,0.859,2.73,54.7,39.0,0
10900,58110,0.507,6,8272,102,0.687,4.1,95.3,75.2,0
10051,50492,0.368,6,4982,69,0.921,2.78,45.0,52.1,0
10371,53461,0.59,3,4095,44,0.646,2.71,71.1,51.6,0
10712,56413,0.627,6,5875,73,0.535,3.6,68.5,83.3,0
10390,53621,0.533,3,4342,57,0.599,3.41,52.4,34.9,0
10267,52472,0.7,1,5262,37,0.769,0.94,37.0,34.7,1
10791,57171,1.0,10,1327,36,0.698,3.09,57.3,63.2,0
10435,54040,0.704,5,1198,48,0.613,3.84,70.2,80.3,0
10208,51917,0.893,3,3608,29,0.901,1.48,37.2,23.7,1
10251,52317,0.931,0,8113,59,0.776,3.3,74.6,54.8,1
10360,53329,1.0,5,3827,82,0.584,3.57,70.2,68.3,1
10527,54862,0.308,2,1075,56,0.722,3.86,59.1,68.5,0
10361,53338,1.0,1,8040,88,0.625,3.0,84.7,86.8,1
10857,57760,1.0,6,7675,51,0.647,2.88,57.4,56.3,1
10452,54197,0.702,4,1200,40,0.694,2.56,52.3,30.7,0
10039,50398,0.343,3,7373,47,0.659,3.06,71.1,56.3,0
10140,51318,1.0,8,5853,67,0.723,2.53,73.5,71.5,0
10739,56664,0.463,6,1362,78,0.674,4.03,75.3,65.0,0
10012,50122,0.287,6,6903,64,0.526,4.08,83.8,84.7,0
10465,54332,1.0,7,2314,65,0.656,3.36,74.5,74.5,1
10168,51567,0.832,2,8250,68,0.498,3.93,85.0,77.6,0
10215,51985,1.0,3,8377,59,0.724,2.83,76.0,68.0,1
10788,57144,0.434,5,2131,76,0.472,3.32,88.0,83.2,0
10239,52174,1.0,2,4672,79,0.554,4.3,74.9,67.9,1
10785,57108,0.872,2,2479,62,0.591,3.17,56.1,63.6,0
10802,57266,1.0,4,6252,50,0.466,2.79,65.7,46.9,0
10059,50574,0.314,3,7560,38,0.909,1.91,48.4,54.3,1
10568,55226,0.584,4,6797,72,0.514,3.95,79.7,64.7,0
10903,58130,0.498,3,3255,69,0.648,4.07,86.8,81.3,1
10465,54336,0.288,3,2166,62,0.584,3.61,78.8,64.6,0
10534,54933,1.0,3,3660,58,0.907,3.01,66.2,60.5,1
10151,51408,0.976,3,3221,38,0.669,2.91,57.9,54.9,1
10055,50536,0.986,4,8521,57,0.673,2.58,52.9,28.5,0
10804,57291,0.29,1,8835,39,0.779,2.64,54.5,34.6,0
10904,58145,1.0,7,7899,80,0.41,3.82,87.6,86.1,1
10154,51435,1.0,4,2502,71,0.773,2.81,71.6,68.2,0
10301,52778,1.0,3,4409,48,0.553,3.56,66.2,65.3,1
10201,51868,0.761,3,7960,50,0.67,3.21,64.3,38.2,0
10155,51455,0.873,1,8240,47,0.78,2.17,38.3,35.0,1
10839,57592,0.472,3,4382,72,0.504,3.59,100.0,83.3,0
10989,58920,0.66,1,5806,54,0.823,1.95,39.3,23.7,1
10197,51821,0.741,2,1106,34,0.717,2.0,54.9,17.6,0
10004,50052,1.0,6,7868,67,0.528,4.0,75.0,58.4,0
10497,54608,0.798,2,8743,52,0.779,4.24,94.1,88.8,1
10531,54887,0.604,3,2555,78,0.485,4.41,87.4,70.1,1
10048,50470,0.291,4,8610,31,0.973,2.01,44.6,47.7,1
10468,54367,0.978,3,6940,55,0.735,2.79,67.1,39.5,0
10981,58861,0.31,9,5233,81,0.712,3.44,86.5,56.9,0
10580,55322,0.667,0,3716,46,0.92,2.38,50.8,26.5,0
10310,52865,1.0,5,6199,84,0.586,3.54,69.0,76.3,0
10200,51859,1.0,7,3326,81,0.588,4.47,78.5,78.3,1
10816,57384,0.946,2,8821,44,0.705,2.71,38.6,36.1,1
10091,50866,0.575,7,8458,55,0.556,2.8,81.1,94.0,1
10640,55808,0.256,2,5544,43,0.877,2.46,58.4,59.2,0
10987,58902,0.957,3,8232,49,0.801,2.85,58.7,57.3,1
10790,57162,1.0,3,2423,63,0.804,3.38,67.9,65.3,1
10638,55795,0.111,3,4584,44,0.825,2.3,15.5,41.9,0
10562,55171,0.44,4,1649,45,0.864,2.89,63.9,71.1,0
10043,50426,0.335,1,6831,42,0.729,1.94,31.0,13.5,1
10018,50189,0.503,3,7960,66,0.702,3.12,67.2,78.9,1
10757,56838,0.906,3,5028,53,0.987,2.84,43.0,45.0,1
10324,52996,0.628,4,5697,56,0.528,3.52,82.2,86.7,1
10023,50229,1.0,4,1438,40,0.788,2.78,49.5,40.4,1
10882,57950,1.0,7,1499,43,0.703,3.88,68.7,73.6,0
10110,51042,0.247,6,6397,68,0.838,2.63,66.7,65.7,0
10549,55061,0.483,3,4030,25,0.928,2.52,60.6,33.6,0
10938,58470,0.994,4,2972,47,0.866,2.16,43.3,53.1,1
10958,58658,1.0,3,3653,70,0.702,3.24,81.5,62.4,0
10206,51906,0.797,5,8490,48,0.676,2.29,60.5,48.0,1
10871,57890,1.0,3,2268,58,0.712,2.49,62.4,54.8,0
10085,50802,0.11,3,2375,49,0.919,1.64,46.3,42.6,0
10158,51488,0.581,6,3886,64,0.706,3.32,73.2,66.7,1
10768,56956,0.294,8,1809,70,0.698,3.9,77.3,56.2,0
10120,51129,0.833,4,8985,60,0.844,3.55,76.1,57.0,1
10438,54077,1.0,3,6340,67,0.789,3.18,62.5,75.3,1
10242,52209,1.0,5,8221,46,0.657,2.85,70.8,59.6,1
10739,56663,1.0,4,3219,66,0.609,4.18,74.7,73.8,1
10862,57820,0.604,0,6974,72,0.578,3.57,91.4,92.0,1
10985,58887,0.337,2,3856,34,0.925,1.78,20.0,23.0,0
10548,55049,0.391,2,2787,34,0.624,1.62,38.4,54.0,0
10544,55012,0.529,3,3797,46,0.749,3.0,72.3,65.5,0
10956,58639,0.389,7,5523,65,0.595,4.14,80.8,68.0,0
10236,52145,0.34,1,2814,62,0.712,2.54,53.1,46.5,0
10658,55958,0.46,1,6623,30,0.802,1.76,52.8,35.9,0
10177,51633,1.0,6,5473,72,0.635,3.4,89.5,91.3,1
10739,56673,0.633,6,8893,69,0.649,3.43,80.1,72.2,1
10433,54014,0.498,4,7353,85,0.632,4.04,89.8,84.3,0
10014,50157,0.422,5,2096,29,0.578,4.16,81.8,69.1,0
10746,56755,1.0,3,8002,66,0.84,3.7,85.3,50.2,1
10433,53998,1.0,7,4822,74,0.691,4.1,85.4,57.8,0
10656,55934,0.411,3,8495,54,0.51,4.9,92.8,81.7,1
10642,55814,0.47,5,2173,86,0.911,3.71,90.9,88.7,0
10476,54447,0.793,4,1459,45,0.791,2.57,54.0,72.4,0
10459,54299,0.395,9,3318,64,0.584,3.85,76.9,27.6,0
10712,56415,0.805,6,1460,66,0.641,3.4,71.3,63.3,1
10492,54563,1.0,5,8418,58,0.734,3.4,73.4,45.5,1
10494,54588,1.0,2,5536,48,0.657,3.22,53.2,59.5,1
10429,53970,1.0,3,4400,47,0.504,3.4,63.2,62.5,1
10843,57637,0.179,3,4494,23,0.721,2.35,48.6,44.1,0
10328,53027,0.701,1,3075,53,0.762,2.63,71.1,59.5,0
10988,58906,1.0,3,8841,67,0.801,2.7,64.2,65.7,1
10585,55362,0.251,2,1003,76,0.73,4.0,82.4,75.8,0
10305,52826,0.173,2,8948,48,0.655,3.35,62.8,62.1,0
10089,50848,0.334,1,4833,60,0.841,3.38,80.5,63.3,0
10831,57524,0.734,7,1892,56,0.588,3.74,79.1,80.2,0
10970,58752,1.0,5,2540,62,0.597,4.12,85.6,77.5,0
10079,50757,0.246,5,4057,66,0.743,3.25,71.2,59.0,0
10894,58037,0.298,5,8355,51,0.586,3.29,62.8,54.3,1
10822,57424,0.843,3,2333,63,0.655,4.4,69.0,74.6,1
10928,58380,0.617,8,7640,54,0.562,4.4,85.8,77.7,1
10988,58916,0.366,0,4614,71,0.802,3.02,58.4,54.9,0
10224,52062,0.573,2,3749,51,0.687,3.23,65.6,43.7,0
10057,50550,0.926,1,6380,68,0.787,3.5,73.0,51.2,1
10487,54536,0.993,4,4219,52,0.682,3.17,72.0,51.6,1
10841,57626,0.21,1,5598,38,0.734,2.84,50.8,43.1,0
10887,57989,0.298,2,1228,70,0.519,2.94,74.6,63.5,0
10503,54668,0.813,2,8335,50,0.628,2.8,61.1,65.4,0
10531,54903,0.678,9,1540,64,0.395,4.21,85.8,70.6,0
10135,51260,1.0,7,964,78,0.538,3.87,93.7,86.1,1
10702,56337,0.318,4,1886,38,0.784,2.24,51.0,40.5,0
10907,58175,0.262,2,5067,50,0.656,2.72,59.4,47.7,0
10706,56374,0.826,6,2123,48,0.813,2.85,62.5,45.7,1
10107,51025,0.88,2,3625,20,0.981,2.11,39.4,20.5,0
10079,50753,0.732,9,8076,48,0.744,3.28,64.3,68.8,1
10500,54626,0.211,4,8707,46,0.88,1.88,37.5,26.8,1
10829,57503,0.373,5,2511,67,0.758,3.52,70.3,67.2,0
10211,51952,0.433,0,908,29,0.67,2.05,34.5,30.1,0
10829,57506,0.994,5,3850,63,0.711,4.05,65.5,76.6,1
10035,50352,1.0,3,7549,33,0.928,2.0,44.8,39.5,1
10160,51512,1.0,2,7106,72,0.864,3.26,54.4,52.4,0
10661,55975,0.201,0,4103,40,0.873,1.92,35.4,30.1,0
10522,54819,0.886,2,3766,85,0.652,4.09,91.5,83.1,0
10305,52827,0.877,6,2594,41,0.822,2.66,53.7,60.7,1
10074,50702,1.0,6,3374,62,0.584,4.1,79.5,79.7,1
10935,58425,0.26,2,2058,43,0.881,2.32,47.2,42.3,0
10534,54928,0.252,2,7749,56,0.79,3.2,64.9,67.3,0
10058,50562,0.483,8,2133,82,0.675,2.47,70.0,75.5,0
10251,52319,1.0,6,6325,53,0.782,2.86,80.3,67.0,1
10684,56193,0.04,3,6655,15,0.79,2.0,37.6,30.9,0
10895,58061,0.993,4,8097,66,0.533,3.33,80.1,80.7,0
10937,58458,1.0,4,6995,46,0.797,2.84,54.8,45.1,0
10481,54488,0.383,7,8250,86,0.577,3.79,96.0,95.8,1
10733,56611,1.0,7,7338,94,0.809,3.81,69.9,73.7,0
10110,51048,0.374,1,3199,77,0.8,2.69,62.2,64.7,1
10801,57253,0.483,4,5153,38,0.62,1.06,38.8,28.4,0
10041,50415,0.923,1,4728,60,0.643,3.5,78.2,87.5,1
10936,58439,1.0,2,8532,49,0.695,3.56,77.4,64.9,1
10362,53350,1.0,4,4960,73,0.83,3.63,76.2,66.8,1
10370,53446,0.526,5,4538,48,0.668,3.39,73.5,62.5,1
10798,57235,0.462,2,7830,61,0.48,3.12,53.9,52.9,0
10656,55925,1.0,3,2618,77,0.55,4.48,86.3,99.0,0
10157,51470,1.0,4,8411,50,0.697,2.89,61.4,31.0,1
10577,55295,0.379,1,7276,20,0.901,1.3,33.2,35.5,1
10333,53061,0.133,5,3390,32,0.822,2.29,61.8,33.0,0
10834,57548,0.36,3,8543,37,0.804,2.84,46.5,49.6,1
10923,58343,0.216,3,7634,38,0.636,2.59,78.1,47.0,0
10171,51584,0.81,4,7385,56,0.747,3.41,77.6,69.3,1
10151,51413,0.656,3,5759,54,0.69,2.63,55.2,71.2,1
10681,56158,0.669,6,6800,33,0.774,3.5,68.1,79.3,1
10973,58795,0.265,3,6410,35,0.628,2.43,63.3,47.1,0
10187,51723,1.0,6,8972,63,0.38,3.37,97.1,59.3,1
10899,58085,0.144,3,7671,20,0.863,2.41,56.3,40.2,0
10720,56513,1.0,1,1514,52,0.8,3.21,68.0,53.1,0
10160,51508,1.0,2,8629,58,0.752,3.31,60.5,59.6,1
10588,55378,0.206,3,2795,34,0.776,3.67,79.1,47.2,0
10910,58207,1.0,2,7579,51,0.875,2.64,62.0,42.7,1
10141,51322,0.086,5,7384,51,0.701,3.21,58.9,36.3,0
10089,50843,0.477,0,2451,66,0.683,3.44,82.3,54.5,0
10121,51147,1.0,5,2008,52,0.631,3.23,62.8,61.8,1
10302,52795,1.0,3,5759,43,0.943,2.12,57.4,35.0,1
10978,58824,0.42,5,1492,46,0.769,2.35,63.0,54.9,0
10047,50464,0.379,7,5437,49,0.511,4.06,83.9,83.3,0
10426,53946,1.0,3,4388,49,0.885,3.03,56.6,67.9,0
10519,54794,0.298,5,7164,45,0.746,2.36,58.9,42.7,1
10361,53334,0.971,4,4454,74,0.565,3.36,73.4,79.1,1
10944,58512,0.656,6,5018,84,0.424,3.52,92.6,98.2,1
10354,53258,0.933,5,6058,51,0.664,3.52,68.5,87.2,1
10376,53502,0.253,4,4380,68,0.857,2.1,46.4,65.3,0
10970,58760,1.0,5,5122,71,0.583,4.22,84.7,70.8,0
10038,50379,0.52,2,6661,41,0.713,2.01,58.3,63.4,0
10884,57966,0.772,6,8317,53,0.632,3.76,92.1,88.8,1
10142,51336,0.309,3,2946,44,0.742,2.55,56.6,43.1,0
10132,51224,0.192,5,4303,69,0.778,3.11,54.8,62.5,0
10646,55835,0.81,3,5704,38,0.901,2.39,47.5,38.0,1
10325,53002,0.355,7,2764,57,0.551,3.49,81.6,88.0,0
10435,54052,0.367,1,7021,42,0.533,3.73,72.7,71.0,1
10878,57923,1.0,2,5072,53,0.664,3.11,68.0,47.9,1
10196,51812,0.46,2,5512,42,0.738,1.89,35.6,46.8,0
10291,52692,0.423,6,4058,31,0.764,2.11,65.6,45.9,0
10533,54922,0.181,6,8643,60,0.663,3.45,80.4,55.6,0
10361,53335,0.313,2,7637,84,0.661,3.36,77.9,76.2,0
10204,51895,1.0,3,2637,51,0.609,2.26,52.9,49.1,0
10584,55355,0.833,1,2673,20,0.8,2.57,47.7,34.2,0
10327,53026,0.855,6,1488,78,0.573,3.7,89.5,63.7,0
10717,56481,1.0,6,5423,57,0.573,3.3,68.5,54.7,1
10693,56248,0.897,2,1220,40,0.891,3.07,62.6,60.6,0
10672,56065,0.288,2,5378,63,0.837,1.94,49.1,20.2,0
10448,54163,0.613,3,3043,33,0.775,2.36,48.2,37.9,0
10128,51190,1.0,13,6582,82,0.61,4.22,85.5,91.0,1
10447,54160,1.0,2,6200,51,0.721,3.17,64.2,53.9,0
10093,50899,0.444,4,7454,49,0.892,3.04,60.0,33.8,0
10892,58021,0.144,0,8819,52,0.877,1.75,47.0,47.4,0
10456,54253,0.714,5,4918,56,0.712,2.85,68.1,76.7,1
10311,52888,0.24,3,2838,44,0.633,2.07,68.7,32.3,0
10558,55138,0.807,3,7820,63,0.731,3.14,68.5,52.1,1
10284,52615,0.943,7,3194,44,0.679,3.44,65.7,68.4,1
10882,57949,0.997,4,3291,47,0.876,3.22,66.9,81.4,1
10315,52922,0.676,2,6795,44,0.531,2.82,60.3,42.5,0
10883,57956,1.0,3,1552,39,0.617,2.44,53.6,29.4,1
10599,55462,0.207,5,5734,69,0.527,3.33,68.5,55.5,0
10553,55107,0.043,2,3038,45,0.793,2.58,33.2,51.8,0
10108,51031,0.354,3,1617,46,0.765,2.49,43.6,34.5,0
10368,53425,0.0,4,7391,36,0.71,1.42,27.2,47.9,1
10644,55826,0.751,0,7115,41,0.769,3.26,79.9,73.6,0
10867,57851,0.929,3,3660,28,0.905,2.71,47.4,32.7,1
10298,52755,1.0,1,4506,46,0.64,2.89,60.0,54.0,0
10189,51756,0.3,2,3105,48,0.751,2.99,52.5,59.3,0
10324,52997,0.377,11,4703,67,0.54,3.91,80.6,82.5,1
10023,50232,0.903,3,8474,43,0.723,2.83,45.8,46.8,1
10788,57154,1.0,8,3050,69,0.628,3.4,93.3,81.1,0
10473,54417,0.454,1,5628,53,0.712,2.07,58.0,31.3,0
10761,56889,1.0,4,7289,41,0.785,2.23,54.1,37.1,0
10398,53704,0.573,0,1229,31,1.0,1.41,29.6,20.9,0
10688,56216,1.0,4,3748,68,0.771,3.37,68.6,65.8,0
10265,52454,1.0,1,3450,69,0.805,3.03,51.0,57.9,0
10251,52318,0.405,0,7634,62,0.798,3.27,80.3,58.3,0
10725,56546,0.749,5,2359,59,0.667,2.67,68.7,63.0,1
10161,51516,0.216,5,7175,66,0.619,3.89,83.0,84.8,1
10021,50217,1.0,4,1949,44,0.792,2.52,53.1,50.0,0
10900,58103,0.967,7,2232,77,0.712,4.05,85.6,97.8,1
10247,52264,0.81,9,2621,66,0.622,4.7,88.1,86.3,0
10740,56685,0.502,5,5561,46,0.82,2.56,51.9,50.2,0
10946,58535,1.0,7,3383,56,0.714,3.11,59.3,61.0,1
10354,53261,0.255,10,8919,58,0.784,3.16,67.8,73.2,1
10092,50894,1.0,2,3143,74,0.48,3.79,77.6,70.2,0
10921,58311,0.935,0,2753,55,0.781,2.08,43.5,45.0,0
10200,51851,1.0,3,4388,74,0.701,3.46,85.7,93.4,1
10941,58492,0.658,5,1580,75,0.67,3.4,60.3,55.9,0
10369,53435,0.982,2,1818,51,0.624,3.32,54.8,81.7,0
10032,50325,0.422,4,2693,52,0.858,2.8,52.3,43.1,0
10130,51216,0.662,2,3299,70,0.572,2.28,49.0,48.5,0
10720,56516,0.636,4,2726,51,0.735,2.93,55.0,54.6,0
10539,54975,0.426,4,4112,46,0.62,3.4,68.7,41.4,1
10120,51130,0.884,7,5075,59,0.665,3.38,68.7,65.1,0
10816,57377,0.715,4,6123,27,0.655,2.61,43.1,17.9,1
10291,52684,1.0,3,8114,41,0.757,2.7,49.9,34.4,0
10417,53843,0.313,1,3380,55,0.582,3.51,73.6,68.4,0
10020,50209,0.217,5,4423,57,0.599,3.63,74.2,69.5,0
10947,58544,0.903,4,7243,40,0.672,2.72,52.1,53.4,1
10084,50799,0.553,3,2953,70,0.502,4.11,86.6,86.8,0
10908,58184,0.314,4,7246,72,0.652,3.96,77.7,75.3,0
10076,50735,1.0,6,3174,64,0.596,3.38,62.3,65.5,1
10298,52756,0.65,6,4054,46,0.607,3.78,54.9,54.3,0
10299,52763,0.548,1,6340,43,0.702,3.34,98.4,70.3,1
10125,51175,1.0,6,2718,77,0.573,4.06,78.6,77.4,1
10302,52796,0.76,0,3090,29,0.97,1.83,48.4,33.7,0
10508,54708,0.729,4,1042,56,0.631,2.93,72.4,65.0,1
10199,51832,0.682,4,6158,52,0.674,1.96,55.1,62.5,0
10715,56456,0.294,6,7193,56,0.659,2.82,62.1,55.3,0
10315,52918,0.209,5,5824,47,0.49,2.38,64.2,51.0,1
10704,56352,0.395,4,8581,55,0.617,3.34,67.0,51.5,0
10573,55264,1.0,1,3746,68,0.667,3.16,87.2,88.8,0
10019,50199,0.682,5,4074,54,0.662,3.19,52.9,76.4,0
10422,53890,0.288,5,8000,64,0.76,3.59,76.5,82.3,0
10494,54589,0.581,7,3594,77,0.622,2.84,56.3,63.7,0
10116,51098,0.569,7,6581,67,0.601,4.01,79.2,69.7,0
10057,50549,0.539,1,1261,62,0.841,3.47,62.7,62.9,0
10531,54891,0.938,4,8766,71,0.419,4.16,94.3,74.2,0
10856,57749,0.477,4,4412,50,0.489,3.16,82.0,73.0,0
10356,53280,0.18,2,1273,21,0.778,2.22,38.7,24.3,0
10681,56153,0.464,1,8829,53,0.611,3.33,85.6,59.0,1
10251,52315,0.324,4,3669,64,0.646,3.2,67.2,61.1,0
10586,55367,1.0,4,4152,19,0.862,2.51,39.1,39.3,1
10608,55553,0.816,3,3720,33,0.74,1.86,47.6,29.2,1
10543,55007,1.0,4,8729,42,0.851,2.67,73.5,61.6,1
10478,54470,0.896,5,1631,52,0.854,3.5,62.2,58.3,0
10733,56608,0.832,7,3980,64,0.676,3.47,79.6,72.8,1
10701,56331,0.913,6,5242,68,0.631,3.98,62.4,72.6,0
10065,50617,0.832,1,7875,59,0.887,3.56,65.5,60.8,1
10118,51119,0.268,3,2420,56,0.777,3.39,69.5,65.1,0
10097,50938,0.635,2,2499,58,0.752,1.93,63.1,39.9,0
10065,50623,0.489,4,8546,58,0.745,3.26,65.5,67.4,0
10744,56730,1.0,6,3602,54,0.705,4.03,92.0,72.3,1
10313,52901,1.0,3,4418,45,0.569,3.41,78.1,58.8,0
10341,53132,0.681,6,3819,62,0.737,3.5,70.7,69.8,1
10816,57378,0.77,0,7455,35,0.669,2.59,44.8,25.2,1
10366,53405,0.627,2,5490,50,0.718,3.27,56.9,72.4,0
10382,53549,0.368,2,3042,64,0.762,3.5,79.8,52.6,0
10810,57342,1.0,3,5071,50,0.668,3.7,65.6,68.0,1
10856,57747,0.74,4,4995,77,0.363,3.15,79.8,60.7,0
10474,54421,0.696,1,6211,54,0.85,3.31,44.4,56.3,0
10242,52202,0.744,5,3435,43,0.713,3.09,63.8,85.1,1
10124,51161,0.291,5,6039,75,0.539,3.5,65.4,54.0,0
10734,56616,0.463,7,3315,64,0.662,3.1,76.2,76.7,1
10966,58725,1.0,4,3393,59,0.608,2.46,63.7,51.0,0
10679,56128,1.0,6,8653,80,0.544,3.59,83.3,100.0,1
10384,53575,0.087,4,2634,28,0.828,2.54,47.5,55.1,0
10049,50479,0.17,2,4603,45,0.604,2.09,70.3,43.6,0
10145,51353,0.251,3,8720,38,0.676,2.58,49.5,55.2,0
10311,52881,0.871,4,4509,48,0.79,2.5,70.1,48.2,0
10495,54595,0.211,2,1783,38,0.974,1.7,36.5,44.4,0
10777,57043,0.327,3,4782,19,0.832,1.67,33.1,20.8,0
10761,56886,1.0,2,7738,42,0.716,2.28,53.3,41.3,0
10736,56631,0.631,0,1799,67,0.661,2.85,73.9,65.6,1
10109,51034,0.399,0,1611,46,0.715,2.65,52.7,42.3,0
10760,56867,0.877,3,8743,73,0.767,3.76,81.7,76.6,0
10823,57437,0.417,3,2086,81,0.502,3.8,75.2,60.2,0
10906,58168,0.748,1,3022,40,0.768,2.2,55.8,65.5,0
10365,53380,0.366,4,1687,47,0.664,3.07,60.2,64.7,0
10760,56871,0.446,3,4432,76,0.782,4.05,77.3,75.7,1
10315,52923,1.0,6,3727,28,0.595,2.65,65.5,36.3,0
10484,54504,0.758,4,1577,43,0.777,2.89,63.3,53.9,1
10701,56329,0.7,5,6850,75,0.622,3.72,54.7,67.6,0
10748,56766,0.86,1,1757,50,0.66,2.6,51.2,42.8,0
10153,51426,0.407,3,6168,76,0.437,4.35,95.9,96.3,0
10373,53474,1.0,6,3301,46,0.644,2.66,62.2,48.7,0
10202,51872,0.209,1,6269,33,0.965,2.63,47.6,55.1,0
10760,56862,0.352,1,6244,76,0.693,3.42,76.0,67.0,0
10956,58641,0.648,7,6331,56,0.632,4.23,71.3,88.7,0
10590,55392,0.901,1,928,38,0.906,1.59,35.0,21.0,0
10054,50528,1.0,5,6324,48,0.777,2.91,78.8,52.4,1
10883,57953,0.674,7,7417,44,0.827,2.23,41.9,55.2,0
10444,54129,0.387,2,7721,25,0.964,2.18,29.1,10.6,0
10354,53257,0.305,4,3042,51,0.806,4.08,73.0,72.2,0
10022,50221,1.0,2,2679,59,0.509,4.03,75.0,58.5,1
10916,58260,1.0,4,6469,43,0.744,2.7,85.8,65.9,1
10889,58016,1.0,4,7741,88,0.697,2.9,76.6,87.5,1
10531,54901,0.827,5,8161,81,0.479,4.41,91.7,68.0,1
10329,53034,0.489,5,1375,65,0.596,2.34,65.4,75.3,0
10788,57151,1.0,0,4877,69,0.481,2.92,82.1,76.7,0
10397,53694,0.182,1,2260,21,0.837,2.2,40.1,44.2,0
10516,54773,0.472,2,1030,54,0.748,3.35,71.9,96.0,0
10947,58541,0.9,1,4683,61,0.642,2.77,52.5,57.8,0
10606,55522,0.437,11,5654,58,0.65,3.57,62.0,73.2,0
10712,56430,1.0,4,5579,61,0.575,3.49,75.1,56.7,0
10530,54880,0.705,1,3188,63,0.701,3.58,70.9,53.1,0
10259,52392,1.0,3,1053,28,0.797,2.37,46.4,41.4,1
10320,52958,0.858,4,4996,84,0.516,4.28,86.9,78.0,1
10565,55199,0.464,3,4343,56,0.816,3.44,62.0,57.9,1
10215,51984,0.818,1,1119,64,0.788,2.95,82.6,70.0,1
10739,56677,0.422,1,8638,63,0.62,4.17,81.3,58.4,0
10165,51555,0.443,3,3128,49,0.591,3.28,65.3,86.9,1
10906,58166,1.0,4,4202,38,0.9,2.74,65.3,74.0,1
10331,53051,0.12,2,5366,42,1.0,2.01,37.2,35.8,0
10559,55145,1.0,6,7090,76,0.607,4.11,97.1,82.8,1
10376,53499,1.0,2,6301,55,0.779,2.57,49.6,61.8,0
10729,56576,0.835,2,5304,28,0.716,2.73,72.9,63.5,1
10182,51678,0.377,6,3765,93,0.503,4.96,95.3,64.8,0
10970,58757,0.222,7,6961,66,0.611,4.44,81.2,76.0,0
10351,53239,0.777,4,5103,45,0.687,3.05,66.6,70.2,0
10093,50902,0.956,6,3763,62,0.875,2.96,61.6,39.0,0
10249,52297,1.0,3,6166,74,0.657,4.29,83.7,72.6,0
10432,53990,0.167,4,1291,44,0.738,2.96,67.2,64.9,0
10029,50297,1.0,7,2417,71,0.497,3.0,85.6,74.4,0
10842,57629,0.371,7,8682,57,0.66,3.27,85.7,81.1,0
10004,50058,0.417,3,8649,62,0.558,3.13,77.1,57.6,1
10780,57067,0.452,2,3054,40,0.823,2.34,61.0,54.8,0
10330,53038,0.958,9,7504,79,0.659,4.09,91.1,82.4,1
10772,57002,0.453,3,8968,59,0.567,2.58,77.2,64.2,1
10590,55390,0.947,0,8045,35,1.0,1.59,34.5,34.4,0
10562,55169,0.557,4,1491,55,0.624,3.2,77.1,60.2,0
10759,56854,0.294,3,1170,37,0.752,2.96,66.9,54.8,0
10283,52606,0.251,1,3394,34,0.797,1.36,48.5,48.3,0
10682,56168,0.361,6,1757,83,0.706,3.78,71.6,70.2,0
10029,50296,0.425,2,5915,60,0.589,3.2,91.8,90.4,0
10279,52581,0.833,2,6979,41,0.677,2.49,71.8,72.6,0
10733,56607,0.518,4,6855,74,0.546,3.61,79.1,73.1,0
10348,53205,0.523,5,5375,52,0.522,2.57,46.6,35.4,0
10068,50649,0.921,2,6495,40,0.622,2.6,45.9,46.8,1
10147,51371,0.867,5,7607,69,0.536,3.15,89.8,85.5,1
10618,55639,0.587,3,994,39,0.866,2.25,48.6,30.1,0
10448,54162,1.0,3,1685,31,0.741,2.06,65.3,32.0,1
10616,55614,0.754,6,8785,66,0.909,3.4,72.9,65.3,1
10827,57483,1.0,2,7509,56,0.668,3.09,43.8,33.2,0
10656,55912,1.0,4,3014,68,0.387,4.61,92.6,85.9,1
10071,50682,0.871,7,6917,33,0.654,2.81,49.0,50.2,0
10044,50435,0.213,4,8552,55,0.827,2.52,39.6,44.4,0
10881,57947,0.33,0,1577,45,0.607,3.55,65.0,55.3,0
10397,53690,0.766,3,1540,29,0.764,2.63,28.9,36.9,0
10158,51490,0.401,5,2447,59,0.797,2.59,60.6,57.7,0
10086,50813,1.0,0,2255,68,0.711,2.65,68.7,44.1,0
10203,51883,0.301,0,7228,54,0.716,3.26,86.1,62.7,0
10656,55921,0.612,5,1907,66,0.534,4.4,81.6,100.0,0
10775,57016,0.965,5,8692,49,0.885,3.06,70.2,53.5,1
10210,51941,0.806,4,7999,76,0.579,2.25,51.2,42.3,0
10916,58258,1.0,6,2076,64,0.733,3.23,84.2,77.4,1
10919,58289,0.592,5,7747,47,0.921,3.02,71.8,63.7,1
10434,54031,1.0,4,2785,48,0.973,2.64,45.4,41.9,1
10127,51182,0.418,6,6601,15,0.956,1.13,31.7,24.3,1
10147,51376,1.0,6,1958,58,0.472,3.47,75.5,76.7,1
10762,56895,0.288,3,2652,49,0.564,3.19,85.1,59.1,0
10958,58655,0.257,8,1664,79,0.636,3.57,84.6,72.3,0
10065,50627,0.304,5,8824,57,0.84,3.8,70.0,51.3,1
10335,53086,1.0,3,1113,34,0.675,2.4,54.4,61.9,1
10181,51670,0.795,4,5995,30,0.752,1.62,37.0,25.5,1
10233,52113,0.197,4,6468,43,0.679,2.59,46.9,61.4,1
10318,52944,0.773,7,2039,54,0.812,2.86,87.0,63.0,1
10384,53571,0.979,2,6500,37,0.751,1.93,39.4,47.9,1
10574,55275,1.0,0,6945,81,0.298,3.79,84.0,78.5,0
10008,50085,0.483,8,1107,73,0.572,3.45,75.5,87.8,0
10617,55633,0.429,2,6525,60,0.489,3.07,62.3,66.2,0
10535,54937,0.72,2,3978,71,0.729,3.53,73.6,82.3,0
10248,52284,0.811,3,1646,30,0.799,2.44,41.2,43.1,0
10648,55850,0.337,3,6433,52,0.854,2.37,52.8,43.8,0
10925,58359,0.205,3,4945,51,0.717,2.81,73.7,68.9,0
10041,50419,0.37,5,4938,48,0.627,3.35,77.4,64.1,0
10453,54211,0.221,6,6709,59,0.799,2.01,61.3,33.4,0
10307,52847,1.0,3,4808,33,0.736,1.8,61.2,30.7,1
10254,52358,1.0,5,3971,71,0.604,3.15,65.1,47.0,1
10780,57062,0.993,3,8756,50,0.947,2.63,62.4,50.4,1
10147,51367,1.0,3,5760,52,0.48,3.7,87.1,76.3,1
10029,50294,0.322,5,8653,67,0.53,3.57,92.6,70.8,1
10943,58510,0.998,2,5476,57,0.643,3.32,72.8,70.0,0
10159,51507,0.454,3,1687,66,0.71,3.62,81.9,60.0,0
10895,58055,0.623,7,7062,66,0.667,3.24,80.3,95.5,1
10658,55946,0.905,1,1318,40,0.886,1.92,49.3,45.4,0
10178,51635,0.758,1,5715,80,0.63,3.74,90.4,76.1,0
10527,54857,0.439,3,4541,76,0.587,3.26,54.6,75.3,0
10681,56152,0.984,2,6043,40,0.619,3.88,68.6,87.3,1
10952,58593,1.0,1,3390,58,0.875,3.36,62.5,67.3,1
10655,55906,0.197,5,4629,64,0.591,2.98,66.3,82.8,1
10168,51564,1.0,7,5432,53,0.612,3.79,89.3,74.2,1
10820,57408,0.368,2,4158,62,0.613,3.48,90.2,70.4,0
10432,53986,0.425,3,4948,62,0.72,3.61,80.3,59.5,0
10214,51980,0.777,1,2662,47,1.0,2.54,52.6,55.6,0
10203,51884,0.323,2,6510,44,0.656,3.72,85.9,71.0,1
10044,50439,0.628,0,7870,36,0.811,2.27,52.1,53.0,1
10368,53419,0.106,2,2929,44,0.812,1.33,27.5,6.3,0
10352,53246,0.89,1,7478,39,0.658,2.52,44.6,49.5,1
10698,56308,1.0,6,1368,41,0.819,3.18,55.5,51.2,0
10833,57538,0.341,4,6629,34,0.762,1.93,60.5,37.5,0
10248,52281,0.174,0,7935,37,0.726,2.6,39.4,27.7,1
10435,54055,1.0,7,6963,46,0.496,3.85,72.7,83.6,1
10295,52716,0.504,6,3951,58,0.985,3.07,53.9,79.0,0
10630,55734,0.187,2,8203,45,0.823,1.61,42.4,30.1,0
10037,50374,0.404,8,6289,60,0.787,3.91,77.4,72.4,0
10946,58539,0.934,3,5455,68,0.63,3.03,69.4,65.4,1
10281,52586,1.0,4,4439,59,0.849,3.08,61.5,62.6,0
10890,58019,0.353,2,6969,62,0.613,4.08,81.3,67.7,0
10588,55377,1.0,0,2414,49,0.815,3.16,72.0,52.4,0
10297,52743,1.0,4,6595,65,0.511,3.44,66.9,59.8,1
10720,56514,0.247,3,4389,50,0.725,3.29,54.0,64.7,0
10194,51785,0.895,1,4200,35,0.807,1.63,25.6,20.3,0
10578,55309,1.0,3,2460,57,0.886,2.26,49.8,46.4,0
10366,53393,0.334,1,6807,43,0.745,3.18,58.7,79.3,0
10812,57353,0.372,6,7891,67,0.583,4.66,84.4,63.3,0
10745,56744,0.432,3,1040,39,0.881,2.27,49.2,58.0,0
10792,57178,0.833,2,7351,72,0.581,4.3,74.5,63.3,1
10528,54867,1.0,3,7217,62,0.592,3.74,58.9,76.1,1
10518,54787,0.772,4,3183,30,0.613,1.85,39.4,65.7,1
10407,53773,0.311,2,7162,36,0.814,1.7,60.7,37.9,0
10826,57478,1.0,3,7443,59,0.689,2.52,74.3,69.9,1
10449,54177,0.876,4,1862,24,0.628,3.0,53.4,41.1,0
10886,57983,1.0,0,5280,60,0.671,2.65,69.3,55.2,1
10315,52919,0.451,2,4458,29,0.551,2.62,61.5,25.5,1
10423,53911,1.0,8,8272,54,0.598,4.13,97.5,94.1,1
10553,55103,0.304,2,6301,48,0.759,2.27,29.8,36.8,0
10670,56054,0.422,4,2269,86,0.612,4.29,100.0,100.0,1
10164,51542,0.437,4,5301,40,0.827,1.94,40.7,25.6,1
10953,58598,0.845,5,8326,81,0.618,3.59,85.5,79.3,1
10032,50323,0.814,3,8656,62,0.897,1.89,56.1,60.2,1
10220,52032,0.537,1,1526,15,0.739,1.62,36.3,30.2,0
10104,50994,0.438,2,3139,44,0.841,2.86,46.7,39.7,1
10382,53556,0.499,3,1167,55,0.807,4.13,83.8,45.4,0
10836,57570,1.0,1,8463,72,0.595,3.27,60.0,72.5,1
10674,56089,0.91,4,5300,61,0.752,3.11,78.8,74.9,0
10343,53149,0.601,5,2948,90,0.481,4.39,85.6,81.1,1
10852,57707,1.0,4,5501,46,0.573,2.87,70.5,70.0,0
10239,52185,1.0,12,3286,71,0.69,3.49,68.6,69.1,0
10011,50111,1.0,2,2587,69,0.746,2.87,51.6,66.2,0
10493,54581,0.727,2,6125,37,0.795,2.15,29.8,27.1,1
10891,58020,0.857,2,2149,34,0.758,1.82,33.5,34.9,0
10114,51080,0.628,5,7282,56,0.891,3.13,73.2,86.6,0
10243,52227,0.914,7,2711,53,0.684,3.63,75.3,72.5,0
10311,52884,0.849,3,8234,40,0.749,3.22,82.2,34.0,1
10911,58215,1.0,3,5999,43,0.583,2.49,65.5,35.9,1
10603,55501,0.338,5,3735,56,0.608,3.63,76.4,67.1,1
10958,58654,0.47,2,1348,52,0.665,3.44,79.9,62.4,0
10124,51165,0.311,2,7332,64,0.745,3.49,76.0,82.0,0
10501,54640,0.193,3,6437,36,0.855,2.54,59.9,49.5,0
10155,51451,1.0,3,6598,46,0.761,2.45,44.7,42.3,0
10825,57468,1.0,5,3994,49,0.75,3.37,56.5,62.7,0
10720,56510,0.478,6,6277,52,0.761,2.59,56.6,51.4,1
10841,57615,1.0,1,4174,45,0.735,2.74,59.2,50.9,1
10608,55550,0.258,1,2700,53,0.801,1.87,46.9,43.0,0
10854,57726,0.551,3,2197,69,0.635,3.89,87.1,70.1,0
10409,53796,0.269,2,7523,57,0.852,2.7,53.1,48.1,0
10723,56532,0.283,5,6100,63,0.647,3.79,73.1,50.9,0
10698,56300,0.411,3,4303,50,0.874,2.74,55.5,56.0,0
10900,58104,0.459,8,3778,81,0.626,3.94,90.9,96.3,1
10346,53195,1.0,4,7861,69,0.511,3.54,82.5,60.1,0
10780,57061,0.554,3,1334,58,0.943,3.1,54.7,61.0,0
10893,58034,0.223,3,2534,52,0.78,1.3,42.0,35.4,0
10387,53602,0.571,5,7176,59,0.777,2.3,71.7,64.4,1
10161,51515,0.687,2,3088,73,0.565,4.43,89.2,83.7,0
10251,52314,0.477,4,2050,76,0.774,3.46,78.0,58.4,0
10913,58231,0.502,3,947,60,0.68,3.66,64.6,45.0,0
10155,51452,0.369,2,7683,55,0.837,2.78,41.4,48.2,0
10219,52021,1.0,2,5681,35,0.693,2.16,57.4,42.3,1
10367,53414,0.927,4,7182,64,0.61,2.76,82.3,83.0,0
10610,55564,0.812,5,6259,84,0.648,2.97,79.2,73.6,1
10629,55729,0.58,0,7357,49,0.589,2.81,61.3,55.8,0
10500,54624,0.928,1,3152,26,0.951,2.4,46.0,46.9,1
10088,50839,0.278,6,6293,65,0.774,3.46,63.5,43.3,0
10991,58926,0.378,5,3853,50,0.767,2.65,48.5,56.7,0
10258,52375,0.356,4,8818,78,0.474,3.86,80.4,56.2,0
10752,56805,0.469,0,8287,49,0.702,3.29,67.9,62.1,0
10314,52909,0.986,4,3509,57,0.754,1.82,63.2,63.5,0
10839,57595,1.0,4,4945,69,0.54,3.65,88.2,80.8,0
10770,56976,0.27,7,6801,56,0.568,3.58,77.2,66.1,0
10615,55607,1.0,5,8380,48,0.691,3.2,80.0,61.5,1
10816,57385,0.833,2,2116,31,0.62,2.75,47.6,19.2,0
10046,50451,1.0,12,3893,61,0.483,3.9,77.7,58.3,0
10916,58254,1.0,4,5285,49,0.658,3.28,83.7,61.4,0
10186,51715,1.0,2,6924,80,0.669,3.97,85.6,77.9,0
10751,56795,0.452,2,2304,51,0.854,2.97,67.3,42.2,1
10511,54739,1.0,1,8914,31,0.772,1.85,43.2,24.5,1
10034,50340,0.171,7,3039,57,0.663,3.92,83.9,70.2,0
10380,53536,1.0,2,7031,49,0.697,3.11,76.9,45.8,0
10540,54986,0.609,3,8420,81,0.535,4.01,95.8,96.1,1
10444,54126,0.262,0,2815,44,0.921,1.56,33.2,15.7,0
10815,57370,0.73,1,8302,48,0.705,3.12,68.8,64.4,0
10289,52671,0.278,4,7370,47,0.716,2.62,53.5,38.0,1
10152,51420,0.319,8,5025,68,0.62,3.64,84.4,76.2,0
10003,50035,0.565,3,6179,49,0.771,3.68,77.8,49.4,0
10927,58371,0.513,4,5705,48,0.781,3.28,68.2,50.9,0
10619,55648,0.647,1,2434,51,0.975,3.55,60.9,56.1,0
10465,54330,1.0,4,2102,51,0.563,3.02,85.5,65.7,0
10614,55594,0.178,3,8370,46,0.662,2.79,55.2,49.6,0
10151,51411,0.785,4,1050,39,0.707,2.47,55.4,64.0,0
10815,57371,1.0,5,4308,44,0.807,2.84,76.4,66.2,1
10238,52171,1.0,2,4922,79,0.722,4.15,85.8,84.2,1
10446,54142,1.0,6,8361,58,0.736,3.4,61.9,55.3,0
10091,50890,0.436,2,1672,53,0.584,3.44,83.5,80.1,0
10937,58457,0.32,5,1470,47,0.781,2.58,51.4,49.9,0
10710,56396,0.569,2,1942,31,0.837,2.06,39.4,19.9,0
10654,55897,0.381,4,2700,59,0.591,3.13,77.8,69.1,0
10244,52245,1.0,7,1646,77,0.592,4.13,77.3,65.7,0
10368,53434,1.0,2,2978,37,0.795,1.76,27.0,24.5,0
10619,55651,1.0,2,8054,46,0.811,3.93,54.9,52.2,1
10944,58515,0.714,8,981,79,0.401,3.57,97.8,92.7,0
10626,55707,1.0,3,4032,57,0.612,3.06,70.7,58.0,1
10043,50433,0.08,2,8993,23,0.755,2.0,28.0,27.1,0
10179,51655,0.776,4,7145,52,0.738,3.02,58.0,54.7,1
10018,50179,0.423,4,7919,41,0.594,3.22,71.4,75.1,1
10433,54012,1.0,5,6673,75,0.749,3.98,90.2,71.4,1
10506,54693,0.479,6,5644,59,0.649,4.22,77.7,66.4,1
10810,57341,0.288,3,3687,55,0.495,2.91,79.9,75.0,0
10324,53000,1.0,5,8894,81,0.535,3.08,93.7,76.7,1
10203,51887,0.289,7,8844,50,0.79,3.35,84.6,72.0,1
10348,53208,0.474,2,7448,46,0.553,2.56,46.8,42.6,1
10194,51787,0.1,4,4219,26,1.0,1.56,37.0,26.5,1
10516,54774,0.418,3,1840,41,0.747,3.43,76.3,79.0,1
10774,57009,1.0,4,1368,36,0.624,2.92,68.0,37.7,0
10804,57295,0.802,4,6332,33,0.991,2.41,60.5,44.3,1
10239,52182,0.208,2,1575,70,0.538,4.1,72.5,79.4,0
10839,57590,1.0,1,4257,79,0.623,3.39,97.9,70.6,0
10969,58743,0.467,3,8215,70,0.668,3.57,66.2,70.4,1
10226,52070,0.823,1,3447,61,0.689,3.47,62.2,54.1,0
10830,57520,0.262,4,2019,52,0.644,3.41,60.8,72.4,0
10901,58115,0.331,3,1669,51,0.795,2.41,54.3,37.8,0
10422,53882,0.434,6,5001,65,0.792,3.22,82.6,82.8,1
10091,50881,0.322,4,7502,50,0.574,2.79,74.8,91.4,0
10933,58418,0.659,2,4431,49,0.692,2.94,40.5,71.5,0
10767,56946,1.0,5,5078,59,0.763,2.67,45.0,36.6,0
10953,58602,0.439,4,3086,72,0.572,3.21,81.4,55.2,0
10740,56692,0.335,1,5938,35,0.831,2.36,64.5,51.5,0
10493,54585,0.488,0,2374,38,0.749,1.61,45.7,27.9,0
10617,55631,0.32,4,4249,64,0.516,2.87,68.8,67.4,0
10741,56702,0.297,3,1230,41,0.667,2.28,42.9,69.7,0
10751,56793,0.725,6,7314,65,0.831,3.41,69.1,54.2,1
10310,52875,1.0,5,8957,71,0.62,4.26,84.8,100.0,1
10185,51707,0.909,4,4038,54,0.828,2.79,57.6,45.9,0
10124,51159,1.0,3,4706,63,0.683,3.66,70.0,67.1,0
10250,52307,0.888,3,4294,52,0.663,2.64,71.6,62.1,0
10792,57190,0.948,4,5972,58,0.719,3.91,80.3,64.4,0
10850,57687,0.52,3,6942,39,0.652,2.22,43.1,42.6,0
10584,55358,0.068,4,7578,21,0.805,2.11,51.5,25.7,1
10961,58680,0.45,7,4006,70,0.753,4.21,70.7,67.0,0
10695,56269,0.404,8,7509,76,0.534,3.86,71.9,68.8,0
10609,55560,0.044,2,5817,56,0.78,2.94,70.0,58.0,0
10723,56533,0.458,4,4811,57,0.651,3.59,74.4,55.1,1
10812,57352,1.0,0,4395,66,0.612,3.82,92.3,53.0,1
10492,54565,0.432,5,1072,48,0.873,3.29,58.2,57.1,0
10168,51565,0.485,5,2831,50,0.594,3.38,90.6,73.6,0
10194,51783,0.963,2,3534,32,0.864,1.36,28.9,25.8,0
10931,58402,0.996,1,2348,61,0.829,3.12,93.8,75.5,0
10388,53609,0.434,3,8957,47,0.694,2.43,54.1,24.5,1
10343,53152,1.0,2,2386,80,0.592,4.46,79.1,87.2,1
10093,50905,0.701,5,5420,48,0.91,2.78,69.5,55.2,0
10964,58704,0.665,5,1128,41,0.628,2.75,80.8,58.5,0
10836,57569,0.55,4,1538,76,0.552,3.67,69.9,67.2,0
10814,57368,1.0,8,2879,50,0.8,3.24,69.3,48.0,0
10823,57433,1.0,5,2971,89,0.464,3.57,61.1,77.2,1
10227,52081,0.348,6,3656,33,0.718,2.77,54.9,63.0,0
10168,51566,0.583,3,6947,61,0.507,3.87,82.2,77.4,1
10842,57627,0.626,3,7536,64,0.629,4.1,72.0,72.3,1
10768,56948,1.0,9,8810,72,0.679,3.87,84.7,70.8,1
10560,55154,0.999,4,8761,52,0.795,3.05,72.8,50.7,0
10599,55458,1.0,1,2979,71,0.548,3.62,74.6,66.5,0
10661,55974,0.187,2,6928,51,0.811,1.74,40.4,22.0,0
10417,53839,0.311,8,3021,55,0.717,3.51,72.9,69.2,0
10751,56796,1.0,2,7331,39,0.794,3.63,68.0,67.0,1
10563,55191,0.171,4,1310,61,0.703,2.64,56.2,31.7,0
10118,51114,0.253,3,2323,69,0.711,3.18,61.3,73.5,0
10287,52647,0.867,4,8217,27,0.86,2.67,40.7,30.9,1
10656,55936,1.0,2,2060,69,0.48,4.77,92.2,98.0,1
10633,55767,0.532,5,6012,59,0.68,2.46,47.6,35.4,1
10443,54114,1.0,6,4244,80,0.537,3.14,87.6,81.7,1
10573,55270,0.253,3,6972,54,0.643,3.66,87.4,80.4,0
10249,52301,0.391,4,8410,66,0.68,3.87,77.4,62.8,0
10619,55649,0.55,4,2253,47,0.941,3.01,58.3,54.6,1
10025,50255,1.0,4,1667,41,0.769,2.91,62.5,67.8,0
10969,58745,0.364,5,5351,64,0.655,3.11,67.0,75.6,0
10608,55552,0.334,2,3639,40,0.776,2.17,52.9,51.9,0
10359,53317,0.379,6,2963,39,0.719,3.31,64.7,55.6,0
10625,55699,0.374,4,8347,40,0.757,2.87,52.0,49.1,0
10623,55687,0.427,5,4608,72,0.688,3.0,74.7,56.3,0
10696,56280,0.245,3,8474,23,0.678,2.17,56.4,53.9,1
10636,55782,1.0,1,2584,61,0.719,3.11,58.7,42.9,0
10855,57740,1.0,4,6997,66,0.53,4.05,82.8,80.7,1
10281,52590,1.0,8,2591,48,0.615,3.04,68.7,63.9,1
10991,58927,0.641,6,2161,30,0.755,2.82,48.2,44.4,0
10030,50304,1.0,4,8546,60,0.633,2.47,60.7,70.7,0
10562,55174,0.354,2,5624,37,0.694,3.54,53.2,52.1,0
10845,57662,0.484,2,4072,57,0.605,3.21,70.6,55.5,1
10791,57170,1.0,2,1329,57,0.722,2.73,59.3,54.5,0
10747,56756,0.619,3,5098,63,0.473,3.18,90.0,53.0,0
10760,56872,0.44,3,7428,63,0.785,3.81,82.0,65.2,0
10154,51437,1.0,5,7255,98,0.716,2.26,74.6,70.2,1
10329,53035,0.379,8,2924,55,0.646,2.44,70.1,74.4,0
10713,56439,0.161,1,5699,54,0.589,1.98,52.3,54.2,0
10038,50377,0.526,3,4253,48,0.82,2.74,70.0,57.1,0
10201,51870,1.0,5,3438,68,0.91,3.13,63.9,40.1,0
10844,57641,0.754,3,6514,49,0.525,4.18,77.7,59.6,1
10343,53146,0.479,6,6826,63,0.582,3.94,92.7,86.5,0
10899,58092,0.472,3,6427,15,0.789,2.04,47.3,42.4,1
10180,51659,0.375,4,3227,64,0.865,2.62,49.8,43.6,0
10079,50756,0.839,6,8100,54,0.715,3.39,79.3,68.9,1
10761,56887,0.387,2,4724,38,0.856,2.4,61.1,44.8,0
10469,54372,0.982,4,7637,70,0.685,3.84,67.6,69.1,0
10454,54230,0.938,5,8422,30,0.878,2.84,64.7,50.0,1
10029,50291,0.452,6,3302,70,0.497,3.89,87.6,100.0,1
10244,52237,0.945,0,6117,60,0.454,3.92,84.3,66.1,1
10986,58889,0.533,2,2660,39,0.804,2.07,51.4,52.2,0
10551,55082,0.082,4,3911,43,0.752,2.27,56.3,48.4,0
10233,52119,1.0,0,7892,32,0.654,3.17,48.6,76.2,1
10538,54964,0.96,7,7912,41,0.796,2.58,55.3,38.2,0
10663,55992,0.663,3,4241,72,0.784,2.5,59.8,55.5,0
10052,50502,0.613,4,7811,70,0.508,3.67,74.1,82.2,0
10452,54202,0.412,4,6747,69,0.552,2.29,54.4,25.9,1
10548,55047,0.934,0,6324,31,0.641,2.31,43.0,44.6,1
10879,57933,1.0,5,7175,62,0.547,3.38,56.3,53.4,1
10164,51540,0.478,5,5750,54,0.88,2.04,31.7,41.8,0
10536,54954,0.892,4,7135,44,0.891,3.06,66.9,57.1,0
10130,51212,0.34,4,7590,47,0.515,2.3,50.2,48.1,1
10836,57559,0.629,4,5278,62,0.732,3.44,59.2,80.0,0
10909,58202,0.518,4,5062,68,0.715,3.07,71.5,54.1,0
10070,50673,1.0,0,7116,47,0.75,2.78,70.5,27.1,1
10712,56424,1.0,3,2419,57,0.652,3.71,67.3,66.4,1
10562,55172,1.0,5,4522,55,0.778,3.04,61.0,60.4,0
10988,58903,0.399,2,1492,70,0.804,3.5,55.1,59.3,0
10546,55029,0.125,1,3909,50,0.819,2.61,42.8,37.6,0
10559,55149,1.0,7,7184,78,0.651,3.6,100.0,95.0,1
10843,57636,0.944,1,3338,29,0.794,1.61,53.4,42.5,0
10156,51465,0.637,1,4071,43,0.586,2.89,43.3,56.7,0
10444,54123,0.486,2,8155,46,0.981,1.63,38.6,7.4,0
10919,58288,0.463,2,8290,36,0.809,3.11,56.9,61.6,0
10128,51193,1.0,5,5932,74,0.632,3.78,89.0,78.7,1
10326,53015,1.0,6,2875,87,0.502,4.48,94.7,92.0,1
10247,52265,0.921,8,8757,69,0.593,4.25,94.7,94.8,1
10042,50422,0.41,3,5152,47,0.838,2.62,58.4,57.1,0
10052,50506,0.695,4,6300,67,0.669,3.44,75.2,74.1,1
10721,56523,0.375,3,7674,23,0.681,2.97,46.0,25.3,0
10285,52624,0.96,6,6127,73,0.465,4.2,79.1,91.4,1
10171,51583,0.567,3,2871,60,0.673,3.45,75.8,76.3,0
10052,50507,0.728,7,8324,46,0.59,3.49,65.5,60.8,1
10585,55359,0.757,4,6119,77,0.578,3.81,85.3,81.5,0
10260,52406,0.68,5,1271,49,0.523,3.94,80.4,73.3,0
10592,55406,0.546,3,6534,47,0.734,2.6,63.2,56.9,0
10507,54695,0.485,2,7343,36,0.885,2.25,57.9,46.0,1
10065,50622,0.668,1,8397,32,0.855,3.11,72.9,59.5,1
10235,52127,1.0,3,8591,22,0.849,1.95,44.8,31.8,1
10750,56781,0.16,3,7202,49,0.924,1.49,42.9,31.2,0
10966,58715,0.919,2,8799,39,0.723,2.72,59.1,61.5,1
10408,53791,0.763,3,6594,79,0.644,3.12,75.9,66.2,0
10895,58058,1.0,9,5429,45,0.512,3.49,82.3,95.4,0
10930,58392,0.335,2,4533,47,0.753,2.31,49.3,31.6,0
10034,50348,0.304,5,3003,65,0.706,4.04,90.8,81.0,0
10084,50798,1.0,6,7409,75,0.489,3.77,71.1,72.9,0
10717,56477,0.351,5,5930,59,0.613,4.01,65.3,73.7,0
10306,52830,1.0,3,3386,83,0.597,3.28,65.4,47.7,1
10471,54399,0.361,4,7590,66,0.747,3.58,77.8,76.7,1
10928,58385,0.827,11,8224,62,0.565,3.96,81.6,71.3,1
10835,57554,0.978,4,954,46,0.711,2.51,48.3,38.7,1
10964,58694,1.0,2,4145,58,0.536,2.58,85.4,70.2,0
10031,50313,0.461,10,6233,71,0.462,4.38,87.4,81.4,0
10500,54634,0.69,1,8289,39,0.819,1.99,32.3,26.5,0
10078,50747,0.404,2,7367,39,0.66,1.79,47.4,53.5,0
10083,50791,0.805,3,7357,53,0.727,3.5,74.1,59.3,0
10268,52477,0.342,5,6782,52,0.831,2.54,78.1,62.2,0
10219,52025,0.394,2,6885,30,0.584,2.82,63.5,40.2,0
10916,58264,1.0,3,5795,57,0.809,3.3,79.7,66.0,1
10279,52571,1.0,4,1281,58,0.691,3.05,74.4,65.5,0
10372,53466,0.649,13,5941,61,0.748,2.58,60.0,60.6,0
10717,56476,0.307,1,4660,64,0.666,3.45,65.2,65.6,0
10785,57109,1.0,7,7789,57,0.414,3.42,62.8,62.2,1
10593,55412,1.0,4,2181,39,0.71,3.52,54.7,51.9,0
10789,57155,0.551,4,7514,52,0.504,3.67,80.3,84.9,0
10456,54255,0.4,2,6224,59,0.758,2.43,80.0,86.6,1
10026,50260,0.365,1,6911,43,0.876,1.89,60.0,28.9,0
10237,52164,0.588,4,6248,51,0.787,2.99,63.8,55.5,1
10914,58241,0.877,5,5511,43,0.734,3.45,69.4,63.2,0
10038,50381,0.892,2,2043,47,0.689,2.47,60.8,59.8,0
10970,58761,0.227,4,7803,77,0.59,4.25,69.5,73.8,0
10467,54360,1.0,6,3360,63,0.733,3.42,63.2,60.9,0
10207,51913,0.308,4,5350,56,0.64,3.76,73.8,69.3,0
10904,58148,0.489,2,2314,75,0.643,4.17,94.0,100.0,0
10062,50600,1.0,2,4169,15,0.862,1.95,37.8,38.0,1
10004,50046,0.296,5,7804,74,0.61,3.64,81.8,63.2,0
10155,51445,0.609,3,7887,46,0.811,2.66,48.5,30.0,1
10179,51653,0.99,2,938,37,0.759,2.83,59.7,56.6,0
10292,52700,0.838,8,4215,65,0.585,3.82,78.2,85.0,1
10991,58936,1.0,6,7173,37,0.817,3.04,53.2,68.9,1
10204,51894,0.098,7,1348,48,0.776,2.18,55.2,51.0,0
10210,51945,0.353,1,8575,62,0.739,1.92,46.9,41.7,0
10261,52407,0.366,4,8284,58,0.47,3.97,74.6,77.6,0
10586,55366,0.438,2,2395,19,0.802,1.94,40.5,56.7,0
10973,58792,0.84,6,4192,44,0.884,2.62,54.1,46.1,1
10359,53318,1.0,4,6160,58,0.616,3.46,65.9,72.0,1
10212,51967,0.342,2,8629,74,0.469,2.95,57.9,68.8,0
10476,54454,0.775,2,6088,65,0.806,3.19,63.3,43.8,1
10631,55750,0.968,5,6765,50,0.547,3.07,69.7,64.9,1
10425,53942,0.839,11,1039,88,0.419,4.16,97.9,73.9,0
10469,54383,1.0,2,7296,75,0.718,3.81,78.0,62.2,1
10173,51601,0.154,3,8300,49,0.853,2.32,37.3,37.4,0
10836,57572,1.0,2,940,63,0.656,3.54,61.4,75.2,0
10149,51393,1.0,11,3727,77,0.743,4.05,89.8,88.2,0
10741,56703,0.677,3,5445,34,0.597,3.39,52.3,52.5,1
10349,53214,1.0,6,7360,64,0.68,3.87,89.2,75.1,1
10510,54735,0.402,2,3699,58,0.814,3.54,61.8,40.1,0
10580,55324,0.12,2,1409,25,0.829,2.01,58.3,21.4,0
10894,58043,0.991,2,3603,77,0.705,3.55,56.9,53.7,0
10043,50427,0.045,1,2586,43,0.861,2.0,29.4,9.5,0
10547,55041,0.764,4,4664,45,0.739,2.81,68.0,58.4,1
10901,58118,1.0,5,5189,58,0.888,2.84,49.1,42.8,0
10041,50411,0.428,6,8006,85,0.651,3.27,77.5,80.1,0
10908,58185,0.945,8,2843,71,0.764,3.76,80.5,61.0,0
10886,57978,0.974,4,2730,63,0.692,2.36,63.0,35.6,0
10394,53648,1.0,4,5625,64,0.644,3.9,73.5,65.0,0
10268,52487,1.0,5,7005,37,0.889,2.33,73.2,74.2,1
10446,54148,1.0,5,2495,43,0.829,3.55,55.0,54.7,1
10082,50780,0.94,3,1939,68,0.656,2.57,53.3,59.4,0
10469,54382,1.0,3,2506,66,0.714,3.05,74.4,68.1,0
10892,58027,0.12,0,8502,44,0.951,2.22,46.2,35.5,0
10974,58802,0.362,2,8217,35,0.82,2.14,54.9,50.1,1
10021,50211,0.386,2,6810,30,0.755,2.2,50.1,34.8,0
10268,52488,0.459,2,6390,45,0.839,3.16,71.5,72.9,1
10680,56142,0.436,4,7887,76,0.747,4.1,81.1,65.5,1
10420,53862,0.655,3,8442,38,0.848,2.94,57.0,50.5,1
10647,55840,1.0,4,8719,45,0.584,3.57,67.3,61.4,1
10456,54247,0.777,3,4942,50,0.758,2.83,66.4,77.7,0
10110,51050,0.268,2,5537,75,0.772,2.96,57.7,71.3,0
10964,58701,1.0,4,7232,58,0.492,2.82,89.1,84.3,0
10459,54292,1.0,3,2032,49,0.486,3.47,75.3,50.5,1
10904,58142,0.25,5,4717,68,0.466,3.91,92.8,83.1,0
10554,55112,0.502,2,1480,23,1.0,1.65,43.8,39.0,0
10952,58592,1.0,5,5577,64,0.853,3.62,64.1,60.1,1
10822,57427,1.0,3,1897,63,0.531,4.34,83.2,71.0,0
10213,51973,0.413,3,3132,24,0.856,1.26,35.2,29.3,0
10389,53616,0.438,5,8965,68,0.672,4.29,79.6,65.3,0
10231,52100,0.669,2,6078,39,0.757,2.73,50.6,44.4,0
10159,51500,0.283,2,3442,64,0.595,3.73,90.3,72.0,1
10118,51110,0.322,7,1627,62,0.866,3.06,78.7,71.0,0
10325,53007,1.0,11,8581,72,0.576,3.69,86.1,88.8,0
10811,57348,0.313,3,3002,54,0.851,2.75,55.2,45.7,0
10068,50653,0.375,3,2849,36,0.822,3.26,46.6,44.3,0
10857,57761,1.0,3,8990,59,0.637,2.7,43.6,55.7,1
10297,52733,0.386,2,8712,68,0.625,2.98,79.3,56.7,0
10025,50243,0.965,3,2838,54,0.776,3.17,69.4,79.7,1
10195,51796,0.774,4,1228,64,0.853,2.75,68.4,55.6,0
10184,51703,0.373,3,1510,55,0.863,2.61,34.8,53.9,0
10648,55849,0.119,4,1912,40,0.764,2.57,49.5,46.0,1
10864,57829,0.353,2,7431,35,0.76,2.2,48.8,43.8,1
10931,58399,1.0,7,8625,65,0.679,2.97,79.9,76.7,0
10159,51499,0.507,3,1917,48,0.767,3.71,65.5,59.1,0
10298,52757,0.643,4,4433,48,0.604,3.28,61.0,64.2,1
10581,55333,1.0,6,1433,58,0.779,3.78,79.9,72.9,1
10434,54029,0.826,2,7189,44,0.82,2.58,50.5,48.9,0
10239,52179,0.372,6,6348,75,0.58,3.66,72.3,66.9,0
10470,54393,0.715,2,7777,43,0.771,1.62,21.8,24.8,1
10993,58947,0.811,3,5815,49,0.77,2.14,40.8,42.6,0
10861,57798,0.987,3,1496,83,0.589,4.29,80.8,92.2,0
10536,54950,0.654,4,1141,63,0.772,2.53,72.3,60.5,0
10400,53716,0.987,1,5400,52,0.818,2.5,73.3,44.8,1
10074,50706,0.874,7,5716,56,0.694,4.08,65.2,81.0,1
10202,51873,0.058,1,6834,23,0.86,2.23,55.7,56.9,0
10400,53724,0.808,2,6199,62,0.782,2.34,65.2,46.9,1
10603,55505,0.977,0,4323,48,0.548,2.99,73.6,70.6,1
10665,56014,1.0,2,6846,46,0.58,2.98,58.3,55.3,1
10687,56211,1.0,1,6868,35,0.776,2.41,37.2,39.4,1
10936,58436,0.265,1,2963,64,0.704,3.58,75.4,72.7,0
10716,56469,0.384,0,4244,42,0.717,2.39,47.4,37.5,0
10463,54307,0.965,6,5941,42,0.694,2.32,53.8,34.6,1
10915,58242,1.0,5,6708,47,0.681,2.86,66.2,45.5,1
10475,54437,0.552,5,7624,61,0.691,3.78,84.8,89.2,1
10754,56818,0.539,6,7772,59,0.725,3.33,69.6,60.3,1
10058,50566,0.791,5,2782,69,0.841,3.37,65.7,67.4,1
10634,55776,1.0,4,4959,37,0.77,2.67,47.1,39.3,1
10455,54241,0.69,4,8571,66,0.977,3.14,77.8,56.8,0
10964,58697,1.0,3,4091,60,0.553,2.99,82.5,66.6,0
10324,52988,1.0,1,7996,80,0.622,3.27,75.4,73.5,1
10067,50641,0.615,2,2960,55,0.642,3.0,73.4,52.3,0
10391,53626,0.982,0,1459,32,0.875,2.32,25.6,32.1,1
10668,56034,0.174,2,2326,46,0.562,3.41,70.4,71.3,0
10301,52779,1.0,4,6130,50,0.753,3.24,61.9,61.1,1
10052,50508,0.29,4,6108,37,0.696,3.72,72.9,65.5,1
10751,56798,0.948,5,8862,42,0.829,3.65,60.7,56.2,1
10212,51965,0.888,1,6538,58,0.491,2.89,56.1,56.6,0
10948,58548,0.287,5,7814,55,0.46,3.24,55.1,59.1,0
10163,51535,0.411,1,4134,74,0.586,3.21,79.2,90.9,0
10032,50326,0.982,4,5123,38,0.911,2.65,43.5,46.1,0
10699,56320,1.0,6,6508,66,0.571,3.9,88.6,81.3,1
10253,52339,0.652,11,6112,71,0.823,4.15,77.4,76.2,1
10367,53413,0.87,4,4527,49,0.419,3.2,67.0,62.8,0
10797,57231,0.207,2,7296,45,0.554,2.16,56.2,40.7,1
10379,53523,0.397,5,3660,72,0.643,3.45,75.0,64.1,1
10244,52238,0.984,5,2657,64,0.585,3.76,74.7,62.7,1
10718,56490,1.0,1,6827,47,0.643,2.91,48.9,59.8,1
10879,57939,1.0,2,4546,52,0.598,3.42,69.6,56.9,0
10584,55357,0.353,1,6026,25,0.762,2.41,53.0,27.2,1
10964,58702,1.0,3,5373,63,0.531,2.73,86.5,60.3,0
10422,53881,0.776,7,2501,55,0.886,3.23,82.4,83.5,0
10525,54848,1.0,9,5278,54,0.623,2.36,55.5,52.9,0
10091,50865,0.446,4,3627,59,0.681,2.98,80.6,100.0,1
10509,54727,0.524,1,3649,58,0.834,3.59,92.2,80.8,0
10914,58237,0.635,4,2166,65,0.869,3.39,66.1,64.2,0
10741,56697,1.0,2,7413,39,0.727,2.82,46.7,63.1,1
10674,56080,0.975,6,3355,67,0.711,2.91,67.2,56.3,0
10304,52816,0.674,6,4291,67,0.619,3.92,84.0,79.9,0
10717,56473,1.0,6,1415,59,0.724,3.79,67.4,68.0,0
10889,58014,0.935,3,1625,74,0.639,3.1,81.9,86.2,1
10037,50372,1.0,4,3250,67,0.771,4.12,77.7,69.3,0
10772,56995,0.563,3,2724,59,0.566,2.76,91.3,67.2,0
10498,54614,0.991,4,1343,35,0.709,2.7,73.6,31.4,0
10848,57685,0.741,2,2468,35,0.793,2.47,41.3,51.0,0
10275,52543,0.618,3,2671,71,0.893,3.03,81.3,61.1,0
10925,58361,0.511,4,4445,53,0.554,3.05,71.1,75.5,1
10513,54752,0.328,5,2629,80,0.672,3.56,81.1,80.2,0
10934,58421,1.0,3,8302,35,0.598,1.98,46.7,44.1,0
10946,58540,0.954,4,1414,45,0.584,2.76,54.1,60.7,0
10975,58807,0.954,2,7466,43,0.774,2.29,50.9,41.0,0
10256,52365,0.278,2,3397,46,0.881,2.49,53.0,40.2,0
10609,55559,0.195,5,7027,51,0.874,2.75,67.8,61.7,0
10146,51361,1.0,4,7857,54,0.664,2.96,73.3,41.0,1
10094,50912,0.832,3,7088,56,0.848,1.9,43.3,46.4,1
10897,58076,1.0,7,3637,28,0.6,2.24,52.0,37.5,1
10682,56176,0.203,7,4235,73,0.652,3.98,63.6,71.6,0
10573,55260,1.0,1,4404,65,0.65,3.25,78.6,90.9,1
10756,56825,0.161,3,7740,58,0.902,2.09,48.5,56.6,0
10363,53356,0.303,3,5471,46,0.945,2.85,68.1,57.9,0
10423,53910,0.621,4,3572,79,0.418,4.02,85.4,90.5,0
10100,50965,0.249,5,2831,52,0.865,2.5,64.3,40.3,0
10425,53937,1.0,8,6886,82,0.531,4.2,82.5,82.9,1
10153,51424,0.358,8,5693,78,0.387,3.44,100.0,100.0,0
10013,50123,0.513,1,8026,49,0.827,3.23,66.7,50.6,1
10049,50480,0.196,3,4779,64,0.554,2.81,62.1,64.7,0
10069,50663,1.0,0,6288,67,0.577,3.45,74.0,77.3,0
10573,55266,0.97,3,7604,65,0.622,3.95,71.5,73.4,1
10398,53708,0.596,2,4621,45,0.917,1.21,34.8,27.5,1
10506,54688,1.0,1,3098,59,0.65,3.78,90.2,62.4,0
10889,58009,0.541,4,2449,79,0.695,3.19,87.8,90.7,0
10324,52989,0.85,6,6969,62,0.491,3.17,74.9,87.4,1
10785,57104,1.0,5,7834,68,0.562,3.64,67.9,58.5,1
10301,52777,1.0,2,2463,48,0.78,3.01,63.7,76.7,1
10045,50440,0.109,0,3570,42,0.52,1.92,50.7,35.5,0
10148,51380,1.0,4,8824,65,0.599,4.3,72.3,75.1,0
10480,54481,0.649,1,5242,46,0.714,2.58,60.5,27.8,0
10433,54008,0.912,3,3871,85,0.774,4.61,88.6,74.9,1
10533,54923,0.805,5,1308,52,0.627,3.23,72.4,60.5,0
10683,56180,0.419,5,6789,43,0.725,2.84,60.4,37.8,0
10155,51444,0.619,2,2741,45,0.8,2.33,41.1,43.7,0
10585,55364,0.556,3,4872,66,0.61,3.9,86.0,72.4,0
10742,56713,1.0,6,5781,87,0.727,4.44,98.2,75.5,1
10158,51478,0.63,4,1267,65,0.689,3.23,62.5,52.0,0
10222,52040,0.679,4,8469,46,0.703,2.83,60.4,55.5,1
10125,51174,1.0,6,8417,69,0.691,3.76,77.5,87.6,0
10942,58504,0.539,4,4058,64,0.753,3.39,90.6,74.0,1
10661,55971,0.902,4,2703,15,0.916,2.02,39.9,15.6,1
10378,53519,0.228,6,7231,66,0.625,3.04,72.3,85.9,0
10391,53627,0.938,1,7295,23,0.923,2.21,31.6,28.7,1
10922,58327,0.511,2,8758,76,0.523,3.15,90.9,47.4,0
10465,54342,0.379,3,6136,64,0.571,3.21,73.3,63.7,0
10312,52894,1.0,5,6406,56,0.661,3.46,76.2,46.7,1
10289,52670,0.657,4,3555,46,0.741,2.24,56.3,41.6,0
10455,54236,0.221,3,6836,36,0.795,3.41,73.6,43.0,0
10028,50280,0.749,3,3023,31,0.768,3.3,57.4,78.5,0
10532,54909,0.967,5,4596,39,0.8,3.27,64.8,45.1,0
10595,55427,1.0,5,4840,76,0.567,4.48,100.0,92.0,1
10534,54925,1.0,5,4921,52,0.916,3.17,69.9,56.3,1
10279,52572,0.351,4,7307,56,0.695,2.66,72.7,61.6,0
10620,55661,1.0,4,8482,52,0.773,3.09,87.9,43.1,1
10116,51102,1.0,2,3607,72,0.511,4.42,81.7,81.9,0
10058,50569,0.645,4,3417,68,0.714,3.58,87.5,68.9,0
10184,51695,0.402,1,1280,50,0.817,2.43,42.6,34.7,1
10403,53743,0.913,2,1070,45,0.716,2.27,71.4,62.7,1
10407,53775,0.395,4,4555,43,0.815,2.61,52.2,62.8,0
10956,58632,0.981,7,5029,57,0.525,3.87,86.3,85.7,1
10849,57686,1.0,5,4608,58,0.606,3.27,66.4,42.9,0
10938,58465,0.188,0,7097,41,0.91,2.15,43.8,44.1,0
10060,50578,0.479,1,2770,89,0.605,3.92,88.9,99.8,0
10005,50060,1.0,4,4811,66,0.67,3.87,84.0,92.4,0
10905,58157,0.071,2,5894,30,0.793,2.28,51.7,21.7,1
10083,50788,0.636,3,5557,68,0.819,3.21,69.4,55.2,1
10455,54242,1.0,8,8523,55,0.863,3.42,77.6,54.9,1
10459,54289,1.0,5,8372,60,0.637,3.38,70.2,54.6,0
10348,53209,0.375,0,3971,34,0.619,2.08,44.2,47.6,0
10788,57146,0.99,2,4360,82,0.57,2.9,87.0,79.2,1
10573,55272,0.705,2,3537,73,0.722,3.94,84.1,56.2,1
10726,56565,0.831,3,8768,22,0.612,2.03,41.8,41.9,1
10640,55810,0.253,2,8502,46,0.833,3.05,50.8,62.7,1
10371,53456,1.0,3,8159,64,0.634,2.77,62.8,55.9,0
10994,58964,0.332,3,7937,51,0.765,3.71,63.7,80.0,0
10656,55932,0.553,7,5006,72,0.541,4.32,96.4,86.0,0
10402,53735,0.499,2,7863,51,0.764,2.25,52.7,57.3,0
10033,50336,0.399,2,4107,55,0.92,1.98,50.6,31.2,0
10791,57169,1.0,1,1878,58,0.728,3.31,64.9,60.7,1
10500,54631,0.417,2,5353,37,0.91,2.4,51.3,31.9,1
10811,57347,1.0,3,5619,47,0.771,2.7,44.1,53.1,1
10693,56251,1.0,4,4815,48,0.857,3.28,70.6,63.4,1
10048,50468,0.923,6,7283,25,0.885,1.94,40.6,22.7,1
10018,50185,0.906,1,8683,64,0.706,3.45,75.7,89.9,0
10484,54519,0.946,5,5246,40,0.645,2.99,66.4,57.7,0
10517,54780,0.372,2,8579,42,0.64,3.43,76.6,65.1,1
10042,50421,1.0,1,6988,52,0.915,2.46,59.8,47.6,1
10254,52351,0.306,2,6662,56,0.562,3.48,77.8,62.2,0
10057,50554,0.617,4,6212,56,0.826,4.03,76.3,42.9,1
10150,51398,0.452,2,7276,41,0.751,1.9,69.6,42.6,0
10149,51385,0.358,8,7388,67,0.8,3.75,82.1,73.6,0
10869,57873,0.92,1,1486,41,1.0,1.91,53.5,38.2,1
10436,54061,0.239,4,1634,32,0.941,2.03,38.2,22.8,0
10190,51761,0.385,3,6848,21,0.835,2.19,32.7,20.0,0
10825,57470,0.315,1,1222,47,0.762,3.48,56.3,49.5,0
10029,50298,0.369,6,2309,76,0.495,3.45,88.3,90.3,0
10046,50444,1.0,5,1755,70,0.608,3.8,67.7,75.9,0
10082,50778,0.869,2,4285,66,0.66,2.85,58.1,70.4,0
10118,51120,0.513,2,2806,62,0.864,3.08,68.0,72.6,0
10429,53969,0.454,4,7659,64,0.561,3.74,70.7,58.2,0
10657,55941,0.55,1,1027,62,0.677,2.92,52.2,42.6,0
10733,56614,0.954,3,4689,97,0.575,3.52,71.8,76.5,0
10208,51922,0.633,2,5933,33,0.815,1.69,46.8,21.9,1
10068,50656,0.939,1,4613,44,0.687,2.35,46.0,46.7,0
10973,58791,1.0,2,4143,60,0.742,2.96,64.1,37.0,1
10244,52230,1.0,4,5370,84,0.53,3.75,74.3,69.9,1
10497,54610,0.626,6,5386,79,0.582,4.36,88.7,75.5,0
10307,52843,1.0,1,1826,36,0.891,2.09,54.7,43.2,0
10275,52538,1.0,5,7012,79,0.975,3.05,76.7,66.2,1
10979,58837,1.0,5,2217,70,0.731,3.72,93.2,63.1,0
10923,58330,0.387,3,6024,57,0.595,2.92,73.0,57.0,1
10275,52541,0.975,7,6779,38,0.863,3.37,73.9,71.7,1
10423,53913,1.0,6,3012,79,0.434,3.7,93.2,89.7,0
10999,59000,0.392,5,3409,52,0.611,2.59,44.0,45.9,0
10266,52458,0.57,4,3053,50,0.454,2.91,72.3,71.4,0
10279,52579,0.769,5,1606,65,0.605,2.5,74.8,72.8,0
10838,57587,0.732,4,3999,46,0.773,1.65,60.1,24.3,0
10371,53458,1.0,3,7797,56,0.628,2.56,60.0,52.2,1
10866,57845,0.907,5,994,59,0.546,3.42,80.2,61.4,0
10298,52759,1.0,4,4775,45,0.624,3.01,59.3,45.9,1
10729,56582,0.688,2,2320,34,0.792,2.8,67.2,51.2,1
10688,56215,1.0,4,4393,73,0.772,3.73,70.1,75.3,0
10058,50559,0.552,2,3806,77,0.793,3.4,83.6,71.3,0
10031,50321,0.292,6,6297,76,0.509,3.52,82.6,88.9,0
10330,53040,0.84,6,1786,67,0.744,3.33,87.2,93.8,0
10147,51372,1.0,7,3142,70,0.528,3.59,80.8,78.9,0
10746,56751,0.284,6,3639,54,0.752,3.05,74.7,57.2,1
10094,50908,0.642,5,4644,59,0.73,2.53,35.3,33.6,1
10520,54804,1.0,2,4125,43,0.735,2.69,80.0,58.8,0
10154,51434,1.0,4,7125,76,0.613,2.47,66.6,70.4,0
10861,57801,0.984,2,8003,72,0.554,3.94,75.9,100.0,0
10591,55401,0.837,1,4694,62,0.825,2.22,44.4,58.8,0
10770,56983,0.293,6,4568,58,0.497,3.73,67.4,65.0,0
10805,57304,0.602,2,3894,69,0.455,4.36,72.4,98.7,1
10533,54914,0.716,3,5723,45,0.65,3.39,74.9,65.5,1
10344,53160,1.0,2,5657,63,0.823,2.54,61.1,52.6,1
10768,56947,0.744,2,3708,65,0.757,4.09,70.3,66.1,0
10096,50927,1.0,4,5854,85,0.61,3.94,85.1,72.8,1
10537,54956,0.218,4,3648,43,0.646,3.68,56.3,73.4,0
10266,52471,0.774,5,1833,58,0.507,2.9,82.9,64.7,0
10001,50016,0.204,6,4415,32,0.73,2.5,48.8,57.8,0
10014,50144,0.723,1,7405,48,0.412,3.85,91.0,72.6,0
10808,57332,1.0,4,4099,74,0.627,3.67,81.8,73.4,1
10256,52364,1.0,3,4574,60,0.834,3.0,54.8,43.6,1
10573,55267,1.0,4,3612,71,0.582,3.76,87.8,80.5,1
10771,56988,0.74,7,8007,49,0.799,3.87,60.8,50.4,1
10124,51162,0.962,8,8666,66,0.653,3.74,83.8,67.6,0
10727,56568,0.852,2,5737,55,0.739,2.28,64.0,47.1,0
10737,56642,0.635,6,7422,52,0.461,3.51,75.5,74.5,1
10448,54171,0.98,0,2445,53,0.755,1.8,43.0,34.4,1
10371,53459,0.5,3,7838,65,0.646,3.14,70.9,47.5,0
10129,51205,0.408,4,5462,53,0.765,1.98,57.4,50.0,0
10946,58538,0.38,4,6383,35,0.494,3.16,58.8,59.2,0
10146,51363,0.242,5,5117,55,0.72,2.15,75.1,44.9,0
10864,57828,0.211,3,5889,49,0.866,1.97,41.2,45.0,0
10130,51213,1.0,2,1320,61,0.527,2.35,46.5,52.7,0
10202,51877,0.638,0,8908,53,0.77,2.41,46.8,54.2,1
10357,53299,0.825,1,7705,73,0.63,3.81,71.4,84.3,1
10679,56121,0.617,5,2378,80,0.537,4.08,80.0,100.0,0
10459,54291,0.394,4,4833,60,0.573,3.52,69.0,46.4,0
10841,57614,1.0,4,8858,32,0.726,2.52,51.6,51.2,1
10657,55940,0.867,4,4424,59,0.767,2.44,70.5,42.4,0
10463,54316,1.0,2,8266,54,0.807,2.46,61.6,32.9,1
10125,51171,0.534,2,8742,77,0.605,3.89,81.6,80.0,0
10060,50580,0.577,9,8529,77,0.646,4.37,90.2,100.0,0
10239,52183,0.635,1,8503,73,0.679,4.07,56.6,68.9,0
10549,55065,0.906,3,5804,35,0.935,1.95,54.1,36.8,0
10357,53291,0.194,6,4875,44,0.568,3.4,78.4,73.6,0
10676,56108,1.0,7,8768,56,0.73,2.82,69.0,40.1,0
10199,51834,0.091,2,3586,52,0.741,1.99,60.0,64.6,0
10744,56727,0.774,8,8764,69,0.686,3.73,89.1,78.5,1
10198,51826,0.439,4,3173,42,0.749,3.07,63.8,66.6,0
10716,56467,0.525,3,7706,44,0.798,2.95,55.8,47.3,1
10200,51860,0.348,3,2203,75,0.646,3.71,82.9,90.7,0
10403,53746,0.931,1,4578,34,0.772,2.6,67.4,70.1,1
10631,55742,0.306,7,4381,54,0.663,3.24,70.8,66.8,0
10291,52686,0.886,2,4952,49,0.734,2.6,51.3,38.0,0
10557,55130,1.0,2,6180,41,0.962,2.32,50.5,25.6,1
10970,58769,0.612,5,7055,69,0.777,3.94,85.0,72.6,1
10487,54533,1.0,4,6990,65,0.575,2.96,65.3,54.6,1
10339,53122,0.377,9,6824,69,0.623,3.95,72.3,63.8,1
10039,50388,0.816,2,1262,46,0.822,2.97,72.5,69.5,0
10694,56264,0.913,7,8055,93,0.53,3.74,72.8,89.2,0
10109,51033,0.254,2,5017,47,0.715,2.2,52.6,44.3,0
10699,56319,0.634,9,1921,83,0.527,3.95,93.9,75.8,0
10268,52489,0.141,4,3477,57,0.911,2.53,63.1,66.5,1
10248,52287,0.356,2,4158,15,0.908,2.7,42.4,44.4,1
10346,53188,0.889,1,4546,66,0.543,3.87,88.1,63.8,1
10285,52630,1.0,3,5477,86,0.54,3.64,84.5,94.2,1
10470,54392,0.154,3,6711,52,0.648,1.69,47.1,20.2,0
10453,54205,0.389,4,7842,40,0.678,2.83,52.2,51.1,0
10332,53059,0.25,0,3595,21,1.0,2.5,45.8,21.9,1
10367,53411,1.0,8,1732,47,0.579,3.25,67.7,66.4,1
10096,50932,1.0,5,2661,86,0.632,4.78,87.7,81.0,1
10422,53887,0.964,6,8670,66,0.843,3.28,79.0,75.6,1
10073,50692,0.624,4,5694,51,0.787,2.7,72.1,52.6,0
10457,54268,0.363,3,8842,68,0.679,3.63,96.9,72.3,0
10204,51892,0.447,4,8276,50,0.565,2.34,46.9,63.4,1
10247,52269,0.659,3,3277,73,0.697,4.1,76.7,89.2,1
10872,57895,0.52,3,8592,34,0.665,2.75,55.3,56.6,1
10087,50830,1.0,1,6883,47,0.84,2.87,53.6,71.6,1
10708,56385,1.0,5,3136,49,0.544,4.42,60.2,74.0,1
10897,58073,1.0,3,3825,35,0.536,2.53,57.4,50.7,1
10397,53689,0.178,1,3373,19,0.807,1.98,39.7,25.5,0
10942,58496,1.0,8,5251,71,0.741,3.44,78.9,80.1,0
10004,50045,1.0,5,8590,68,0.502,3.52,75.7,63.8,1
10336,53102,1.0,3,8017,26,0.982,2.08,45.4,0.6,1
10469,54387,0.67,3,6325,59,0.71,3.54,86.6,76.5,1
10326,53013,1.0,6,8537,82,0.472,4.73,100.0,94.5,1
10799,57245,0.365,4,2544,39,0.813,2.03,61.5,39.6,0
10509,54717,0.958,5,7747,66,0.809,3.62,79.3,88.9,1
10022,50224,0.436,2,4671,58,0.51,3.72,80.3,69.6,0
10322,52966,0.665,2,5488,40,0.748,2.37,35.3,26.6,0
10128,51188,0.607,6,3585,55,0.633,3.88,82.1,76.2,0
10674,56087,0.428,4,3409,64,0.775,3.02,64.7,67.9,1
10088,50838,0.684,1,5273,57,0.792,2.79,60.5,52.2,0
10379,53528,1.0,6,6908,78,0.766,3.23,72.1,77.2,0
10182,51684,1.0,7,1054,83,0.524,4.97,87.6,83.7,1
10896,58068,0.686,3,5710,27,0.702,2.52,51.7,39.0,0
10333,53060,0.176,0,5570,34,0.732,2.43,53.2,21.3,1
10859,57774,0.67,1,6727,61,0.568,3.34,73.2,86.2,0
10766,56943,1.0,2,3883,46,0.611,3.08,71.7,55.2,0
10005,50064,0.881,4,4470,75,0.746,3.97,77.5,89.5,0
10335,53093,0.771,1,2366,43,0.678,2.92,59.7,56.6,0
10065,50618,0.394,5,4288,62,0.782,2.02,71.6,52.7,0
10545,55020,0.669,1,5006,50,0.74,2.86,53.2,39.0,1
10706,56366,0.611,5,3353,58,0.858,2.04,45.8,49.2,0
10023,50228,0.249,4,4575,46,0.704,2.83,56.9,42.4,0
10547,55045,0.983,2,4832,46,0.694,3.01,60.6,51.3,0
10764,56922,0.874,3,2642,34,0.773,2.71,43.7,29.0,0
10680,56144,0.242,6,6854,65,0.679,4.06,69.6,69.7,1
10346,53196,0.706,4,6312,63,0.503,3.9,73.0,67.2,1
10758,56847,0.298,2,5148,31,0.748,2.85,44.5,31.0,0
10762,56898,1.0,6,3409,65,0.609,3.26,76.7,71.0,0
10446,54140,0.413,8,4641,56,0.766,2.54,61.1,65.5,0
10100,50970,0.712,5,6480,49,0.751,2.21,52.5,53.0,0
10195,51806,0.875,3,8782,62,0.797,2.34,56.8,52.4,0
10265,52448,1.0,2,4006,55,0.763,3.36,57.3,59.5,1
10096,50926,0.955,4,2559,95,0.73,4.04,82.8,86.6,1
10917,58271,0.623,5,1949,48,0.732,2.58,67.5,35.2,0
10366,53406,1.0,4,4222,51,0.744,3.38,60.5,75.5,1
10565,55198,1.0,4,2123,52,0.693,3.07,54.7,44.6,0
10769,56966,0.338,7,4791,68,0.839,3.16,67.0,76.5,0
10617,55622,0.463,1,5333,52,0.489,2.93,65.1,61.8,0
10308,52852,0.356,0,2893,38,0.724,1.78,38.8,36.6,0
10433,54003,1.0,1,1031,76,0.866,4.02,80.2,82.1,1
10509,54723,0.586,2,2062,68,0.749,3.57,87.2,68.2,1
10200,51861,0.397,0,2992,75,0.466,4.24,88.1,81.1,0
10536,54953,1.0,3,5654,44,0.919,2.74,74.0,59.1,0
10846,57664,0.894,7,6953,84,0.551,3.99,94.4,66.3,0
10913,58232,0.6,2,1923,63,0.744,3.53,66.3,57.7,0
10833,57545,0.438,3,2020,31,0.65,1.26,56.6,37.7,0
10446,54150,0.318,3,3760,43,0.796,3.07,63.1,61.7,0
10025,50253,0.685,3,6370,56,0.541,3.11,56.0,68.3,0
10415,53828,1.0,4,8425,38,0.749,2.98,67.2,57.8,1
10710,56395,0.028,1,6511,25,0.71,2.13,32.2,27.6,0
10195,51790,0.325,3,4705,63,0.844,3.01,59.2,57.6,0
10745,56747,0.799,2,2676,47,0.83,2.4,52.0,59.9,1
10224,52060,0.732,1,3381,52,0.838,2.67,65.9,45.5,0
10559,55146,0.826,6,1803,77,0.683,4.3,87.6,83.6,1
10330,53048,0.438,4,3671,45,0.709,3.84,86.7,87.8,0
10761,56890,1.0,2,8241,49,0.821,2.2,61.6,34.8,1
10647,55846,0.29,2,3791,41,0.514,3.43,68.7,66.5,0
10205,51903,0.742,1,2943,57,0.547,3.15,60.5,70.8,0
10298,52751,0.573,5,4792,49,0.613,3.02,47.3,46.6,0
10234,52120,0.797,5,2138,60,0.476,3.14,69.8,57.9,1
10798,57233,0.584,3,4031,61,0.601,3.52,55.0,63.6,0
10962,58683,1.0,6,2654,48,0.719,2.8,55.9,36.8,0
10759,56858,0.696,4,7065,45,0.755,2.87,61.6,50.0,0
10291,52690,0.536,1,1465,31,0.74,2.95,53.9,38.4,0
10649,55853,1.0,2,4362,23,0.696,2.09,33.4,45.5,1
10458,54280,0.456,0,5704,32,0.701,2.18,40.0,46.9,0
10208,51924,0.0,1,3259,42,0.855,1.58,40.3,18.7,0
10612,55582,0.426,1,2001,35,0.848,1.47,34.2,14.2,0
10006,50076,0.246,7,4075,47,0.757,2.87,64.6,68.7,0
10253,52346,1.0,4,7467,54,0.731,4.03,79.4,76.6,1
10254,52352,0.392,6,5548,62,0.669,2.92,72.9,57.6,0
10474,54424,0.238,1,4378,59,0.764,3.01,48.4,69.8,0
10043,50431,0.268,2,8111,40,0.737,1.7,32.5,32.0,0
10544,55015,0.624,8,4492,49,0.634,2.94,77.7,54.7,0
10470,54394,0.421,1,4263,43,0.764,1.13,38.6,28.7,0
10569,55227,0.931,2,1766,32,0.845,2.87,46.7,34.4,0
10661,55973,0.094,4,8132,35,0.806,2.07,32.5,21.8,0
10937,58460,0.839,3,6764,45,0.801,3.08,74.5,39.9,1
10487,54538,1.0,5,4765,67,0.624,2.76,68.1,67.9,0
10979,58829,0.345,2,2045,77,0.787,3.43,81.3,92.4,0
10725,56552,1.0,2,4472,56,0.678,2.89,68.4,56.0,0
10739,56670,0.799,2,8099,65,0.507,3.24,78.7,49.9,1
10500,54627,0.125,3,1427,36,0.915,2.27,45.1,36.8,0
10817,57387,0.303,5,903,53,0.668,3.43,56.1,50.6,0
10025,50241,0.416,5,1439,62,0.617,3.06,60.3,71.4,0
10082,50784,0.452,3,6819,63,0.64,2.82,54.8,56.2,1
10146,51355,1.0,4,2045,66,0.723,2.69,61.1,42.4,0
10333,53067,0.931,1,7535,35,0.855,2.11,55.3,27.9,1
10631,55744,0.558,8,2087,62,0.547,2.8,67.5,57.6,0
10101,50978,0.659,3,3768,40,0.773,3.0,61.0,51.3,0
10086,50810,0.204,5,7839,67,0.798,3.3,64.8,56.2,0
10238,52169,0.5,6,2326,86,0.727,4.55,89.5,87.3,0
10819,57406,0.697,2,1664,47,0.566,2.42,63.7,56.9,0
10693,56252,1.0,4,7629,51,0.87,3.0,76.3,62.2,0
10173,51600,0.915,2,3636,50,0.866,1.77,41.9,31.5,0
10317,52942,1.0,0,3153,45,0.723,2.78,55.0,67.1,0
10907,58171,0.793,5,2265,62,0.655,2.96,57.7,54.8,0
10535,54943,0.467,4,2452,72,0.769,4.18,65.8,65.7,0
10578,55305,0.579,6,2830,42,0.797,2.47,63.2,62.9,0
10072,50685,0.958,1,2477,21,0.813,2.54,47.6,16.1,1
10987,58894,0.563,4,2341,63,0.751,2.9,65.8,67.6,0
10936,58440,0.428,8,6076,59,0.673,4.25,83.7,76.5,1
10175,51621,0.869,8,4197,75,0.673,2.93,100.0,79.8,1
10446,54141,0.657,2,2364,53,0.838,3.25,59.4,62.2,0
10158,51483,1.0,3,6533,61,0.756,3.63,60.1,67.8,0
10236,52147,0.654,6,5586,35,0.799,3.04,54.7,49.0,0
10195,51802,0.438,1,7038,52,0.794,3.0,57.5,58.8,0
10230,52096,0.896,3,1087,58,0.777,2.86,58.1,40.0,0
10726,56554,0.259,1,1152,25,0.606,2.47,41.9,36.0,0
10146,51358,0.844,5,2196,62,0.773,2.85,73.1,32.1,1
10717,56483,1.0,4,8290,63,0.622,3.87,76.8,66.7,1
10430,53974,0.448,1,6126,54,0.618,3.2,70.2,65.6,0
10428,53962,0.834,0,8681,36,0.871,1.84,29.9,19.0,0
10801,57261,0.835,2,3987,26,0.83,1.22,36.6,25.0,1
10797,57230,1.0,1,7205,51,0.586,2.25,49.0,41.7,1
10745,56746,0.32,2,8548,39,0.748,1.97,51.5,49.7,1
10420,53873,1.0,3,4252,43,0.899,2.64,55.0,36.7,1
10473,54418,0.251,2,5103,32,0.765,2.04,60.6,34.6,0
10174,51610,0.616,5,4396,45,0.978,2.71,61.1,36.2,1
10991,58933,1.0,3,4764,47,0.847,3.23,46.8,48.6,0
10051,50495,0.867,4,1801,75,0.871,2.48,46.4,67.8,0
10750,56786,0.623,2,1403,53,0.871,1.75,45.7,26.6,0
10359,53320,0.64,1,2704,40,0.863,3.05,66.2,52.2,0
10782,57076,1.0,6,8238,58,0.872,2.67,52.2,38.0,1
10218,52018,0.905,1,8117,39,0.661,2.94,49.1,50.8,0
10940,58488,0.484,3,3169,36,0.67,2.3,43.5,29.3,0
10252,52329,1.0,5,4231,46,0.718,2.79,47.8,36.9,0
10002,50030,1.0,6,6553,53,0.676,3.11,75.4,63.8,1
10629,55732,0.25,7,7783,49,0.775,2.48,50.6,45.4,0
10466,54348,1.0,6,5971,84,0.723,4.11,92.9,97.5,1
10978,58823,0.584,1,6512,43,0.7,2.57,70.0,63.9,1
10338,53119,0.343,7,1939,51,0.768,3.45,70.9,71.5,0
10116,51093,1.0,7,2702,68,0.516,3.56,92.4,80.8,0
10353,53247,1.0,2,7514,73,0.532,3.76,93.8,83.8,1
10013,50125,0.72,2,3757,47,0.878,3.65,56.0,67.0,0
10830,57516,0.325,5,6639,49,0.595,3.54,61.8,57.0,0
10789,57158,0.353,8,4097,62,0.535,3.57,79.7,82.4,1
10458,54276,0.196,4,5132,34,0.994,2.24,41.1,36.0,1
10988,58913,0.371,4,1370,64,0.871,3.07,55.9,65.4,0
10981,58853,1.0,3,1141,58,0.65,3.98,76.3,48.1,0
10249,52299,1.0,3,8161,54,0.664,4.17,70.4,71.4,0
10691,56241,0.19,2,4719,45,0.743,2.33,62.3,54.6,0
10165,51554,0.482,8,3225,54,0.567,3.19,72.9,93.2,0
10914,58234,1.0,4,2522,65,0.766,3.85,69.4,60.2,0
10361,53342,1.0,5,5154,78,0.726,3.34,76.9,64.9,1
10062,50599,0.875,2,6916,17,0.991,2.1,42.4,24.3,1
10234,52124,0.52,5,3065,61,0.513,3.57,74.5,64.3,0
10823,57431,0.853,5,2336,79,0.522,3.77,72.8,74.1,1
10152,51417,1.0,10,1783,66,0.596,4.33,86.6,92.7,1
10574,55274,0.352,2,3424,86,0.434,4.09,92.7,83.2,0
10404,53756,0.911,6,7090,50,0.644,3.63,48.0,72.7,1
10627,55720,0.462,5,8606,68,0.548,3.71,68.7,70.8,0
10548,55058,0.486,3,3232,25,0.69,1.76,46.7,47.2,0
10623,55685,0.319,2,4472,54,0.674,3.09,80.5,65.8,0
10874,57903,0.794,3,8897,45,0.622,2.48,47.0,54.7,1
10511,54740,0.959,3,7450,22,0.666,1.95,41.8,29.5,1
10241,52198,0.561,5,3825,57,0.785,3.81,90.6,84.6,1
10530,54882,0.236,2,6105,67,0.777,3.45,81.9,63.1,0
10364,53363,0.33,4,4380,56,0.553,3.36,81.3,69.0,0
10606,55523,0.978,5,5263,56,0.674,3.36,54.3,75.2,0
10076,50726,0.777,3,2244,56,0.513,2.87,62.1,58.9,1
10853,57717,0.542,2,7662,47,0.58,2.34,50.5,45.4,0
10434,54032,0.935,2,1341,49,0.995,2.51,51.8,36.9,0
10086,50809,1.0,8,2106,59,0.79,2.75,72.6,52.3,1
10674,56093,0.701,3,6150,63,0.67,3.19,84.2,70.2,0
10742,56711,1.0,5,2007,70,0.555,4.05,82.3,75.6,0
10099,50959,0.342,3,1522,47,0.783,3.2,59.7,61.0,1
10686,56207,0.838,5,3048,45,0.714,2.44,68.6,55.9,0
10676,56102,1.0,3,5402,48,0.621,3.11,59.4,59.4,0
10611,55573,1.0,5,2974,67,0.538,3.6,69.1,68.0,0
10086,50811,0.349,3,5388,60,0.818,2.79,75.9,44.2,0
10937,58462,0.721,1,6372,52,0.827,2.54,54.0,52.2,0
10088,50835,1.0,3,2741,52,0.849,3.03,63.1,46.1,0
10436,54058,1.0,3,8875,40,0.898,2.0,35.3,28.4,0
10262,52424,0.497,4,6116,53,0.759,3.16,71.5,61.5,1
10763,56916,0.716,4,2422,60,0.53,4.43,78.7,76.6,0
10414,53821,0.98,2,2191,51,0.686,2.95,52.4,51.7,1
10132,51236,0.256,1,1798,45,0.785,3.31,50.6,78.3,0
10132,51226,0.337,1,1922,65,0.854,3.15,46.8,74.2,0
10711,56411,1.0,4,7216,94,0.571,3.12,75.3,74.4,0
10714,56446,0.336,3,8514,66,0.678,2.83,54.7,32.1,0
10824,57452,0.403,4,8406,41,0.62,3.06,57.2,62.3,1
10395,53667,1.0,3,5726,40,0.708,1.91,43.9,56.0,1
10442,54104,0.46,2,5452,44,0.726,2.96,59.0,65.8,0
10349,53218,0.759,1,2755,73,0.668,3.52,86.8,64.1,0
10664,56000,0.373,3,3369,60,0.662,3.49,78.7,72.2,0
10029,50288,1.0,4,6787,67,0.557,3.28,95.7,62.9,0
10432,53993,0.824,4,6704,61,0.862,3.14,58.3,50.7,0
10322,52967,0.355,0,1595,36,0.778,2.62,40.5,37.5,0
10344,53165,0.544,4,5955,55,0.725,3.28,63.0,52.6,1
10524,54837,0.883,1,6687,85,0.652,4.01,51.5,53.8,0
10805,57310,0.558,2,2863,85,0.659,3.98,79.6,94.4,1
10841,57625,0.184,4,3576,30,0.755,2.28,56.7,54.4,0
10180,51658,0.586,2,2749,47,0.97,2.36,56.9,36.3,0
10214,51976,0.333,4,5536,51,0.876,2.18,52.6,57.8,0
10260,52398,0.33,6,4047,70,0.608,3.84,82.8,82.8,1
10046,50453,0.757,5,8520,67,0.588,3.88,76.3,67.2,0
10889,58015,1.0,3,2425,77,0.615,3.2,94.8,88.1,1
10823,57435,0.862,1,4975,73,0.571,3.86,67.5,79.5,1
10475,54440,1.0,5,7569,69,0.582,4.48,79.7,88.2,1
10663,55994,0.632,4,5977,67,0.754,2.49,62.9,57.2,0
10284,52620,0.96,5,4264,51,0.555,3.54,73.2,60.9,1
10042,50423,0.834,5,5025,52,0.809,2.76,50.7,56.9,1
10529,54878,0.574,5,3622,36,0.844,2.5,53.9,38.2,0
10131,51221,0.164,3,3971,40,0.561,2.71,10.9,30.8,0
10316,52930,0.428,5,8145,27,0.661,2.75,45.2,41.8,0
10068,50658,0.893,4,2648,54,0.629,2.73,52.9,49.3,0
10357,53302,0.344,4,4642,58,0.523,3.6,80.0,65.2,0
10777,57040,0.983,1,4971,40,0.85,1.24,47.6,33.9,0
10307,52846,0.623,1,1187,19,0.873,2.06,66.4,41.2,1
10327,53024,0.826,3,1075,83,0.481,3.88,80.2,75.0,0
10666,56028,0.45,3,6154,48,0.826,1.83,33.3,24.8,0
10960,58675,0.353,2,3071,66,0.965,2.61,66.5,66.7,1
10105,51002,0.595,4,4860,39,0.764,2.33,43.7,30.6,0
10011,50103,0.413,3,6489,56,0.876,3.45,65.8,65.4,0
10261,52419,0.337,5,8187,73,0.485,4.09,71.8,68.9,1
10665,56015,1.0,6,6268,53,0.711,3.08,78.8,46.0,0
10679,56125,0.33,6,1933,80,0.577,3.83,83.6,96.1,0
10751,56792,0.942,5,3643,41,0.724,3.22,68.6,63.7,1
10171,51581,0.948,4,4765,66,0.614,3.3,80.1,73.9,1
10436,54059,0.348,1,6296,57,0.913,1.88,41.6,31.0,0
10242,52207,0.202,1,5921,39,0.74,2.97,65.8,80.4,0
10016,50171,0.218,5,8744,57,0.906,2.85,54.8,42.5,0
10800,57247,1.0,2,1717,75,0.891,3.7,83.5,62.0,0
10014,50136,0.836,5,5556,51,0.468,3.65,75.3,67.4,1
10079,50758,1.0,2,7720,50,0.703,2.9,63.1,59.4,1
10719,56504,0.155,3,6546,29,0.642,3.07,44.7,41.2,1
10140,51311,1.0,5,5083,57,0.668,2.67,76.5,72.6,1
10130,51218,0.927,4,2672,58,0.561,2.55,46.5,55.3,0
10248,52285,0.168,1,8791,15,0.802,2.61,40.8,44.1,1
10671,56057,0.519,4,2079,41,0.501,2.59,54.0,50.2,0
10314,52906,0.99,5,4621,53,0.642,2.16,52.6,58.7,0
10657,55939,0.247,2,6280,53,0.671,2.79,61.8,45.0,0
10644,55823,1.0,4,2035,56,0.684,3.32,75.9,67.8,0
10924,58346,0.422,7,3796,46,0.913,2.52,56.9,57.8,0
10209,51936,0.248,3,7146,50,0.643,3.82,75.1,63.7,0
10526,54852,0.148,2,3289,48,0.669,2.38,51.4,38.2,0
10520,54813,0.535,4,5408,53,0.622,3.05,80.6,62.7,1
10435,54043,1.0,8,1940,52,0.573,3.59,88.2,78.0,0
10086,50808,1.0,3,5313,55,0.783,2.36,70.4,59.5,1
10223,52046,0.571,4,1850,52,0.614,3.75,70.7,64.0,0
10608,55548,0.8,1,4380,46,0.739,2.03,45.8,38.7,0
10047,50463,1.0,3,2135,50,0.572,3.74,78.3,88.2,1
10316,52928,0.26,0,6470,24,0.781,2.04,43.7,34.2,0
10212,51957,0.267,3,1432,58,0.407,3.04,58.3,57.2,0
10264,52446,0.14,7,6946,27,0.702,2.57,38.4,20.1,0
10563,55188,1.0,3,7175,60,0.722,2.51,47.6,35.7,0
10509,54722,1.0,4,6395,59,0.735,3.91,82.5,81.2,1
10536,54952,0.456,4,6771,62,0.794,2.51,77.4,53.5,0
10351,53236,0.647,3,3754,53,0.662,2.54,73.7,74.7,0
10085,50800,1.0,3,3381,53,0.802,2.25,31.5,46.1,0
10260,52403,0.474,3,3249,52,0.623,4.05,76.1,76.2,1
10500,54623,0.691,2,6524,38,0.972,2.35,53.0,34.0,0
10113,51074,1.0,7,3372,62,0.554,3.51,76.5,70.5,1
10475,54439,1.0,6,8002,77,0.499,4.22,87.7,76.3,1
10575,55285,0.994,2,3399,48,0.809,1.47,12.0,12.6,0
10014,50145,0.443,7,8485,59,0.493,4.24,92.1,62.6,0
10732,56606,0.378,3,8823,30,0.979,1.32,33.8,13.9,1
10143,51341,0.223,1,8854,36,0.788,1.92,40.4,41.9,1
10442,54102,0.235,5,6227,44,0.702,2.82,50.8,72.9,1
10787,57132,0.957,4,3942,37,0.836,1.85,26.5,7.0,1
10230,52092,0.422,3,8606,57,0.775,2.39,70.7,37.5,0
10681,56157,0.338,8,2196,66,0.5,3.95,82.5,75.7,1
10595,55428,0.993,6,1445,71,0.487,4.05,98.9,85.6,1
10639,55799,1.0,4,4129,58,0.844,3.02,73.3,57.5,0
10860,57787,0.829,3,7632,36,0.846,2.74,52.7,50.7,1
10645,55830,0.538,2,2072,42,0.597,2.77,62.3,56.8,1
10659,55965,0.384,6,7460,60,0.718,4.06,66.1,59.5,1
10381,53543,1.0,2,7656,39,0.751,2.27,47.9,64.8,1
10511,54743,0.297,1,3289,24,0.8,1.88,47.9,27.8,0
10791,57174,0.649,7,1820,59,0.833,2.91,71.9,55.9,0
10105,51004,0.336,4,5706,44,0.603,2.02,45.4,35.0,0
10469,54373,0.22,6,1869,70,0.688,3.68,79.9,63.2,0
10647,55847,0.882,6,5433,55,0.434,3.09,60.9,61.8,0
10453,54218,0.329,3,7225,33,0.86,2.69,71.7,44.5,1
10373,53471,0.464,2,8719,44,0.788,2.96,56.7,43.5,0
10619,55652,0.285,4,1075,62,0.929,3.84,59.0,60.2,0
10057,50556,0.665,3,8953,67,0.834,3.74,70.5,42.2,0
10846,57672,0.597,3,5939,76,0.535,3.84,83.4,73.3,0
10458,54281,0.07,3,7566,28,0.783,2.34,39.1,31.8,0
10911,58218,1.0,2,4780,67,0.546,2.5,53.9,36.5,0
10158,51486,0.614,7,6625,64,0.67,3.33,67.8,73.3,0
10774,57007,1.0,8,6827,48,0.654,3.33,54.6,42.3,0
10137,51273,1.0,2,4563,36,0.811,2.54,42.8,40.7,1
10736,56625,0.292,2,8523,59,0.713,3.82,78.2,58.2,0
10151,51412,1.0,5,1128,30,0.743,2.7,58.0,58.9,0
10934,58422,0.952,5,7356,44,0.72,1.89,63.8,48.5,0
10079,50754,1.0,2,7486,72,0.695,3.22,66.8,73.5,0
10157,51472,1.0,4,1682,50,0.867,2.45,55.7,26.2,0
10689,56220,0.793,0,7210,34,0.857,1.51,31.0,10.3,0
10845,57657,0.813,5,3355,52,0.517,3.27,77.1,49.7,0
10418,53847,0.415,3,7525,67,0.581,2.6,60.3,67.0,0
10803,57277,0.941,4,4089,64,0.732,4.84,73.1,67.9,0
10334,53077,0.739,1,3332,70,0.546,3.08,58.8,61.0,0
10844,57648,0.607,2,5171,60,0.719,3.47,72.6,56.6,1
10715,56454,0.362,3,3851,58,0.622,2.96,59.0,49.4,0
10357,53289,0.571,4,4922,66,0.584,3.66,72.5,77.4,0
10629,55731,0.336,2,7584,47,0.672,2.54,72.4,61.9,0
10720,56519,0.295,1,2230,43,0.679,2.78,62.4,67.4,0
10102,50982,0.516,3,2657,61,0.661,3.78,79.6,88.1,1
10915,58245,0.241,2,8338,41,0.715,2.47,62.4,45.8,0
10444,54124,0.359,3,3758,33,0.894,2.04,34.4,36.9,0
10296,52723,0.39,5,8911,57,0.448,3.96,76.8,87.8,0
10935,58423,0.197,3,7254,53,0.807,2.2,54.6,54.5,0
10137,51269,0.387,4,2024,37,0.756,2.2,40.4,44.9,0
10266,52463,0.341,10,3701,49,0.513,2.8,86.3,73.9,0
10480,54483,0.193,0,2852,44,0.709,2.31,61.9,45.7,1
10027,50269,0.648,10,1962,56,0.679,3.42,74.0,72.1,0
10385,53581,0.56,3,2802,46,0.967,2.52,50.4,64.3,0
10068,50655,1.0,5,2969,46,0.657,2.67,48.3,40.2,1
10463,54310,0.609,2,8736,29,0.699,2.93,49.7,33.0,1
10420,53870,1.0,5,7048,34,0.816,2.88,61.2,40.8,1
10447,54157,1.0,1,2055,57,0.811,2.92,66.5,55.2,0
10261,52414,1.0,4,3056,57,0.513,4.14,72.5,66.8,1
10664,56009,1.0,4,1718,56,0.699,3.23,73.7,69.5,1
10304,52822,0.386,5,6259,67,0.678,3.71,97.4,75.7,0
10043,50429,0.163,3,5092,58,0.773,1.96,22.3,24.0,0
10060,50590,0.391,7,4564,83,0.559,4.36,81.3,94.9,0
10051,50496,0.899,3,6611,55,0.844,2.4,60.0,41.5,0
10435,54036,0.33,7,6383,55,0.603,3.75,78.0,82.6,0
10535,54939,0.658,3,7729,59,0.841,4.13,68.8,69.2,0
10655,55901,0.169,1,4344,48,0.504,3.79,69.2,69.3,0
10533,54921,0.862,10,5281,52,0.663,3.76,66.2,68.2,1
10682,56162,0.852,9,6284,67,0.662,3.95,64.1,70.4,0
10743,56719,1.0,6,3280,57,0.567,4.14,83.0,88.6,1
10055,50529,0.198,3,7155,64,0.628,2.73,61.7,52.0,0
10196,51809,0.952,3,4994,31,0.843,1.79,34.1,44.2,0
10520,54802,1.0,1,3728,53,0.743,3.14,86.4,59.2,0
10223,52056,1.0,4,4392,58,0.671,4.09,76.1,67.3,1
10132,51232,0.918,2,7895,58,0.784,3.27,54.6,59.1,0
10220,52029,0.5,2,1190,58,0.805,1.67,38.1,34.2,0
10859,57779,0.584,9,7095,71,0.576,3.6,86.1,90.9,0
10071,50678,1.0,5,8028,38,0.591,2.65,44.6,44.5,1
10852,57712,0.263,5,4359,41,0.528,4.0,68.6,76.5,0
10731,56598,1.0,3,5980,69,0.587,3.26,57.5,87.0,0
10816,57380,0.618,1,8443,40,0.657,2.78,38.1,18.3,1
10932,58410,0.966,6,4136,52,0.671,3.11,70.3,68.5,0
10629,55726,0.29,7,6819,52,0.703,3.08,69.1,54.4,0
10297,52742,0.621,4,2350,66,0.603,2.65,64.4,61.6,0
10441,54095,0.839,4,7374,49,0.578,2.07,34.8,31.2,1
10965,58708,1.0,2,4285,54,0.71,2.8,65.7,49.2,0
10923,58342,0.889,4,1133,43,0.675,3.17,65.3,49.2,1
10262,52433,0.321,3,4293,37,0.558,3.27,63.5,56.3,1
10552,55097,1.0,4,3242,75,0.647,4.67,84.7,61.2,1
10808,57334,1.0,6,971,69,0.542,3.9,89.3,74.5,1
10057,50552,0.213,2,2451,65,0.837,3.25,73.0,58.7,0
10546,55027,0.873,8,4993,40,0.894,2.02,48.9,48.3,1
10608,55545,0.564,1,3392,55,0.719,1.86,50.5,24.6,0
10531,54886,0.669,8,2065,85,0.46,4.09,91.5,65.4,0
10175,51612,1.0,5,4397,68,0.628,3.86,79.9,68.6,1
10452,54193,0.866,2,8525,48,0.604,2.64,49.8,26.3,1
10568,55216,0.42,6,7207,69,0.451,4.21,80.8,62.9,1
10915,58249,0.534,4,2051,39,0.863,2.52,55.5,48.9,0
10837,57573,0.943,2,7814,15,0.874,2.3,44.9,38.0,1
10070,50674,0.639,3,1995,40,0.803,2.58,64.0,17.1,0
10860,57783,1.0,0,3752,43,0.947,2.61,64.6,44.9,1
10627,55721,1.0,3,5446,58,0.537,3.78,70.8,57.0,1
10785,57118,0.984,0,6134,55,0.588,3.55,57.1,64.7,1
10628,55723,0.39,3,5149,62,0.797,2.04,36.4,22.8,0
10935,58432,0.88,3,8394,34,0.879,2.23,50.0,50.4,1
10477,54467,1.0,4,4754,42,0.982,2.9,74.5,45.0,1
10062,50606,0.237,1,2166,21,0.894,1.56,36.5,29.9,0
10573,55263,0.397,7,4897,63,0.556,3.71,76.2,79.8,0
10593,55408,0.218,5,3849,45,0.77,2.64,63.8,54.9,0
10724,56544,1.0,2,2650,55,0.634,3.55,72.4,83.7,1
10157,51469,0.169,3,6605,53,0.812,2.91,64.0,39.4,1
10796,57225,1.0,8,1690,52,0.589,3.93,74.3,63.1,1
10215,51983,0.653,3,4765,83,0.758,3.13,74.1,53.1,0
10519,54790,1.0,4,973,40,0.694,3.14,67.1,39.0,1
10091,50891,0.418,5,4563,44,0.685,3.54,85.3,89.5,0
10427,53957,1.0,3,7037,49,0.653,3.7,75.9,39.5,1
10677,56112,0.917,3,5813,59,0.838,2.46,72.0,50.3,1
10089,50844,1.0,5,5767,64,0.732,2.93,73.1,65.5,0
10237,52156,1.0,9,1882,57,0.782,2.59,60.8,47.6,0
10456,54254,0.618,5,8031,44,0.773,3.07,68.5,80.1,0
10974,58798,0.159,1,2672,42,0.744,1.61,51.0,49.7,0
10226,52078,0.8,5,1782,69,0.552,2.85,53.8,45.7,0
10858,57766,1.0,9,7471,54,0.919,2.78,62.1,63.5,1
10925,58358,0.879,1,3002,45,0.722,2.94,71.8,88.0,0
10601,55479,1.0,2,5654,31,0.603,3.26,51.4,39.9,1
10379,53521,0.666,4,7371,70,0.63,2.93,72.6,82.5,0
10507,54699,0.592,4,7097,30,0.919,2.14,47.4,43.8,1
10303,52800,1.0,4,1290,44,0.789,3.54,54.0,48.7,0
10646,55837,0.313,2,2007,15,0.769,1.72,48.0,33.9,0
10060,50585,1.0,8,3303,67,0.497,4.43,87.7,100.0,0
10354,53269,0.891,3,8044,55,0.747,3.28,78.5,80.1,0
10972,58788,0.761,3,6537,62,0.697,3.25,85.0,64.1,0
10618,55634,1.0,3,8532,44,0.716,2.35,53.8,40.9,1
10597,55441,0.451,3,7245,59,0.779,3.81,90.2,65.8,1
10444,54130,0.754,2,3795,37,1.0,2.02,40.3,12.9,1
10487,54534,0.368,5,7343,68,0.562,3.23,59.5,71.9,0
10838,57584,0.698,1,5361,51,0.631,2.42,53.5,29.0,0
10998,58998,0.994,4,2257,59,0.758,2.88,56.7,43.7,0
10731,56597,1.0,5,1859,60,0.53,3.1,68.4,78.7,0
10481,54490,1.0,4,1888,61,0.64,3.75,88.2,81.3,1
10802,57264,0.407,4,5185,57,0.604,2.5,65.5,41.9,1
10717,56474,0.496,3,4794,78,0.71,4.25,62.8,64.4,0
10551,55083,0.404,4,5019,54,0.944,2.39,61.0,57.8,0
10979,58828,0.925,3,3500,80,0.913,3.48,82.4,75.3,0
10276,52551,0.993,5,4529,38,0.586,3.06,57.2,75.8,1
10763,56914,0.392,8,1444,61,0.505,4.05,78.8,80.5,0
10922,58324,0.485,2,1790,89,0.375,3.16,73.4,60.6,1
10034,50345,1.0,4,7175,76,0.705,3.13,93.9,80.7,1
10240,52186,0.346,2,4115,51,0.857,3.08,49.0,24.4,0
10869,57872,1.0,1,3497,45,0.846,1.99,53.0,43.1,0
10775,57019,0.98,5,3250,54,0.759,2.84,71.5,41.3,0
10901,58113,1.0,8,5325,39,0.848,3.1,56.1,47.5,0
10737,56632,0.459,8,5076,68,0.615,3.75,75.4,70.6,0
10965,58707,0.692,5,8584,45,0.683,3.48,68.8,56.1,0
10091,50872,0.764,2,7530,65,0.703,3.68,74.7,85.8,0
10478,54468,0.391,6,3691,65,0.952,3.02,68.2,55.7,0
10838,57583,1.0,0,5070,35,0.735,2.08,63.4,27.1,0
10844,57645,0.573,1,4081,41,0.798,3.83,77.7,73.6,0
10581,55337,1.0,5,3914,46,0.728,2.8,77.6,69.5,1
10008,50091,0.938,4,902,63,0.499,3.32,64.0,87.7,0
10521,54814,0.166,2,2683,54,0.634,2.59,59.3,59.8,0
10715,56448,1.0,2,1055,45,0.732,2.84,66.2,60.3,1
10674,56081,0.574,4,3484,70,0.767,3.25,71.6,69.9,0
10423,53899,1.0,6,3441,59,0.463,4.06,96.8,91.5,1
10442,54101,0.924,2,8538,45,0.7,3.17,57.8,53.2,1
10991,58930,0.274,2,8299,46,0.76,2.83,53.2,50.7,0
10826,57475,1.0,5,5022,48,0.736,3.02,84.7,68.6,1
10233,52118,0.911,6,1387,44,0.742,2.08,44.9,77.7,0
10317,52938,0.397,2,7450,52,0.607,2.95,57.2,66.5,1
10681,56149,1.0,3,979,65,0.698,3.55,77.2,64.6,0
10823,57443,0.796,3,3367,61,0.626,3.43,69.0,67.0,0
10306,52837,0.869,6,6708,100,0.652,3.19,62.6,51.1,0
10336,53097,0.867,3,6523,22,0.81,2.05,34.6,13.5,0
10616,55610,0.807,6,6359,51,0.972,3.35,68.8,51.5,0
10787,57131,0.769,5,4296,22,0.818,1.88,29.5,37.7,0
10098,50948,0.691,1,2673,44,0.715,2.73,67.1,19.8,1
10315,52926,0.805,4,1128,55,0.544,2.94,75.5,40.8,0
10465,54343,0.315,1,2123,84,0.662,3.35,82.8,74.7,0
10349,53215,0.577,4,910,75,0.713,3.21,81.7,70.3,0
10723,56530,0.497,4,1432,69,0.78,3.36,66.6,47.8,0
10564,55194,0.606,6,3334,59,0.591,2.65,58.7,77.2,0
10091,50884,0.759,5,3770,56,0.652,3.45,77.5,87.5,0
10475,54435,0.373,7,6527,86,0.64,4.1,91.4,83.9,0
10622,55675,0.133,5,8490,63,0.636,3.29,74.1,56.6,1
10559,55147,0.84,5,7530,77,0.593,4.33,100.0,93.3,0
10622,55682,1.0,3,5146,69,0.8,2.87,76.2,63.4,0
10065,50628,1.0,6,3740,78,0.912,2.63,67.2,42.8,0
10155,51457,0.28,2,8762,31,0.762,2.35,44.9,31.4,0
10953,58604,0.32,6,7391,69,0.7,3.92,85.8,82.0,0
10798,57238,0.182,2,3315,59,0.471,3.17,57.2,61.3,1
10726,56560,0.422,1,5603,18,0.619,2.59,47.5,40.9,0
10607,55541,0.361,1,2779,77,0.519,4.25,100.0,73.9,0
10647,55843,0.623,6,1826,51,0.658,3.33,68.5,57.2,0
10945,58525,1.0,4,8930,63,0.477,2.59,64.3,42.9,1
10956,58635,1.0,10,5350,62,0.59,3.83,71.2,73.2,1
10775,57024,0.783,4,6312,65,0.877,2.59,78.2,45.5,0
10760,56881,1.0,3,4553,63,0.718,4.16,85.2,78.8,0
10261,52416,0.891,3,5143,57,0.554,4.1,78.6,72.2,1
10667,56030,0.396,0,1154,41,0.844,2.02,66.4,36.3,0
10823,57430,0.538,7,5593,75,0.678,3.44,60.0,65.3,0
10761,56884,0.995,6,6991,42,0.805,2.49,56.0,49.2,1
10770,56973,0.974,6,2032,76,0.484,3.47,78.0,68.7,1
10730,56595,0.408,1,6381,41,0.67,2.83,52.7,60.8,0
10506,54681,0.432,3,5322,56,0.677,3.78,70.8,87.4,0
10313,52900,0.197,6,2473,63,0.54,3.5,65.6,53.0,0
10044,50434,0.596,3,1146,25,0.868,2.5,49.6,49.0,0
10260,52399,0.789,5,3991,55,0.626,3.86,93.0,75.5,1
10243,52210,1.0,7,2598,74,0.683,3.65,74.8,72.5,0
10186,51711,1.0,6,4233,74,0.451,3.83,95.5,75.2,1
10363,53354,0.881,0,6715,46,0.913,2.74,51.6,52.0,1
10939,58474,0.927,6,2768,73,0.665,3.5,66.7,58.2,0
10011,50105,0.894,2,6757,38,0.807,2.62,65.7,60.5,1
10851,57699,0.634,2,7602,39,0.725,2.13,50.7,40.1,1
10128,51187,0.805,5,3159,86,0.537,4.04,84.5,74.7,1
10524,54846,1.0,4,4213,63,0.732,3.51,57.1,58.8,1
10345,53185,0.501,3,8074,66,0.839,3.75,75.7,96.8,1
10976,58815,1.0,1,7987,41,0.902,3.05,60.4,57.2,1
10866,57847,0.28,4,3401,64,0.557,3.76,81.6,65.8,0
10779,57053,1.0,4,1398,38,0.631,2.83,72.3,47.8,1
10965,58709,1.0,4,7388,60,0.634,2.55,71.0,57.6,1
10987,58901,0.98,6,8932,57,0.799,2.83,58.9,61.2,0
10014,50152,0.93,3,5804,61,0.444,3.66,81.1,60.5,1
10356,53283,0.204,4,8634,36,0.84,2.23,50.5,21.6,1
10682,56174,0.538,8,5036,65,0.492,3.78,69.8,72.7,0
10668,56042,0.951,9,8106,47,0.645,3.92,60.7,65.2,1
10095,50916,1.0,3,1770,43,0.794,2.46,23.0,42.4,1
10140,51306,0.46,3,1481,54,0.691,2.92,79.7,77.4,1
10472,54402,0.681,1,6444,47,0.791,3.64,66.7,59.9,1
10330,53050,1.0,6,6519,64,0.672,3.75,97.1,83.9,1
10478,54473,1.0,5,4668,61,0.765,3.31,68.9,49.6,1
10706,56376,1.0,4,1578,47,0.797,2.95,54.1,46.0,0
10949,58570,0.975,6,3934,53,0.588,2.97,64.5,49.0,1
10870,57886,0.487,3,1051,56,0.599,3.22,79.1,61.6,0
10763,56913,1.0,6,8223,69,0.64,4.28,77.7,92.6,1
10917,58275,0.137,3,7127,31,0.813,2.42,56.7,42.8,0
10860,57789,0.395,3,3907,40,0.873,2.38,60.1,58.1,0
10779,57056,0.834,0,3924,54,0.619,2.99,52.7,61.1,1
10302,52797,1.0,3,6321,45,0.877,1.8,48.8,41.8,0
10292,52702,0.538,7,6655,56,0.586,4.15,77.4,88.2,0
10150,51399,0.487,2,7807,48,0.939,2.14,60.8,58.9,0
10272,52520,0.014,5,6590,38,0.679,2.36,33.0,44.4,0
10363,53359,0.891,2,1845,49,0.852,3.1,62.0,41.1,1
10630,55741,0.879,1,5726,37,0.74,1.78,52.1,28.0,1
10018,50184,0.583,1,3501,74,0.717,2.87,73.8,63.4,0
10435,54047,0.921,2,7901,68,0.616,4.22,70.4,69.1,0
10037,50367,1.0,6,3865,56,0.704,3.23,83.3,78.6,1
10721,56525,0.144,5,8041,38,0.847,2.26,35.7,36.6,0
10885,57973,0.366,1,3436,55,0.763,4.22,69.5,71.2,0
10539,54976,0.351,1,2139,46,0.7,3.31,67.0,53.8,0
10678,56118,0.439,1,8950,50,0.774,2.44,34.2,53.4,0
10261,52418,0.652,4,6060,65,0.675,3.68,76.7,79.5,1
10048,50472,0.506,3,6011,34,0.99,1.55,39.6,36.5,0
10100,50968,0.432,4,3919,50,0.86,2.22,67.0,45.2,0
10726,56557,1.0,4,2219,21,0.608,2.43,41.3,46.1,0
10716,56465,0.629,3,5278,39,0.859,3.04,60.3,35.2,1
10288,52657,1.0,7,5392,69,0.758,3.88,82.0,73.9,1
10750,56785,1.0,0,1449,34,0.85,2.41,47.0,26.3,1
10020,50210,0.333,1,3779,60,0.514,3.47,75.0,69.2,0
10212,51962,0.97,5,4637,56,0.4,2.68,57.5,59.4,1
10092,50897,0.545,1,8587,77,0.476,3.55,82.6,75.3,1
10822,57428,0.486,3,6479,66,0.61,3.43,84.8,76.5,0
10580,55328,0.227,3,7340,25,1.0,1.84,60.4,45.3,1
10663,55993,0.95,2,1045,55,0.717,2.86,56.1,54.9,0
10193,51774,0.853,6,7720,39,0.854,2.84,78.2,71.5,1
10816,57382,0.212,2,7668,34,0.595,2.71,45.4,22.1,0
10249,52300,0.547,2,2900,66,0.675,4.38,79.8,60.8,0
10129,51210,0.96,5,3673,19,0.841,2.19,62.7,52.5,0
10571,55248,0.863,6,1384,41,0.708,2.43,56.1,40.8,0
10613,55584,0.621,3,2195,78,0.598,3.24,77.7,66.9,0
10996,58978,0.072,2,5678,32,0.89,2.5,43.4,22.1,0
10137,51271,0.223,3,2030,47,0.82,2.16,53.8,43.3,0
10135,51252,0.516,0,5513,72,0.613,4.0,96.1,95.4,0
10345,53177,1.0,4,6446,60,0.838,3.37,76.4,93.9,0
10531,54897,1.0,5,3082,77,0.427,3.94,92.4,74.8,0
10692,56243,0.865,1,6469,33,0.804,1.09,45.6,25.4,1
10486,54529,1.0,4,6888,50,0.66,2.6,45.7,67.4,0
10557,55126,0.478,4,4667,46,1.0,2.83,41.1,28.4,1
10139,51293,0.736,2,5601,57,0.721,2.99,71.4,59.3,1
10655,55907,0.976,7,3848,55,0.602,2.94,61.7,71.4,0
10573,55269,0.397,3,8192,79,0.712,4.27,87.5,77.2,0
10364,53371,1.0,8,7835,55,0.542,3.64,82.9,81.9,1
10562,55181,0.396,3,7473,58,0.759,2.93,61.1,47.9,1
10877,57914,1.0,1,8439,67,0.661,3.55,67.1,92.1,1
10604,55516,1.0,8,2677,70,0.65,3.7,69.9,73.5,1
10394,53652,1.0,6,7876,63,0.633,4.06,67.1,76.1,1
10359,53316,0.343,6,2641,48,0.742,2.65,69.6,68.3,0
10439,54082,0.5,5,7157,47,0.814,2.2,51.0,44.8,0
10029,50293,0.536,6,8220,63,0.498,3.46,83.5,84.0,0
10679,56126,1.0,7,8546,75,0.71,4.22,72.6,100.0,1
10770,56974,0.29,7,3295,69,0.425,3.74,83.8,58.3,0
10111,51052,0.51,4,6455,55,0.77,2.29,64.7,58.3,0
10754,56811,0.79,3,1748,57,0.712,2.69,66.8,57.0,1
10526,54853,0.203,1,2411,30,0.767,2.65,48.1,32.6,0
10479,54478,0.233,2,5420,53,0.867,2.95,56.8,56.2,0
10027,50273,0.96,4,2936,70,0.733,3.05,81.5,69.0,1
10222,52043,0.379,2,5818,47,0.764,3.55,67.1,61.6,1
10758,56849,0.209,5,8001,39,0.82,2.81,50.3,44.5,0
10423,53922,0.806,3,3216,67,0.673,4.04,96.3,94.7,0
10451,54190,0.14,2,4798,46,0.732,2.28,47.5,55.5,1
10011,50104,1.0,1,1366,66,0.859,2.75,69.0,44.3,0
10115,51087,0.519,3,3576,43,0.692,3.42,78.7,52.2,1
10503,54669,0.431,0,4738,66,0.626,2.9,65.3,64.0,0
10862,57815,0.816,4,2630,56,0.574,3.91,75.2,72.7,1
10557,55122,0.287,2,7010,60,0.902,2.29,51.8,23.0,0
10473,54413,0.476,4,3959,37,0.652,1.99,55.1,36.3,0
10313,52904,0.245,1,4273,52,0.574,3.72,82.5,56.7,0
10607,55530,1.0,9,6118,59,0.516,4.04,94.0,84.8,1
10776,57026,0.198,4,2458,57,0.863,3.23,54.4,53.5,0
10760,56865,0.677,3,8332,66,0.819,3.69,92.0,62.4,0
10614,55600,0.284,3,6637,51,0.508,2.54,59.1,49.3,1
10691,56233,0.584,2,6562,38,0.751,2.96,59.6,47.5,1
10845,57655,0.67,2,2867,61,0.648,3.38,65.1,44.3,0
10754,56817,1.0,5,2546,57,0.625,2.54,62.2,63.3,1
10817,57392,0.731,5,3571,35,0.602,3.58,73.0,53.1,0
10444,54127,0.818,1,6283,35,0.998,2.28,35.9,16.4,1
10540,54984,1.0,3,8482,94,0.625,4.43,86.4,100.0,1
10065,50614,0.448,2,5416,54,0.77,3.01,64.4,70.7,0
10475,54430,0.341,12,2547,68,0.683,4.1,73.7,71.7,0
10521,54815,0.988,3,3311,62,0.668,2.53,54.1,43.0,0
10508,54711,0.272,1,3912,56,0.604,3.06,63.0,61.3,0
10600,55468,0.293,6,5118,70,0.551,3.2,91.1,85.5,1
10373,53479,1.0,6,1506,51,0.808,2.42,52.4,54.5,0
10999,58999,0.711,2,2019,40,0.722,2.76,58.6,52.3,0
10189,51749,0.998,2,3622,34,0.861,2.65,49.5,43.0,0
10076,50733,0.972,4,8398,56,0.742,2.63,65.2,74.1,1
10828,57496,0.251,1,1096,35,0.834,1.42,32.2,5.2,0
10472,54405,1.0,7,7422,48,0.897,3.45,65.6,47.1,1
10473,54416,0.666,3,1024,33,0.654,2.4,59.9,29.1,0
10679,56127,1.0,7,7671,82,0.432,3.98,76.9,100.0,1
10314,52911,0.28,4,1975,34,0.726,2.33,52.2,59.3,0
10686,56203,0.914,4,7251,49,0.881,2.97,65.7,50.9,0
10288,52663,0.323,4,1753,66,0.503,3.16,90.5,69.5,0
10769,56962,0.313,3,6808,68,0.813,2.83,64.2,71.8,0
10507,54697,0.364,3,1317,25,0.999,2.13,43.2,37.5,0
10430,53978,0.932,6,6305,46,0.764,2.73,78.2,65.8,1
10338,53114,0.114,2,973,61,0.78,2.98,57.9,62.1,0
10357,53304,1.0,3,965,65,0.658,3.28,75.0,86.0,0
10237,52155,0.304,5,2551,54,0.817,3.15,64.3,61.0,0
10144,51345,0.201,4,5536,38,0.687,1.74,25.7,40.1,1
10981,58848,0.576,2,5051,57,0.722,4.06,71.8,43.7,1
10354,53262,1.0,2,8945,69,0.709,3.43,78.3,63.6,1
10813,57362,0.725,2,5340,37,0.85,1.83,39.6,28.5,0
10433,53996,0.782,7,2356,83,0.602,3.99,89.5,72.6,0
10570,55236,0.522,2,2418,41,0.676,3.5,73.3,50.2,0
10099,50953,0.2,5,7320,46,0.883,2.93,54.8,49.7,1
10434,54030,0.063,2,2552,37,0.922,2.73,51.2,49.6,0
10327,53022,0.858,2,5425,77,0.493,3.35,80.5,72.2,0
10358,53309,0.092,3,7833,19,0.917,1.48,45.5,22.7,1
10159,51505,1.0,4,2457,61,0.628,3.95,77.4,63.6,1
10841,57619,0.968,5,3515,31,0.701,2.75,54.1,46.0,0
10196,51807,0.243,4,2805,41,0.82,1.97,40.4,48.4,0
10546,55028,0.971,4,2321,47,0.86,2.29,50.4,55.4,0
10465,54329,0.573,3,3712,60,0.624,2.52,76.7,72.9,0
10408,53792,0.963,3,8390,68,0.631,3.8,73.3,81.6,1
10119,51122,0.947,3,3878,45,0.814,2.48,47.7,44.4,0
10607,55532,0.813,4,4418,63,0.456,4.17,91.6,84.8,0
10949,58569,0.211,4,1383,62,0.573,2.84,65.8,64.1,0
10695,56275,1.0,2,1536,70,0.491,3.41,87.5,72.2,0
10887,57991,1.0,2,3146,69,0.641,2.08,65.6,63.8,1
10524,54843,0.816,3,3624,60,0.796,3.32,50.2,59.3,0
10487,54535,1.0,3,8343,74,0.634,2.47,66.6,69.9,1
10682,56171,0.621,5,3318,74,0.661,4.14,64.7,69.8,0
10707,56380,0.288,1,2140,43,0.841,1.94,52.7,25.2,0
10200,51849,0.83,4,7335,68,0.675,3.79,85.0,79.8,1
10041,50417,1.0,5,8193,76,0.501,3.52,71.3,79.3,0
10323,52974,1.0,7,1607,70,0.782,4.08,89.9,81.6,1
10795,57206,0.891,5,1816,54,0.519,3.67,69.3,78.3,0
10262,52432,0.257,3,5125,70,0.81,2.73,70.6,73.5,0
10271,52519,0.732,5,3731,68,0.759,3.45,48.5,51.5,0
10058,50565,0.612,4,5892,61,0.511,3.0,76.9,51.4,0
10273,52527,0.774,5,1407,38,0.84,2.36,41.4,42.8,0
10603,55489,0.526,3,1027,67,0.622,2.98,79.5,65.6,0
10484,54505,0.775,3,6614,51,0.805,3.21,64.2,45.3,0
10353,53252,0.323,4,3986,88,0.631,3.91,87.9,63.9,0
10132,51225,0.629,1,8962,55,0.796,2.66,48.4,63.4,0
10014,50143,1.0,3,2334,42,0.381,4.0,84.9,66.5,0
10916,58261,0.751,4,4830,80,0.789,2.63,78.1,71.1,0
10158,51491,0.663,6,6768,68,0.679,3.47,69.0,71.6,0
10840,57605,0.675,6,5106,75,0.448,3.99,80.9,69.8,0
10825,57472,0.902,5,2569,40,0.675,3.24,52.0,50.0,1
10172,51591,0.236,6,7242,52,0.612,2.44,51.2,45.5,0
10852,57710,1.0,6,904,51,0.513,3.73,73.8,71.0,1
10683,56179,1.0,1,2097,49,0.69,2.47,59.1,36.7,0
10288,52654,1.0,6,4550,86,0.594,3.92,74.7,56.2,0
10217,52005,0.317,4,7600,87,0.604,3.61,69.2,73.9,1
10128,51195,1.0,10,4776,74,0.578,3.71,87.8,84.0,1
10455,54240,0.325,4,7903,57,0.915,3.38,68.8,58.4,0
10367,53410,0.4,2,8001,74,0.615,3.49,70.5,74.5,0
10118,51118,0.468,0,7245,57,0.758,3.54,73.2,71.9,0
10651,55877,1.0,4,5186,62,0.784,3.33,74.2,61.2,1
10190,51757,0.287,0,6628,35,0.839,1.96,27.3,35.8,0
10051,50498,1.0,3,8340,58,0.85,3.13,53.6,54.7,1
10449,54181,0.856,4,4851,44,0.765,2.88,52.7,47.8,0
10001,50013,1.0,3,1881,47,0.813,3.32,52.1,48.7,1
10091,50871,0.255,8,5327,60,0.749,3.34,82.4,95.9,0
10363,53358,0.987,2,5511,51,0.722,3.18,60.3,41.9,1
10095,50913,1.0,2,7744,36,0.796,2.37,25.3,18.2,1
10385,53583,0.313,3,7527,36,0.815,2.21,46.3,53.9,1
10076,50722,0.382,0,2925,47,0.433,2.87,59.7,55.1,1
10433,54005,1.0,4,3579,63,0.67,4.48,85.7,79.0,1
10993,58951,0.78,3,6418,41,0.834,2.64,42.5,58.9,0
10787,57135,0.985,2,1957,25,0.765,2.09,30.6,21.1,1
10956,58633,0.82,4,6488,69,0.53,3.96,79.2,83.7,1
10998,58989,0.504,2,4533,33,0.759,2.41,60.5,47.4,0
10159,51497,0.557,4,6990,77,0.723,3.87,74.5,66.1,1
10833,57543,0.658,2,7962,29,0.741,2.12,49.3,40.0,1
10161,51521,1.0,8,3079,58,0.6,4.39,72.0,76.7,1
10684,56189,0.096,4,8743,19,0.763,2.24,40.0,49.1,1
10695,56267,0.51,5,5745,71,0.503,3.87,79.8,66.2,0
10297,52747,0.439,3,2241,56,0.565,3.24,65.2,55.9,0
10774,57011,0.48,4,6534,46,0.776,2.77,62.9,49.1,1
10615,55606,1.0,6,8156,43,0.652,3.14,77.6,60.7,1
10031,50315,0.812,2,3937,91,0.594,4.08,99.4,82.6,0
10869,57871,0.144,2,3386,47,0.803,1.99,57.7,56.7,0
10873,57897,0.223,5,8767,57,0.624,3.33,59.7,50.8,1
10611,55572,1.0,8,7893,77,0.515,3.8,64.5,82.2,1
10362,53351,0.975,3,3446,58,0.768,3.3,87.5,76.3,1
10011,50109,0.958,3,3867,58,0.836,2.92,57.8,72.7,1
10189,51755,0.266,3,2449,52,0.728,2.75,47.2,47.7,0
10918,58286,1.0,5,8913,65,0.597,3.48,71.9,71.0,0
10145,51352,0.822,4,7895,26,0.718,2.09,35.9,39.5,1
10341,53130,0.29,3,6300,57,0.631,3.41,69.4,73.0,0
10795,57212,0.318,5,7320,50,0.487,3.53,67.4,72.5,0
10981,58860,0.349,5,8738,69,0.709,4.14,82.2,53.6,0
10596,55432,1.0,6,2475,59,0.692,3.77,93.0,53.4,0
10049,50481,0.777,3,6433,47,0.563,2.71,72.3,53.2,1
10476,54448,0.857,5,3577,58,0.789,2.95,61.4,51.4,1
10213,51974,0.855,0,994,22,0.995,1.55,31.4,24.3,0
10033,50337,1.0,3,929,61,0.743,1.99,46.7,28.3,0
10299,52765,1.0,9,4156,79,0.797,4.42,91.4,84.6,1
10705,56362,0.202,3,2094,47,0.865,2.4,61.7,54.0,0
10762,56909,0.878,4,6036,59,0.604,3.23,70.0,77.9,0
10485,54523,0.862,3,8995,47,0.861,2.5,54.4,46.5,0
10324,52986,1.0,5,6443,53,0.562,3.72,79.5,82.9,1
10491,54555,0.797,3,1393,46,0.791,1.94,58.8,58.1,0
10998,58995,0.272,6,3430,43,0.789,2.78,62.5,57.7,0
10054,50525,0.349,6,8563,55,0.563,2.87,75.2,57.1,1
10523,54828,0.986,6,5896,47,0.805,2.27,45.3,44.7,0
10373,53478,0.518,2,1735,56,0.573,2.88,51.3,55.3,0
10591,55399,1.0,4,8579,60,0.641,1.89,52.7,38.0,0
10383,53559,0.503,4,5113,55,0.636,2.89,63.3,44.2,0
10683,56181,0.921,3,5005,38,0.631,2.92,64.7,56.4,1
10304,52810,1.0,2,4823,64,0.76,4.02,95.7,76.4,0
10076,50725,0.191,3,8954,49,0.609,2.87,55.7,70.2,1
10081,50766,0.277,7,1645,56,0.863,3.67,67.1,49.5,0
10578,55311,1.0,1,5571,44,0.861,2.51,46.4,52.8,1
10694,56259,0.362,8,1538,83,0.459,3.14,74.6,89.6,0
10603,55504,1.0,1,2370,41,0.687,3.94,70.7,63.6,0
10743,56725,0.635,6,4478,70,0.59,4.31,81.7,91.8,0
10030,50308,0.439,3,2017,41,0.585,2.67,60.7,50.7,0
10407,53774,1.0,4,8644,40,0.949,2.81,47.5,53.2,1
10423,53909,0.612,1,4254,61,0.604,3.8,95.4,84.1,0
10137,51279,0.372,2,2671,40,0.862,3.21,46.2,42.3,0
10034,50349,0.924,6,6865,60,0.665,3.56,74.7,77.2,0
10518,54786,0.492,2,8313,31,0.722,1.73,44.3,47.3,1
10842,57628,1.0,5,5344,78,0.817,3.69,72.9,67.2,0
10481,54484,0.878,4,5400,75,0.581,3.8,88.2,96.5,1
10754,56812,0.437,7,7356,55,0.689,3.26,72.1,46.4,0
10948,58551,0.317,2,7782,42,0.609,3.46,60.7,41.8,1
10195,51792,0.444,5,2054,66,0.796,2.35,61.5,45.7,0
10552,55098,0.485,3,8758,74,0.63,3.86,87.8,59.6,0
10690,56228,0.244,6,3710,48,0.815,2.3,82.1,69.7,0
10396,53683,0.813,3,6693,38,0.656,2.71,58.0,45.4,1
10945,58524,0.234,4,3098,81,0.447,2.88,71.0,45.2,0
10763,56912,0.503,4,6476,63,0.466,4.04,87.1,80.6,1
10223,52054,0.302,4,3818,57,0.659,3.29,80.5,52.7,0
10244,52233,0.95,8,5825,65,0.57,3.41,86.6,78.3,1
10465,54340,0.278,5,5709,63,0.48,3.15,69.5,78.3,0
10006,50072,0.684,3,3726,56,0.646,3.49,67.1,67.2,1
10727,56569,0.513,2,2288,38,0.747,2.27,61.4,50.1,0
10299,52760,1.0,7,7144,83,0.618,3.58,79.7,87.9,0
10665,56010,0.659,2,1515,62,0.6,3.39,59.2,58.6,0
10903,58133,0.751,7,7480,72,0.632,4.17,87.0,83.8,0
10892,58024,0.99,5,2259,41,0.787,2.05,42.4,49.0,0
10872,57896,1.0,5,2389,42,0.636,2.02,45.5,56.3,1
10548,55060,1.0,3,1172,43,0.78,1.72,35.6,52.3,0
10725,56548,0.298,3,917,68,0.595,2.94,71.4,78.4,0
10303,52806,0.769,6,2763,55,0.687,3.47,62.7,58.4,0
10135,51261,0.56,6,4932,93,0.646,4.26,87.9,72.4,1
10181,51667,0.977,3,7865,36,0.683,1.66,39.6,26.4,0
10697,56290,0.371,2,2545,58,0.825,2.41,58.6,40.6,0
10953,58607,0.754,2,4247,62,0.624,3.1,70.8,75.4,0
10615,55604,1.0,2,8314,49,0.726,3.66,80.4,71.0,1
10567,55211,0.615,2,5352,64,0.697,2.5,73.7,44.8,0
10464,54327,0.96,4,8159,66,0.611,3.28,55.5,58.9,1
10238,52168,0.708,6,3081,89,0.624,4.14,89.9,95.0,0
10155,51446,0.913,2,6726,45,0.913,2.79,43.4,34.8,0
10453,54210,0.366,6,4990,58,0.647,2.51,64.8,60.4,0
10274,52534,0.862,5,6092,55,0.764,2.14,54.7,44.3,0
10698,56313,0.895,2,3656,51,0.923,2.77,47.6,55.4,1
10184,51696,0.222,3,5232,38,0.879,1.66,40.7,43.1,0
10312,52893,0.308,2,2938,59,0.689,2.62,67.8,52.3,1
10645,55831,0.623,4,6067,53,0.67,2.77,61.6,52.0,1
10116,51096,0.493,6,1914,70,0.56,3.61,80.2,89.8,1
10816,57375,0.684,4,8081,27,0.704,1.98,51.6,22.6,1
10792,57177,1.0,3,2582,57,0.703,3.09,74.0,54.2,1
10347,53204,0.845,4,958,23,0.908,1.86,38.4,37.6,1
10519,54792,0.437,6,3602,46,0.779,3.55,70.4,49.5,0
10177,51631,0.332,3,4080,70,0.587,3.79,77.9,87.9,0
10664,56006,1.0,8,5638,75,0.726,2.97,69.2,62.9,1
10203,51882,1.0,3,8794,48,0.721,3.26,75.9,77.3,1
10573,55273,1.0,5,3267,58,0.708,3.87,88.6,78.8,0
10729,56585,0.831,4,8605,45,0.776,2.74,61.1,61.5,0
10175,51613,0.443,4,3050,53,0.652,3.94,88.2,71.7,1
10101,50979,0.776,9,6153,36,0.621,2.49,63.9,63.1,1
10152,51414,0.881,2,6732,73,0.672,3.84,97.4,77.7,1
10770,56979,0.536,4,2825,63,0.603,4.11,75.4,55.6,0
10484,54506,0.451,1,6766,54,0.672,3.0,63.3,49.6,1
10089,50849,0.853,3,5454,64,0.608,3.41,81.8,64.2,1
10523,54831,0.333,0,6622,46,0.799,2.25,58.4,38.7,0
10540,54990,0.986,3,1083,74,0.634,4.14,100.0,100.0,0
10509,54724,0.567,3,8759,64,0.559,3.52,84.8,95.7,0
10311,52878,0.562,3,4273,39,0.702,2.32,68.0,33.3,0
10247,52272,0.89,1,3994,71,0.733,4.4,88.8,78.6,1
10260,52393,0.683,2,3608,64,0.621,3.6,81.6,63.5,0
10995,58972,0.218,4,4376,27,0.707,2.44,62.8,71.9,0
10407,53780,0.15,1,2603,34,0.759,2.36,52.3,40.4,0
10199,51831,0.903,2,4752,48,0.665,2.0,55.2,57.5,1
10441,54093,1.0,2,1628,28,0.759,1.87,34.0,49.5,0
10729,56578,0.793,4,8886,34,0.831,2.41,59.5,46.9,1
10476,54455,0.166,2,4564,47,0.766,3.08,52.1,57.0,0
10004,50048,0.392,5,2988,61,0.629,3.64,78.4,67.1,0
10559,55148,0.538,1,8564,72,0.565,4.44,97.9,76.7,0
10944,58522,0.888,6,1753,64,0.392,4.17,83.5,100.0,1
10145,51351,0.861,1,3309,39,0.665,2.17,47.3,40.6,0
10960,58669,0.462,2,2282,71,0.933,2.63,65.0,63.1,0
10132,51235,1.0,4,2412,62,0.841,2.55,44.9,66.4,0
10826,57476,0.671,3,2977,43,0.738,2.5,73.5,60.2,0
10540,54985,0.395,4,8062,70,0.521,4.13,100.0,83.3,0
10423,53916,0.332,5,7721,61,0.562,4.31,100.0,94.0,0
10046,50447,0.873,6,6796,54,0.549,3.83,74.2,71.5,1
10245,52249,0.486,2,1780,70,0.595,3.59,94.4,92.6,1
10188,51744,0.599,2,4381,24,0.695,1.92,36.7,36.7,0
10089,50845,0.337,6,6291,61,0.707,3.73,78.9,68.7,1
10531,54892,0.926,9,3708,71,0.468,4.26,85.6,69.6,1
10857,57759,1.0,5,4438,68,0.739,3.16,54.0,69.6,0
10662,55981,0.639,4,5873,52,0.662,3.03,52.5,59.5,1
10357,53290,1.0,2,5239,53,0.578,3.77,79.3,74.1,0
10293,52708,0.913,2,8620,20,0.722,2.19,40.6,47.0,1
10003,50040,0.255,6,1203,56,0.817,3.62,70.1,52.7,0
10263,52441,1.0,6,3057,41,0.985,1.95,44.5,44.3,0
10336,53104,0.436,2,4863,28,0.952,1.42,34.4,5.2,0
10802,57270,1.0,4,6123,58,0.61,3.1,63.7,38.1,1
10923,58337,0.606,2,2268,41,0.675,2.48,64.6,62.4,0
10071,50679,0.499,4,3525,44,0.53,2.33,60.5,48.6,0
10952,58591,0.354,4,6553,71,0.824,3.26,76.5,56.9,0
10957,58650,1.0,9,8888,72,0.69,2.94,68.9,65.6,1
10604,55509,1.0,8,2249,63,0.578,3.76,69.7,72.1,1
10139,51295,0.64,3,6319,57,0.697,3.29,67.8,71.1,0
10440,54092,0.329,7,1589,62,0.59,3.94,87.6,78.3,0
10887,57994,1.0,1,2483,60,0.585,2.3,68.9,54.8,0
10431,53985,0.886,0,5799,37,0.95,1.63,38.5,48.7,1
10950,58575,0.901,2,6382,62,0.662,3.02,73.2,59.4,1
10101,50972,0.253,2,7209,42,0.574,2.98,55.5,52.5,0
10369,53443,0.947,1,3241,46,0.605,3.2,60.9,76.8,1
10775,57020,1.0,1,4725,60,0.861,2.95,67.5,39.5,0
10649,55858,0.207,2,3067,41,0.747,2.5,48.8,43.8,0
10118,51113,0.689,4,8257,57,0.846,3.27,78.2,73.3,0
10430,53981,0.51,4,4145,49,0.747,3.78,74.6,64.5,0
10534,54926,1.0,2,4400,59,0.871,3.58,67.8,49.5,0
10082,50777,0.533,4,5583,56,0.64,3.23,49.6,56.1,1
10969,58746,0.46,5,4075,68,0.712,2.95,59.1,75.8,0
10244,52232,0.679,4,5606,79,0.554,3.66,83.1,71.1,1
10244,52229,0.351,7,7944,56,0.461,4.09,76.7,68.5,1
10237,52154,0.792,3,3697,58,0.758,2.65,58.8,58.6,1
10739,56674,0.774,4,4987,76,0.659,4.23,81.8,54.1,0
10523,54826,0.208,4,6731,56,0.872,1.89,66.3,46.3,0
10841,57617,0.845,3,6907,32,0.634,2.27,58.7,50.7,1
10464,54320,0.528,2,5431,70,0.623,3.19,62.2,72.7,0
10947,58542,0.92,6,7836,52,0.588,2.59,46.1,47.3,1
10839,57601,0.549,7,1998,79,0.519,3.39,94.1,79.4,0
10621,55667,0.547,5,5766,45,0.687,2.17,56.5,45.4,0
10771,56985,0.738,2,7931,53,0.848,3.77,60.6,54.7,0
10345,53184,0.478,5,2007,65,0.738,3.24,68.3,100.0,0
10600,55474,0.243,3,4485,69,0.656,3.44,83.5,70.3,0
10346,53200,0.876,2,5413,69,0.604,3.97,67.2,68.9,0
10620,55664,1.0,3,7424,61,0.622,3.31,80.2,53.2,0
10138,51290,0.53,1,4336,52,0.914,3.41,65.6,34.1,0
10542,54994,1.0,2,8720,51,0.542,3.82,67.4,87.5,1
10870,57885,0.802,1,7990,50,0.779,2.81,72.9,62.2,1
10633,55762,0.25,4,5447,62,0.679,2.62,50.8,41.3,0
10599,55461,0.891,4,2405,85,0.542,3.87,61.7,63.9,0
10899,58088,0.803,1,8226,26,0.822,2.0,48.0,29.5,1
10955,58620,0.9,4,5173,31,0.824,1.99,48.0,42.0,1
10428,53967,0.972,4,6092,31,0.954,1.85,26.5,14.7,1
10202,51880,0.104,1,1013,33,0.871,2.73,53.2,59.8,0
10785,57110,0.372,5,7761,51,0.619,3.08,58.2,59.6,1
10446,54149,0.158,5,6256,51,0.842,2.75,58.1,67.2,0
10839,57597,0.466,3,2029,65,0.581,2.94,94.3,79.0,0
10656,55930,0.33,0,6158,55,0.465,4.83,84.5,86.5,0
10750,56787,0.411,1,4181,48,0.953,2.29,55.1,31.3,0
10840,57610,1.0,7,7728,83,0.463,4.4,84.3,81.5,1
10109,51037,0.85,4,7774,50,0.795,1.96,45.6,46.7,1
10067,50637,0.151,4,2954,62,0.658,3.24,72.8,61.8,0
10743,56724,1.0,1,5765,62,0.683,3.81,89.4,89.2,1
10460,54300,0.333,6,4029,71,0.592,3.23,84.1,69.0,1
10115,51084,0.392,3,1216,47,0.661,3.2,77.3,63.8,0
10090,50862,0.231,4,1388,69,0.741,3.4,72.5,45.2,0
10093,50904,0.927,0,2601,42,0.84,2.59,64.8,46.4,0
10019,50192,0.602,5,7973,74,0.75,2.67,51.2,63.8,1
10011,50110,0.333,4,8724,77,0.745,3.17,63.9,61.8,0
10210,51943,0.126,2,5303,67,0.591,1.63,48.9,34.6,0
10571,55247,0.324,3,8838,26,0.762,2.6,60.2,46.9,1
10894,58046,1.0,5,8802,51,0.64,3.46,73.6,58.9,1
10861,57792,1.0,4,995,57,0.458,4.18,69.7,93.0,1
10655,55900,1.0,3,4229,61,0.555,3.26,73.1,73.1,0
10606,55524,0.297,1,2421,58,0.591,3.31,71.8,70.1,0
10301,52776,0.272,4,3162,56,0.767,3.26,72.9,67.4,0
10251,52324,1.0,9,7331,51,0.73,3.16,83.6,61.4,1
10806,57311,0.561,2,4554,57,0.76,3.84,76.7,69.7,1
10284,52618,0.517,8,2188,48,0.636,3.78,76.0,62.2,0
10748,56765,0.258,3,1371,58,0.555,3.27,42.3,51.0,0
10116,51095,0.829,9,7279,72,0.444,3.75,86.1,92.8,1
10540,54978,0.824,4,2829,84,0.754,4.42,99.4,82.8,0
10484,54508,0.896,2,6954,48,0.68,2.95,61.1,38.7,1
10341,53136,0.465,3,3671,67,0.77,3.28,60.3,80.0,0
10721,56522,0.2,7,4606,37,0.765,2.79,37.5,43.1,0
10411,53806,0.307,1,3973,39,0.842,2.03,42.0,43.9,0
10829,57507,0.276,4,1228,69,0.6,3.01,73.2,68.7,0
10288,52655,0.32,2,2850,64,0.596,3.32,84.6,69.1,0
10869,57874,0.641,3,2063,55,0.703,1.97,54.7,41.6,0
10540,54989,0.367,2,2055,78,0.656,3.91,100.0,100.0,0
10708,56387,0.806,4,4183,54,0.647,4.19,59.5,62.2,1
10721,56524,0.622,5,7130,38,0.698,2.53,32.8,42.7,0
10680,56138,0.958,7,2771,70,0.629,3.69,82.3,74.6,1
10548,55059,0.415,2,2580,51,0.705,1.76,39.4,44.8,0
10966,58720,0.751,6,4206,43,0.713,2.86,63.5,59.2,0
10242,52203,0.324,7,2260,34,0.748,3.46,51.5,51.3,1
10878,57927,1.0,3,6761,53,0.687,3.15,61.4,50.5,1
10835,57558,0.516,2,8011,47,0.663,3.1,57.2,53.8,1
10462,54304,0.898,1,2159,50,0.774,1.61,32.3,39.9,0
10101,50976,0.831,4,2907,44,0.786,3.38,63.2,71.6,1
10507,54694,0.495,3,5630,40,0.868,2.67,47.8,27.1,0
10097,50942,0.706,1,8657,44,0.704,1.94,56.6,26.2,1
10259,52388,0.987,6,7858,33,0.798,1.35,38.7,41.8,0
10350,53222,0.45,2,3993,60,0.57,3.17,61.3,58.9,0
10422,53883,0.598,6,2056,59,0.875,3.27,91.5,77.8,0
10942,58494,0.416,3,5097,56,0.711,3.75,83.8,92.4,0
10899,58096,0.096,5,3803,15,0.839,2.36,50.9,41.5,0
10515,54767,0.819,6,3229,72,0.48,4.14,93.8,100.0,0
10302,52790,0.505,2,6122,40,0.901,2.04,51.7,60.6,0
10098,50945,0.679,8,7282,67,0.684,2.64,67.2,21.7,0
10861,57794,0.458,10,6227,65,0.513,4.46,84.7,83.7,0
10902,58125,0.428,3,7764,52,0.655,3.7,71.2,74.2,0
10823,57447,0.33,4,5869,66,0.58,3.58,75.6,69.7,0
10443,54109,0.679,4,1697,85,0.517,3.14,99.5,71.7,0
10903,58132,0.421,7,3390,66,0.675,3.71,85.0,84.0,0
10353,53256,0.389,7,3842,68,0.561,3.7,77.6,65.5,0
10291,52691,0.399,0,1713,49,0.799,2.36,54.8,45.3,0
10603,55508,0.556,5,6757,49,0.681,3.25,77.0,62.4,1
10141,51320,0.454,1,1498,45,0.728,2.91,57.3,36.6,0
10987,58895,0.779,0,4930,47,0.76,2.92,62.4,64.1,0
10506,54692,0.298,5,3440,49,0.553,3.75,88.2,74.9,0
10600,55475,1.0,6,3580,73,0.626,2.92,75.8,74.8,0
10520,54801,0.583,5,4367,54,0.608,3.13,87.4,53.3,0
10373,53476,0.981,4,6443,37,0.757,2.3,51.1,61.9,1
10376,53506,1.0,1,4145,59,0.909,2.18,59.9,58.1,0
10268,52478,0.251,5,6791,65,0.791,2.49,61.0,67.8,0
10581,55334,0.549,4,8259,52,0.723,3.69,77.4,80.2,0
10656,55911,1.0,12,4048,66,0.546,4.65,89.3,92.8,1
10462,54305,0.266,5,6790,34,0.856,1.37,30.5,37.0,0
10984,58878,1.0,4,7257,46,0.705,2.82,32.8,52.7,0
10202,51875,0.097,3,2168,39,0.872,2.37,43.6,58.7,0
10788,57145,0.34,4,5068,70,0.492,3.46,97.0,71.8,0
10885,57969,0.268,5,1954,53,0.784,3.71,69.2,52.2,0
10314,52905,0.74,2,3193,37,0.781,2.16,59.2,55.2,1
10059,50571,0.266,5,3953,29,0.797,1.21,49.7,38.3,0
10155,51449,0.89,4,5158,42,0.886,2.79,43.6,29.0,1
10831,57523,0.533,3,5416,59,0.566,3.6,80.5,86.9,1
10546,55034,1.0,3,4083,60,0.849,2.67,43.7,45.3,0
10920,58297,0.954,3,8969,48,0.905,2.82,51.2,57.0,1
10603,55500,0.794,5,1521,59,0.533,2.69,62.6,66.9,0
10573,55258,0.385,8,7903,68,0.7,4.46,87.7,93.2,1
10350,53227,0.354,2,6726,44,0.611,3.09,74.9,50.6,1
10970,58770,1.0,10,8143,75,0.672,4.48,72.9,81.2,1
10430,53979,0.485,3,4152,55,0.705,2.83,67.8,71.5,1
10681,56156,1.0,4,7932,64,0.558,3.92,82.2,80.0,0
10380,53540,1.0,3,2721,44,0.656,3.13,80.8,45.1,1
10493,54582,0.874,3,1851,30,0.695,1.96,33.4,32.0,0
10305,52828,1.0,3,5121,54,0.652,2.87,59.3,60.5,1
10596,55435,0.671,5,2190,59,0.717,3.48,76.9,65.0,1
10143,51339,0.36,1,933,45,0.801,1.81,58.0,54.5,0
10354,53263,1.0,8,8728,62,0.698,3.23,77.0,66.2,0
10559,55153,1.0,4,3851,93,0.716,3.85,90.3,100.0,1
10068,50651,0.247,2,1802,48,0.814,2.66,35.5,44.2,0
10313,52903,0.922,3,3796,70,0.584,3.89,77.6,55.2,1
10246,52259,0.277,3,7183,43,0.64,2.48,75.4,56.1,0
10909,58199,0.327,8,6834,58,0.616,2.72,78.2,51.2,1
10838,57585,0.27,3,2095,49,0.807,2.14,59.7,27.4,0
10896,58065,0.383,1,8298,33,0.858,2.59,52.9,54.8,1
10492,54562,1.0,3,3515,59,0.813,3.09,56.9,59.6,0
10827,57482,0.897,1,3178,40,0.676,2.77,42.1,32.0,0
10624,55697,0.951,3,990,42,0.967,2.31,50.4,30.7,0
10280,52585,0.728,3,8018,23,0.862,2.42,30.3,46.4,1
10346,53197,0.962,5,2311,72,0.636,3.71,79.4,71.1,0
10684,56183,0.183,4,5115,17,0.734,1.09,34.7,46.8,1
10465,54334,0.335,6,4659,62,0.579,2.62,74.0,82.6,0
10135,51259,0.693,4,6622,96,0.55,4.29,96.4,76.2,0
10456,54251,0.986,1,8989,64,0.779,2.81,67.8,78.0,1
10103,50992,0.328,2,5514,31,1.0,1.43,30.5,19.9,0
10376,53505,0.228,2,1452,60,0.763,2.57,48.1,55.1,0
10012,50114,0.6,4,3311,64,0.461,4.38,81.4,100.0,0
10095,50920,0.044,6,8840,33,0.894,1.99,25.0,34.5,0
10270,52510,0.505,5,8466,56,0.722,2.22,42.4,42.9,1
10937,58464,0.351,1,8788,54,0.75,2.92,50.0,51.9,0
10904,58146,0.743,7,1033,84,0.551,3.71,91.7,88.1,0
10787,57138,0.131,1,4703,28,0.745,2.18,32.3,22.2,0
10098,50950,0.761,4,2131,55,0.757,2.36,68.4,30.4,1
10498,54618,0.422,0,2650,55,0.787,2.7,48.2,37.1,0
10406,53771,0.922,2,7699,60,0.878,2.57,50.4,60.8,0
10804,57298,0.739,4,7476,42,0.867,2.33,56.7,34.5,1
10308,52851,0.373,4,7657,41,0.761,2.19,47.2,41.2,1
10651,55876,0.426,5,6025,84,0.665,3.21,68.2,68.8,0
10829,57501,0.995,1,8882,78,0.722,3.48,62.4,51.1,0
10785,57116,0.396,2,8621,58,0.636,3.06,58.5,70.3,0
10601,55486,0.813,2,6217,50,0.79,2.78,66.9,51.9,1
10270,52506,0.228,2,979,52,0.727,2.6,46.0,39.3,0
10118,51115,0.241,3,7649,61,0.991,3.23,67.2,77.5,0
10766,56931,1.0,2,7522,57,0.589,2.75,65.2,44.1,1
10029,50299,0.73,5,2018,67,0.516,3.54,82.5,82.8,0
10182,51676,0.439,4,6016,79,0.492,4.85,92.6,78.1,1
10362,53348,0.749,7,1284,54,0.73,3.0,78.3,62.7,0
10297,52736,0.767,4,5259,59,0.573,2.89,73.4,55.8,0
10697,56292,0.321,4,8958,46,0.88,3.03,61.0,42.3,0
10887,57992,0.817,2,7313,63,0.59,2.87,65.0,56.1,1
10506,54683,0.339,7,1327,68,0.643,4.0,90.0,78.3,0
10784,57090,0.627,3,1833,54,0.424,3.33,58.7,58.4,1
10515,54764,1.0,7,5349,77,0.6,4.09,91.8,83.4,0
10466,54345,0.438,2,7474,73,0.812,4.2,100.0,81.6,0
10698,56315,0.454,5,3971,51,0.878,2.58,58.9,65.1,0
10231,52104,0.526,2,957,60,0.779,2.85,49.7,33.9,0
10505,54679,0.46,5,4096,57,0.737,2.83,62.0,82.1,0
10855,57737,0.653,4,8804,70,0.571,3.63,80.2,80.1,1
10864,57830,1.0,2,4771,43,0.825,2.04,39.6,28.9,0
10199,51838,0.524,0,5184,36,0.702,2.4,47.2,60.6,0
10704,56356,0.795,3,1362,48,0.568,3.38,73.7,63.5,0
10753,56806,0.568,6,908,51,0.679,3.04,80.7,34.0,0
10727,56567,1.0,6,1584,52,0.976,2.12,69.2,58.7,0
10063,50608,0.923,1,5452,37,0.767,1.98,55.9,18.7,1
10116,51094,0.512,6,5760,77,0.578,3.93,90.3,80.0,0
10469,54376,1.0,3,6760,66,0.682,3.64,71.6,51.7,1
10949,58564,1.0,3,8797,61,0.592,3.14,60.1,58.1,1
10930,58394,1.0,6,2473,53,0.826,2.09,69.7,35.4,0
10015,50161,0.219,6,1137,56,0.88,1.84,53.9,50.0,1
10020,50204,0.4,2,3040,48,0.59,3.55,67.5,72.3,0
10622,55677,1.0,0,6992,46,0.821,2.96,64.6,71.9,1
10617,55629,0.266,6,6116,46,0.648,3.14,58.2,60.4,0
10317,52935,0.425,4,2696,63,0.686,3.23,58.0,54.9,0
10988,58915,0.219,6,1293,44,0.668,3.07,60.0,59.6,0
10263,52436,0.974,5,1698,36,0.899,2.11,53.3,24.0,0
10132,51231,0.292,2,7956,67,0.781,2.28,60.5,41.6,0
10823,57441,0.657,2,5217,73,0.482,3.39,77.4,57.7,0
10735,56621,0.208,1,5738,45,0.837,3.22,53.1,29.5,0
10963,58689,0.297,0,2096,34,0.926,3.09,57.7,51.8,0
10498,54615,0.973,2,3520,49,0.701,2.51,60.5,69.9,1
10682,56170,1.0,3,8098,69,0.655,4.25,70.4,70.0,0
10673,56070,0.299,3,7822,64,0.492,3.56,91.5,70.4,0
10456,54252,0.785,4,7089,57,0.725,3.14,80.1,70.5,0
10879,57930,1.0,6,4697,48,0.722,3.27,57.7,59.1,0
10434,54035,0.15,2,7893,32,0.825,2.46,40.6,43.9,0
10720,56518,0.96,5,6908,49,0.782,2.58,61.6,49.9,1
10517,54776,0.852,6,5425,69,0.764,3.42,73.7,57.8,0
10421,53878,1.0,2,2636,48,0.659,2.18,54.8,23.4,0
10886,57982,1.0,3,2353,47,0.648,2.37,63.4,53.3,0
10090,50858,0.308,5,2630,48,0.85,2.89,72.9,65.0,0
10659,55964,1.0,3,4681,77,0.862,3.26,73.2,63.2,1
10774,57012,0.207,3,8260,56,0.674,3.14,64.2,43.5,0
10278,52562,0.309,4,5341,58,0.625,2.92,50.2,63.5,1
10410,53802,0.923,1,4495,47,0.757,2.38,61.3,19.8,0
10286,52641,0.937,1,2782,38,0.65,2.24,43.7,47.3,0
10484,54514,0.814,4,3525,56,0.88,3.11,70.4,47.6,0
10254,52348,0.38,5,6448,52,0.723,3.66,89.7,55.8,0
10738,56659,0.642,3,6604,71,0.78,2.42,49.7,61.7,0
10301,52782,1.0,4,1623,57,0.61,3.13,73.5,63.0,1
10492,54561,0.945,3,8403,54,0.651,3.26,46.9,54.5,1
10794,57199,0.279,6,7482,77,0.667,3.16,70.7,68.0,0
10823,57445,0.319,3,8949,74,0.569,3.17,62.8,71.4,0
10065,50616,0.345,6,1062,60,0.821,3.02,70.4,51.9,0
10774,57014,1.0,3,2901,43,0.661,3.06,62.8,50.9,0
10279,52576,0.591,1,4968,59,0.688,3.16,81.9,65.6,0
10828,57491,0.121,1,6141,15,0.912,2.04,27.3,26.0,0
10361,53341,1.0,7,5501,86,0.559,2.99,76.2,77.4,1
10622,55674,0.867,3,7200,49,0.72,3.13,76.2,68.7,1
10185,51706,0.648,5,5629,61,0.787,2.32,71.8,60.4,0
10819,57399,0.179,10,5568,60,0.704,2.73,56.2,65.6,0
10507,54696,0.762,1,3407,38,0.965,2.66,54.9,36.8,0
10159,51494,1.0,5,2479,63,0.656,3.64,81.3,56.7,0
10995,58969,1.0,4,5730,40,0.723,2.87,57.5,47.4,1
10488,54542,0.789,5,1390,53,0.585,3.1,69.7,65.4,0
10085,50804,0.843,1,1354,44,0.843,1.99,32.8,39.6,0
10613,55590,1.0,5,6625,74,0.614,3.87,65.8,69.3,0
10952,58588,0.384,3,7797,67,0.883,3.2,76.9,60.1,0
10103,50991,0.631,2,5649,20,1.0,1.76,24.9,17.5,1
10732,56602,0.112,4,1109,20,0.974,1.68,27.0,10.9,0
10962,58682,0.578,3,5945,42,0.69,3.02,51.4,49.4,0
10656,55937,0.979,6,7052,75,0.646,4.68,83.8,98.2,1
10378,53514,1.0,5,2138,54,0.586,3.33,82.4,71.6,0
10473,54419,0.753,2,3700,21,0.647,2.73,52.1,11.8,1
10766,56934,0.322,2,2758,58,0.63,3.08,76.7,64.3,1
10021,50220,1.0,3,3648,31,0.76,2.42,39.4,42.4,1
10936,58453,0.375,5,1835,69,0.552,3.9,77.0,69.2,0
10138,51289,0.501,5,1569,59,0.862,3.28,70.4,59.7,1
10344,53164,0.612,2,8133,48,0.804,2.83,58.4,38.8,1
10284,52619,0.386,5,7868,29,0.555,4.13,58.8,64.7,1
10389,53613,1.0,7,6062,61,0.638,4.01,81.3,68.4,0
10003,50044,0.361,1,6681,79,0.809,3.25,65.9,56.3,0
10910,58205,0.707,3,7037,38,0.841,2.51,68.2,31.7,1
10408,53793,0.688,9,7726,72,0.578,3.64,74.5,74.2,0
10384,53572,0.648,2,1847,37,0.761,2.29,32.6,45.2,0
10936,58443,0.687,4,4871,70,0.655,3.78,74.6,71.5,1
10159,51504,0.284,1,4979,58,0.747,3.52,73.1,66.2,0
10865,57839,0.838,5,7628,55,0.731,2.98,62.3,62.4,1
10981,58850,0.461,1,1237,65,0.564,3.3,68.3,54.6,0
10369,53440,1.0,0,7565,37,0.585,3.25,60.8,70.8,1
10204,51893,1.0,4,2379,54,0.622,2.12,36.3,45.7,1
10929,58388,0.383,5,3556,47,0.649,2.35,32.6,31.9,0
10899,58095,0.961,4,6162,15,0.875,1.85,45.4,28.6,1
10548,55050,0.296,2,5442,29,0.677,1.81,42.9,53.1,0
10159,51506,0.882,6,2815,66,0.691,3.83,79.3,53.6,0
10069,50671,1.0,6,4266,84,0.75,3.72,79.2,89.5,1
10865,57836,0.341,3,4351,56,0.598,3.23,63.4,70.9,0
10623,55690,0.518,4,2964,48,0.666,2.72,70.1,50.2,0
10093,50898,0.743,5,1096,58,0.804,2.41,61.8,41.3,1
10540,54983,0.366,5,1717,72,0.601,3.55,99.0,99.5,0
10289,52667,0.791,1,7464,34,0.811,3.04,56.4,41.9,1
10346,53194,0.463,3,2260,53,0.469,3.69,77.8,65.4,0
10312,52891,0.252,4,8628,55,0.572,2.73,80.7,32.5,0
10908,58189,1.0,5,6932,77,0.661,3.8,88.1,84.6,1
10524,54841,0.929,4,4766,61,0.767,3.81,52.2,69.1,0
10582,55341,0.324,7,8339,33,0.79,1.95,50.4,46.6,0
10826,57474,0.388,5,2110,52,0.749,3.02,70.1,56.3,0
10257,52371,0.257,2,6567,15,0.887,1.16,62.2,21.0,1
10706,56367,1.0,4,6479,55,0.863,3.04,54.2,39.1,0
10192,51770,0.902,3,2963,68,0.634,3.52,84.7,64.7,0
10787,57128,1.0,1,2695,18,0.885,2.09,26.8,34.7,1
10527,54856,1.0,5,4364,65,0.614,4.19,55.5,90.3,0
10055,50532,0.606,2,6546,47,0.663,3.1,65.4,29.7,1
10777,57033,0.621,3,7111,45,0.878,1.62,39.0,25.7,1
10818,57395,0.161,3,6598,43,0.803,2.6,62.8,57.5,0
10698,56311,0.146,3,1343,26,0.766,2.93,64.4,65.8,0
10885,57975,1.0,4,8772,68,0.829,3.55,60.4,51.6,1
10892,58030,0.705,2,8257,28,0.868,1.95,45.8,34.1,1
10076,50732,0.426,3,8876,55,0.627,3.26,68.6,70.9,1
10366,53407,1.0,1,6394,48,0.665,3.47,65.6,81.5,1
10253,52340,1.0,7,4752,65,0.793,4.31,81.4,85.6,1
10520,54809,1.0,8,4045,57,0.7,2.95,77.7,66.7,1
10508,54706,0.833,4,6929,51,0.698,3.14,72.9,60.6,1
10278,52566,0.762,1,7008,59,0.904,2.65,55.5,54.1,1
10688,56218,1.0,5,3143,68,0.848,3.77,87.7,73.9,0
10733,56612,0.723,5,5630,75,0.585,3.53,70.6,83.2,0
10954,58615,0.369,1,6847,58,0.716,2.76,77.2,63.1,0
10619,55642,1.0,1,4872,47,0.897,3.45,65.1,50.0,1
10474,54422,0.265,3,3074,47,0.752,3.1,43.4,61.1,0
10740,56687,0.571,1,7431,48,0.765,2.44,62.1,56.1,1
10883,57955,0.54,5,3634,48,0.751,2.4,55.5,39.7,1
10135,51256,0.501,3,7240,73,0.665,4.08,96.7,77.6,0
10231,52105,0.593,3,5577,53,0.728,3.07,57.0,37.9,0
10864,57825,0.917,3,4316,64,0.848,1.8,38.8,34.6,0
10545,55019,0.921,3,6147,36,0.583,2.91,54.9,46.4,1
10994,58956,0.296,6,7747,54,0.704,3.25,64.2,57.4,1
10643,55820,0.575,0,3471,46,0.648,2.25,48.3,47.1,0
10508,54707,1.0,8,5607,47,0.7,2.72,75.3,56.5,1
10374,53485,0.207,3,6526,50,1.0,2.03,41.1,53.3,0
10947,58543,0.548,1,1525,57,0.59,2.89,57.0,48.4,0
10413,53817,0.426,2,1379,41,0.667,2.37,49.0,36.0,0
10499,54620,0.26,2,3960,34,0.778,2.23,60.7,42.2,1
10778,57046,0.253,1,5863,29,0.735,2.16,45.2,65.3,0
10698,56309,0.991,3,4018,42,0.878,2.88,45.1,60.0,0
10796,57220,0.942,3,2668,52,0.591,3.37,81.5,77.6,0
10175,51622,0.248,1,4025,52,0.721,3.68,97.9,79.6,0
10940,58483,0.313,4,5514,48,0.778,2.16,48.6,58.1,0
10808,57336,1.0,6,7971,64,0.576,3.91,92.1,83.1,0
10889,58012,0.499,6,2333,83,0.702,2.77,94.2,87.4,0
10862,57821,1.0,5,3068,63,0.678,3.66,80.0,93.8,1
10116,51097,0.966,3,7741,66,0.549,3.49,89.5,82.1,0
10857,57758,1.0,4,7432,53,0.596,3.32,51.7,46.9,1
10946,58531,0.154,2,8022,46,0.726,2.83,68.0,76.0,1
10266,52464,1.0,2,3394,56,0.571,2.74,74.4,50.6,1
10633,55764,0.644,11,4325,47,0.745,2.89,51.3,40.0,0
10195,51789,0.471,5,8957,66,0.801,2.56,61.1,59.2,0
10785,57111,0.448,6,3152,64,0.653,3.35,61.3,74.2,1
10541,54993,1.0,7,4935,41,0.662,2.06,37.1,44.6,0
10543,55004,0.24,5,8993,32,0.901,3.43,68.3,62.0,0
10019,50193,1.0,2,3336,70,0.763,2.6,46.4,78.5,0
10087,50821,0.257,2,4024,36,0.862,2.93,51.1,69.6,1
10497,54607,0.855,2,1689,76,0.566,4.71,88.3,71.1,0
10944,58519,1.0,8,1059,70,0.451,3.87,90.6,100.0,0
10622,55680,0.371,3,7905,60,0.666,3.01,71.9,67.9,1
10448,54167,0.246,1,6936,26,0.724,2.09,60.1,36.3,1
10291,52688,0.976,5,5891,39,0.741,2.9,48.9,42.3,0
10776,57029,0.783,2,3857,51,0.675,3.04,55.7,58.5,0
10509,54718,1.0,5,5790,78,0.73,4.26,80.8,79.1,0
10522,54818,1.0,9,7222,75,0.688,3.71,89.6,85.1,1
10595,55431,0.617,5,5934,78,0.515,4.23,97.0,88.2,1
10283,52608,0.5,2,7064,37,0.82,1.76,38.8,23.9,0
10664,55999,0.421,0,6015,48,0.568,3.39,83.2,62.1,0
10024,50239,1.0,5,4697,43,0.763,3.44,67.4,67.9,1
10433,54016,1.0,4,5055,76,0.654,4.52,97.2,74.1,1
10923,58332,0.348,3,1754,51,0.623,3.03,63.3,47.9,0
10323,52978,0.408,5,5809,57,0.726,4.36,93.9,76.9,0
10497,54605,0.488,7,2730,91,0.572,4.06,100.0,75.6,1
10642,55817,0.509,4,1656,67,0.842,3.36,92.4,83.1,0
10098,50946,0.391,8,8828,46,0.649,2.53,54.9,25.0,1
10678,56119,0.133,3,5198,29,0.799,1.83,41.2,53.2,0
10683,56182,0.686,7,4012,37,0.566,2.63,53.1,67.5,1
10601,55485,0.643,1,5385,44,0.7,2.46,51.3,47.5,1
10603,55506,1.0,2,2266,56,0.737,2.97,64.9,67.2,0
10382,53553,0.671,6,7978,63,0.729,3.13,72.6,54.5,0
10897,58072,0.807,1,6761,50,0.598,1.96,60.9,41.7,0
10364,53361,0.236,3,3225,76,0.608,3.34,83.8,68.1,0
10479,54479,0.204,1,4181,59,0.653,3.02,62.1,63.6,0
10261,52411,0.539,5,7017,87,0.451,3.89,84.2,62.3,0
10778,57045,0.276,1,2550,36,0.836,1.84,46.3,52.1,0
10430,53983,1.0,3,1525,60,0.7,3.09,68.1,59.0,0
10014,50147,0.899,3,1514,60,0.411,3.64,87.6,69.9,1
10585,55363,0.869,2,5394,66,0.631,4.1,87.4,69.5,1
10249,52295,0.462,3,5944,70,0.634,3.87,78.9,69.3,0
10796,57214,0.529,6,8287,65,0.587,3.27,73.3,53.6,1
10389,53612,1.0,1,4096,55,0.595,4.2,74.5,69.1,0
10188,51737,0.396,1,3532,37,0.737,2.46,38.4,39.3,0
10682,56164,1.0,9,6720,47,0.637,3.81,66.1,69.6,1
10012,50115,1.0,7,6766,67,0.666,3.98,81.9,100.0,1
10856,57752,0.403,5,1230,66,0.517,3.58,88.1,74.4,0
10528,54864,1.0,5,4888,49,0.665,3.59,61.8,91.4,1
10051,50499,0.998,2,4782,56,0.809,2.53,49.4,49.1,1
10076,50721,0.713,5,7983,61,0.609,2.96,54.0,58.9,0
10693,56254,1.0,5,2719,62,0.821,3.42,63.5,71.6,0
10335,53090,1.0,5,1726,57,0.55,2.75,55.6,48.1,0
10643,55821,0.195,2,1649,49,0.593,2.51,53.3,46.3,0
10888,58000,1.0,6,6323,80,0.563,3.49,65.2,69.8,0
10062,50597,0.918,3,8256,29,0.934,2.09,53.4,22.2,1
10905,58160,0.182,2,4880,30,0.722,2.35,39.1,40.4,0
10719,56498,0.976,5,4640,51,0.616,2.64,54.5,46.9,0
10178,51648,1.0,3,3479,84,0.644,3.46,82.1,73.6,1
10612,55580,0.847,1,4671,23,0.782,1.53,40.6,27.7,0
10292,52701,0.973,5,6147,70,0.635,3.64,78.8,95.9,1
10660,55968,1.0,4,3969,49,0.758,3.62,68.4,74.9,1
10184,51701,0.236,2,4153,30,0.818,2.59,38.3,44.9,0
10872,57894,0.166,4,907,38,0.581,2.16,44.7,59.9,0
10642,55815,0.642,6,8362,62,0.864,3.43,89.3,84.0,1
10839,57591,1.0,6,6465,65,0.653,3.55,100.0,80.3,0
10317,52943,0.354,3,1792,49,0.747,3.25,54.0,61.4,0
10714,56445,1.0,5,2877,50,0.733,2.14,63.1,36.6,0
10008,50087,1.0,3,7833,56,0.559,3.43,61.5,73.0,1
10250,52309,0.594,3,7076,51,0.756,2.66,65.4,63.3,0
10290,52678,1.0,4,6505,34,0.791,1.82,47.5,31.9,1
10735,56622,0.413,2,4365,65,0.833,2.5,48.5,39.7,0
10689,56221,0.473,7,3680,33,0.868,2.39,32.6,26.7,1
10282,52595,0.746,5,7475,57,0.537,4.85,89.6,88.4,1
10715,56453,0.26,1,4299,67,0.67,2.94,65.1,59.6,0
10108,51030,0.582,1,8503,51,0.738,2.79,45.0,33.5,1
10014,50137,1.0,1,3342,45,0.453,3.76,78.1,67.4,0
10801,57258,0.559,3,1520,38,0.705,0.8,38.6,22.5,0
10610,55563,0.808,4,5861,55,0.728,3.45,59.8,79.6,0
10854,57734,1.0,5,3118,63,0.818,3.59,83.7,77.2,1
10472,54410,0.785,5,5510,67,0.723,3.43,70.6,47.0,0
10129,51201,1.0,1,8293,30,0.802,2.51,51.4,34.8,1
10949,58566,1.0,4,8615,49,0.609,3.08,70.8,55.1,0
10579,55317,0.308,2,2883,51,1.0,2.1,36.1,23.9,0
10058,50567,1.0,5,1062,83,0.677,3.57,76.3,69.0,1
10648,55852,0.465,5,3888,41,0.771,2.26,52.7,41.3,0
10424,53928,0.979,8,3032,51,0.614,3.51,78.7,80.7,0
10627,55716,0.752,3,1558,54,0.595,3.89,66.8,68.3,0
10723,56538,0.262,6,8323,54,0.828,3.06,79.4,46.4,0
10492,54569,0.823,1,7296,55,0.827,3.34,49.0,43.2,1
10963,58688,0.177,4,7089,47,0.812,2.47,51.8,33.5,0
10573,55265,0.393,9,2484,62,0.612,3.34,82.4,71.9,0
10743,56717,0.298,4,6070,68,0.662,4.3,89.7,97.5,1
10252,52331,0.153,6,8987,43,0.785,3.36,57.2,49.4,0
10378,53516,0.491,6,4769,66,0.657,3.26,85.5,100.0,0
10240,52188,0.235,4,7733,57,0.701,2.91,31.7,51.8,0
10019,50196,1.0,4,7480,66,0.619,3.09,60.0,64.1,0
10640,55809,0.442,5,3298,53,0.799,2.3,50.5,61.1,0
10085,50803,0.971,2,3871,45,0.877,2.32,42.7,40.6,1
10557,55131,0.697,1,3100,49,1.0,2.35,29.8,20.1,0
10704,56348,1.0,7,2175,49,0.631,3.05,85.7,45.2,0
10226,52069,0.348,1,974,70,0.7,3.25,60.2,52.9,0
10687,56208,0.125,4,2775,44,0.722,2.37,23.2,24.1,0
10836,57567,0.426,3,5956,67,0.778,3.49,67.9,60.3,0
10067,50645,0.877,1,8847,54,0.607,3.14,68.1,53.6,1
10936,58437,0.358,2,4211,70,0.593,3.49,81.1,73.7,0
10756,56827,0.746,1,1306,32,0.822,2.27,50.3,52.5,0
10012,50121,0.3,5,6324,63,0.648,3.39,71.8,87.9,0
10323,52982,0.394,8,8315,77,0.711,3.92,75.9,77.0,1
10334,53075,0.585,3,1869,62,0.719,3.14,67.3,71.3,0
10991,58940,0.655,3,2326,40,0.737,2.8,48.8,51.0,0
10356,53279,0.282,1,3641,40,0.828,2.49,52.2,23.9,0
10236,52136,1.0,2,2972,67,0.65,2.91,61.9,42.1,1
10542,54995,1.0,9,6176,64,0.541,3.79,64.2,79.7,0
10014,50135,1.0,9,2303,39,0.415,3.53,83.7,73.5,0
10895,58059,1.0,3,2823,57,0.531,3.18,71.5,91.1,0
10961,58677,0.358,6,2553,70,0.744,3.93,76.8,78.1,0
10277,52560,0.048,2,3711,49,0.775,1.87,37.0,45.9,0
10005,50063,0.8,3,1670,65,0.793,3.81,72.2,90.5,1
10146,51359,1.0,3,4556,36,0.706,2.73,75.4,49.5,1
10506,54690,1.0,2,3940,48,0.545,4.14,84.7,83.1,1
10266,52468,1.0,2,6475,52,0.459,3.18,86.0,72.4,0
10071,50680,0.26,5,3868,40,0.525,2.86,48.0,55.9,1
10760,56877,0.328,6,5282,73,0.833,3.9,68.6,81.6,1
10077,50742,0.425,2,1092,59,0.763,3.45,55.2,61.5,1
10597,55437,1.0,9,5765,67,0.572,3.63,88.0,56.0,0
10393,53642,1.0,1,1501,62,0.815,3.83,71.9,58.1,0
10743,56716,0.524,6,6122,55,0.643,3.94,84.8,82.5,0
10723,56539,1.0,6,5095,53,0.678,3.78,82.6,55.0,1
10354,53259,0.361,5,8212,52,0.86,3.48,59.9,58.5,1
10202,51874,0.462,1,3075,36,0.911,2.59,45.3,53.0,0
10282,52597,1.0,5,3491,69,0.649,4.07,96.2,90.5,1
10186,51718,0.548,2,7415,67,0.533,4.12,79.7,75.2,0
10901,58120,0.758,2,7031,45,0.759,2.54,62.5,41.3,1
10307,52844,1.0,2,6842,26,0.793,2.19,50.2,36.6,1
10434,54028,1.0,1,1887,36,0.834,2.29,48.3,40.4,1
10814,57367,0.303,5,3794,56,0.787,3.08,66.8,40.7,0
10716,56464,0.134,3,8233,31,0.684,2.94,49.5,37.1,1
10976,58811,0.703,5,1692,42,0.803,3.14,67.8,35.2,0
10050,50490,0.456,3,4327,72,0.618,4.19,91.4,76.4,0
10051,50494,0.375,2,7809,68,0.869,3.02,48.1,64.5,0
10073,50691,0.332,4,6770,42,0.744,3.24,66.4,64.2,1
10414,53822,0.143,5,1533,53,0.598,3.09,65.2,57.5,0
10062,50603,0.213,4,7856,19,0.966,2.18,33.2,36.3,0
10207,51912,0.926,4,8283,58,0.738,3.53,76.6,70.2,1
10747,56759,0.391,3,2496,54,0.51,2.9,77.9,61.0,0
10679,56134,0.9,5,4156,58,0.56,4.01,81.1,98.5,0
10769,56963,0.666,5,928,53,0.684,2.98,68.8,80.5,0
10501,54646,0.774,1,5579,21,0.88,2.14,69.2,54.8,0
10405,53758,0.606,2,5069,32,0.95,2.35,42.7,36.5,0
10256,52367,1.0,2,1605,54,0.784,2.66,61.5,41.9,1
10469,54371,0.267,4,7029,52,0.677,3.61,76.8,69.7,1
10608,55551,0.327,4,1284,38,0.723,1.51,55.3,39.8,0
10620,55655,0.907,3,6567,62,0.776,3.3,76.3,50.2,0
10146,51362,0.471,1,2055,63,0.741,2.53,73.1,34.4,0
10909,58194,0.515,4,7587,42,0.732,2.76,66.2,56.0,0
10162,51527,0.497,5,6524,57,0.815,3.21,96.4,100.0,1
10758,56850,1.0,4,8970,46,0.79,2.39,60.9,38.4,1
10531,54904,0.499,4,4240,71,0.491,4.39,93.8,82.4,1
10637,55794,0.675,4,8903,62,0.759,3.08,65.6,62.5,0
10165,51552,0.49,2,8819,42,0.717,3.47,68.6,90.2,1
10953,58599,0.342,8,2714,70,0.707,4.01,84.2,70.4,1
10966,58721,1.0,3,2082,62,0.73,2.72,64.6,69.4,0
10143,51338,0.331,3,6099,47,0.914,1.48,48.9,64.3,1
10423,53902,1.0,8,2277,58,0.629,3.77,98.3,89.9,0
10326,53011,0.7,8,4150,72,0.512,4.57,98.7,93.8,1
10851,57697,0.154,1,5815,36,0.708,2.45,47.8,51.6,0
10245,52251,0.406,11,3744,87,0.554,3.51,93.3,80.8,0
10254,52347,0.53,8,2009,63,0.614,2.94,79.5,57.6,0
10925,58350,0.539,7,6445,40,0.657,2.67,64.1,78.6,0
10302,52785,0.052,3,4304,24,0.964,1.81,49.1,44.7,0
10589,55387,0.761,2,2623,36,0.896,1.86,23.2,26.3,0
10014,50151,0.979,5,5480,50,0.526,3.6,84.2,75.5,1
10303,52805,0.855,6,7139,55,0.781,3.41,71.7,63.1,1
10846,57671,0.268,6,6536,87,0.582,3.77,90.1,71.3,1
10229,52087,0.623,2,3132,42,0.77,2.8,58.6,50.1,0
10404,53752,0.628,3,3677,63,0.645,2.75,56.0,73.8,1
10246,52260,0.455,2,5956,36,0.658,3.28,56.3,59.6,0
10433,54018,0.418,4,5300,69,0.699,4.52,89.6,64.9,0
10904,58152,0.449,5,1307,80,0.441,3.78,92.0,82.6,0
10745,56748,0.344,2,4948,40,0.853,2.93,43.8,48.3,0
10835,57557,0.702,3,8078,53,0.6,2.17,40.9,42.1,1
10716,56461,1.0,2,2863,50,0.821,2.66,46.7,54.2,1
10419,53857,0.441,6,7354,47,0.777,2.48,63.5,53.2,1
10090,50860,0.873,3,3252,54,0.702,2.4,60.1,54.3,1
10676,56109,0.984,5,4422,60,0.647,3.08,56.6,40.3,0
10719,56506,1.0,3,8125,47,0.657,2.82,43.5,27.9,0
10679,56131,1.0,10,8977,64,0.63,3.71,79.6,100.0,1
10798,57236,1.0,7,4527,58,0.52,3.24,57.1,77.7,0
10803,57285,0.424,5,1817,72,0.616,3.98,68.9,71.6,1
10477,54463,0.868,3,1905,43,0.828,2.61,73.8,50.9,0
10824,57454,0.478,6,7733,40,0.604,3.31,59.8,51.2,1
10193,51780,0.634,4,1370,55,0.811,2.9,77.2,63.5,0
10606,55521,0.312,3,3446,52,0.713,3.31,58.0,61.7,0
10749,56772,1.0,2,3370,49,0.474,2.74,59.0,43.1,0
10197,51819,0.214,4,7026,19,0.947,2.17,57.6,29.7,1
10696,56276,0.519,5,4051,35,0.641,1.98,54.0,49.5,0
10292,52705,0.818,6,4509,54,0.56,3.98,80.9,98.3,1
10018,50176,0.78,8,3433,67,0.633,3.2,76.9,85.3,0
10230,52094,0.876,4,2923,43,0.747,2.46,58.6,45.2,0
10786,57124,0.574,4,4340,62,0.818,2.85,69.6,77.1,0
10375,53492,1.0,1,8886,62,0.609,3.36,73.9,71.0,0
10867,57852,0.147,6,5023,41,0.853,2.27,41.9,45.0,0
10007,50083,0.598,0,8504,30,0.703,2.12,47.3,41.1,1
10086,50817,0.362,2,1473,58,0.784,2.82,62.5,54.9,0
10656,55915,0.448,5,4605,65,0.457,4.84,94.1,94.1,0
10963,58691,0.992,1,6289,42,0.888,2.22,57.0,38.0,1
10598,55455,0.372,7,5690,75,0.541,4.04,73.8,60.7,1
10028,50284,0.453,5,5909,29,0.836,3.11,58.4,66.4,0
10850,57693,0.892,4,8422,34,0.726,2.14,41.2,48.5,0
10745,56742,0.977,3,4105,29,0.652,2.6,52.0,69.5,0
10858,57769,0.292,4,3051,49,0.702,2.68,67.2,58.0,0
10315,52916,0.916,2,7063,44,0.487,2.93,56.0,27.1,0
10196,51814,0.114,2,1342,52,0.85,2.27,38.0,53.6,0
10137,51272,0.616,7,3468,50,0.853,2.72,49.0,45.1,0
10515,54772,1.0,7,8412,77,0.439,4.15,88.5,92.7,0
10956,58636,0.608,4,2377,67,0.618,4.13,75.2,83.7,0
10805,57299,1.0,6,3191,76,0.53,4.59,85.6,100.0,0
10983,58872,0.511,4,3854,35,0.695,3.37,67.8,60.0,0
10287,52643,0.263,2,6742,30,0.849,2.18,45.1,37.7,1
10725,56553,1.0,3,2725,66,0.68,2.79,70.5,66.1,0
10484,54509,1.0,5,6230,51,0.746,2.51,63.5,54.0,0
10250,52306,0.775,1,903,47,0.715,2.78,66.9,70.8,0
10833,57541,0.788,1,3876,35,0.716,1.55,55.4,48.4,0
10452,54196,0.9,4,6052,37,0.624,2.65,57.6,32.8,1
10808,57324,0.473,2,1942,59,0.55,3.86,90.1,83.1,0
10448,54169,0.901,3,6710,49,0.615,2.08,50.3,48.0,0
10418,53850,0.271,7,3121,60,0.674,3.27,67.2,66.0,0
10982,58865,0.154,3,6837,31,0.836,1.43,34.7,30.7,0
10766,56935,1.0,6,8813,66,0.626,2.74,72.2,54.9,0
10703,56341,0.68,4,5626,46,0.525,3.34,60.6,60.7,0
10261,52415,0.855,5,7670,65,0.596,4.38,77.3,76.8,1
10382,53555,0.543,2,3602,49,0.767,3.54,71.0,57.8,0
10483,54499,1.0,1,4597,63,0.666,3.52,83.7,69.0,1
10241,52196,0.727,8,2852,65,0.64,4.14,82.7,78.4,0
10282,52601,0.271,4,5758,68,0.575,4.24,100.0,95.9,1
10760,56875,0.391,8,2713,70,0.673,4.2,73.9,77.5,0
10463,54315,0.189,2,5544,44,0.787,2.55,61.4,39.7,0
10364,53367,0.52,3,7620,64,0.582,3.21,80.2,74.9,1
10560,55160,0.155,2,8278,42,0.782,3.01,64.9,54.1,0
10578,55307,0.38,6,6956,62,0.726,3.12,55.5,51.3,0
10285,52634,0.408,7,4205,68,0.529,4.34,73.7,80.5,0
10729,56583,1.0,4,1154,28,0.754,3.01,73.7,57.0,0
10263,52435,0.536,4,7228,52,0.921,1.67,39.5,51.5,1
10743,56718,1.0,2,4506,72,0.674,3.57,89.6,87.8,1
10597,55448,1.0,5,2063,66,0.719,4.04,76.7,72.3,0
10581,55332,0.941,3,4326,41,0.712,3.17,75.8,67.4,1
10485,54521,0.158,1,5289,38,0.852,2.54,59.9,52.4,0
10381,53546,0.344,2,7068,57,0.752,2.41,64.1,53.8,1
10861,57800,0.376,5,8195,67,0.553,4.22,81.9,86.3,1
10950,58579,0.558,3,5562,59,0.546,3.24,67.3,47.7,0
10053,50518,1.0,5,7145,66,0.679,3.74,62.0,60.1,1
10534,54930,0.852,1,1650,44,0.809,3.64,76.1,45.2,0
10973,58794,0.306,1,6699,45,0.775,1.95,67.0,41.7,1
10152,51416,1.0,8,8885,62,0.592,3.4,85.7,76.2,1
10476,54457,0.092,4,7780,68,0.843,3.03,55.5,44.2,0
10863,57823,0.888,2,5500,36,0.905,1.31,44.0,13.7,1
10013,50128,0.856,3,2537,53,1.0,3.27,44.3,54.9,1
10373,53475,0.264,3,6196,53,0.762,2.98,64.0,61.5,0
10858,57768,0.386,4,2324,59,0.77,2.76,60.3,65.3,0
10463,54311,0.918,5,7006,48,0.774,2.91,59.0,33.7,1
10263,52439,0.834,1,2802,49,0.957,2.43,40.9,43.3,0
10406,53766,0.33,2,2984,71,0.725,2.8,55.9,60.0,0
10507,54702,0.952,1,7082,30,0.972,2.24,57.3,49.3,1
10623,55686,1.0,4,1943,68,0.61,3.35,74.9,40.1,1
10995,58965,0.532,3,3304,37,0.726,2.58,68.3,43.1,0
10157,51474,1.0,1,7426,53,0.723,2.55,66.9,28.1,1
10611,55575,1.0,6,8315,66,0.665,3.82,66.5,69.9,1
10383,53561,0.341,1,6823,59,0.51,2.79,67.9,46.2,0
10426,53952,0.365,1,4013,65,0.875,3.33,53.0,68.7,0
10004,50050,1.0,4,5416,49,0.486,3.83,85.2,50.5,0
10805,57303,0.979,5,8674,63,0.619,3.94,72.0,86.0,1
10091,50888,0.39,2,6832,58,0.609,3.04,88.4,97.1,0
10284,52617,0.866,4,4688,57,0.669,4.09,62.0,59.2,0
10053,50517,0.278,4,1518,68,0.68,3.25,66.9,54.1,0
10345,53169,1.0,6,4455,56,0.811,3.08,70.5,92.3,1
10318,52950,0.527,5,7652,58,0.745,3.19,78.4,57.0,1
10153,51425,1.0,5,3683,77,0.454,3.53,96.8,94.4,0
10014,50140,0.935,1,6448,53,0.388,4.17,88.2,83.7,1
10208,51925,0.636,4,1555,53,0.78,2.19,42.6,21.6,0
10258,52379,1.0,7,6647,58,0.561,3.57,73.5,67.3,1
10346,53198,0.736,7,3155,78,0.489,3.27,76.7,58.6,1
10011,50113,0.33,7,6780,55,0.783,2.96,61.9,51.6,0
10491,54560,0.737,5,6553,55,0.81,2.26,53.0,58.7,1
10496,54596,0.166,4,6931,28,0.805,2.01,48.1,48.6,0
10353,53251,0.985,3,1615,83,0.507,4.08,93.2,78.2,1
10658,55956,0.971,2,4952,39,0.841,2.0,43.2,46.1,0
10693,56250,1.0,8,959,36,0.884,2.74,80.2,74.8,1
10488,54547,0.917,6,5817,60,0.539,3.1,70.5,69.8,1
10884,57962,0.827,4,982,49,0.725,3.87,92.3,85.0,1
10356,53278,0.354,4,4840,31,0.845,2.52,42.5,14.2,1
10717,56482,1.0,7,1215,50,0.575,3.39,69.0,74.3,0
10831,57525,0.377,3,1087,57,0.722,3.94,84.4,74.0,0
10875,57904,0.101,4,4789,38,0.811,1.42,51.1,31.8,0
10538,54962,0.813,6,2180,41,0.764,2.37,62.3,41.6,0
10803,57274,1.0,5,6486,70,0.661,4.61,71.1,63.5,1
10657,55938,0.153,4,7335,50,0.755,2.6,59.2,52.0,0
10350,53223,0.885,5,4223,62,0.589,3.22,64.9,49.0,1
10975,58805,0.461,1,7012,58,0.817,2.76,52.1,36.0,0
10046,50452,0.291,2,8832,56,0.568,3.69,77.0,71.1,0
10401,53732,1.0,6,4853,100,0.645,4.45,89.1,94.6,1
10878,57918,1.0,10,6168,43,0.613,3.13,74.5,42.3,1
10904,58147,0.44,7,3193,79,0.528,3.83,99.1,79.4,1
10299,52764,1.0,7,8779,68,0.7,4.18,82.1,78.4,1
10069,50659,1.0,2,4252,78,0.678,4.45,78.7,94.0,0
10683,56178,1.0,3,5119,43,0.633,2.76,59.3,49.3,1
10499,54621,0.393,3,3544,48,0.754,2.12,70.1,43.1,0
10104,51000,0.383,2,2094,47,0.886,2.39,57.3,42.8,0
10039,50390,0.46,2,1490,68,0.719,2.89,62.7,68.0,0
10366,53408,0.552,1,8494,44,0.653,3.1,55.3,63.3,0
10158,51477,0.21,4,1637,63,0.779,3.24,60.5,70.2,1
10244,52241,0.989,3,7839,68,0.547,3.29,85.9,74.6,1
10259,52387,0.78,3,1495,31,0.854,1.46,52.6,43.5,0
10906,58169,0.624,2,7708,48,0.764,2.27,63.1,70.5,0
10423,53923,0.216,6,6120,74,0.574,4.35,90.4,100.0,0
10323,52973,0.687,8,6326,54,0.572,3.93,86.8,83.6,0
10365,53387,0.902,6,5067,72,0.734,3.01,55.9,68.9,1
10139,51294,0.933,6,8700,43,0.747,2.95,61.0,66.3,1
10198,51825,0.91,5,3989,42,0.691,3.01,74.2,52.8,0
10310,52874,0.687,5,5382,70,0.718,3.47,81.7,87.7,1
10448,54174,0.621,2,5074,36,0.601,2.27,70.8,44.6,1
10275,52536,0.273,3,1685,51,0.786,3.18,71.8,75.7,0
10911,58211,1.0,1,6076,50,0.716,2.84,66.2,52.3,1
10207,51908,0.4,4,7353,56,0.585,3.23,77.9,77.2,0
10749,56770,0.65,2,1785,37,0.601,2.49,49.7,44.9,0
10037,50369,0.421,5,3662,66,0.889,3.89,90.3,87.8,1
10122,51152,1.0,2,3804,57,0.696,2.97,75.3,83.7,1
10691,56238,0.914,5,2554,49,0.762,2.88,61.4,60.4,0
10557,55132,0.198,1,3732,44,1.0,1.81,42.6,27.6,0
10515,54763,1.0,7,6057,80,0.474,4.08,96.6,82.0,0
10921,58314,0.171,4,2500,46,0.766,2.19,46.4,61.2,0
10789,57156,1.0,3,8604,66,0.468,3.84,88.3,82.2,1
10447,54161,1.0,4,6748,54,0.75,3.05,61.4,51.4,1
10459,54288,0.403,11,1164,60,0.627,3.62,74.3,43.8,0
10693,56256,1.0,2,4689,51,0.89,2.77,63.7,57.5,1
10594,55418,0.299,6,3364,52,0.534,3.72,61.2,67.4,0
10018,50175,0.26,1,8883,61,0.569,3.13,77.9,75.9,1
10205,51904,0.355,3,7937,57,0.626,4.18,69.6,82.4,0
10116,51100,0.799,5,8352,69,0.548,4.04,85.9,85.1,1
10720,56520,0.697,6,5386,43,0.81,2.87,57.2,54.7,1
10367,53409,0.369,8,5078,69,0.618,3.51,75.6,67.2,0
10164,51539,0.184,3,4422,39,0.904,2.2,32.5,26.0,0
10249,52293,1.0,3,2823,76,0.616,4.1,83.5,85.1,1
10926,58368,0.925,0,5781,43,0.819,3.04,58.6,52.2,1
10147,51364,1.0,6,7884,59,0.605,3.84,83.9,72.6,0
10617,55628,1.0,7,1499,57,0.571,3.26,66.6,62.0,0
10583,55345,1.0,2,3359,51,0.605,3.0,57.3,39.2,1
10777,57037,0.498,1,5968,19,0.854,1.92,41.7,36.2,1
10960,58672,0.372,2,2379,56,0.933,3.39,63.8,66.1,1
10071,50681,0.897,3,6793,38,0.641,2.4,58.6,40.9,1
10681,56154,1.0,8,7433,52,0.695,3.68,72.3,75.2,1
10395,53665,1.0,4,7983,40,0.818,2.38,41.9,45.4,0
10181,51662,1.0,2,4435,35,0.667,1.67,45.9,22.8,1
10052,50509,1.0,5,1684,43,0.54,3.93,73.0,85.8,1
10015,50167,0.578,1,3402,38,0.829,2.12,64.7,56.9,1
10747,56760,0.622,2,3971,65,0.434,3.25,74.1,55.5,1
10106,51007,0.959,3,4971,80,0.734,3.23,70.3,70.7,1
10759,56855,1.0,2,2149,37,0.735,2.72,66.6,50.3,0
10736,56624,1.0,1,4964,46,0.591,3.73,74.0,57.9,0
10375,53495,1.0,4,8130,58,0.666,2.96,79.8,65.1,0
10746,56750,0.295,3,7971,55,0.75,3.13,74.3,58.8,1
10971,58776,0.278,3,6190,54,0.748,3.22,68.7,66.3,1
10275,52537,0.811,10,8450,48,0.855,2.88,76.9,64.7,1
10116,51105,0.5,3,2660,61,0.601,4.11,87.1,91.5,0
10421,53876,0.397,6,5578,38,0.68,2.59,47.3,24.9,1
10669,56046,0.155,1,2809,36,0.862,1.27,44.2,15.9,0
10189,51753,0.985,2,7653,65,0.746,2.92,55.4,43.0,1
10989,58918,0.885,2,3479,52,0.756,1.44,36.0,34.7,0
10315,52917,1.0,4,4794,56,0.497,2.28,69.0,46.6,0
10718,56489,0.333,4,5936,43,0.547,2.28,48.4,51.4,1
10014,50153,0.58,5,7431,55,0.491,3.85,77.6,60.6,1
10423,53908,0.553,5,5071,62,0.548,3.9,92.2,93.4,0
10911,58214,0.213,3,4125,47,0.607,2.63,58.0,46.1,0
10276,52553,0.861,4,5884,53,0.573,3.37,53.8,71.9,0
10301,52774,0.217,2,7923,57,0.771,3.06,76.0,64.7,0
10533,54919,0.703,3,6075,54,0.768,3.17,83.8,48.5,0
10382,53552,0.406,8,3571,70,0.75,3.46,80.6,60.4,1
10400,53723,0.31,4,5985,54,0.814,2.14,63.3,44.7,0
10795,57210,1.0,4,6978,51,0.545,2.83,64.1,76.0,1
10922,58329,0.994,2,1970,64,0.355,3.3,79.6,50.5,1
10716,56460,0.406,2,7200,34,0.746,2.89,56.3,45.2,0
10488,54539,1.0,1,7478,55,0.67,2.81,67.9,54.6,0
10663,55988,0.36,2,5482,60,0.68,2.54,62.6,57.5,0
10197,51823,0.452,5,3464,32,0.901,2.1,55.4,31.9,0
10440,54087,0.405,2,1784,64,0.717,3.85,90.9,85.7,0
10642,55813,0.586,4,6895,55,0.839,3.44,88.6,71.1,1
10956,58643,1.0,3,2033,83,0.58,4.01,75.9,86.3,1
10655,55899,0.39,3,7664,61,0.499,3.43,67.5,75.7,1
10751,56788,1.0,3,5162,56,0.809,3.72,70.2,67.5,1
10031,50310,0.265,5,8930,59,0.533,3.99,86.4,71.0,1
10688,56214,0.552,3,934,71,0.773,3.36,71.4,82.1,0
10873,57898,0.728,3,5201,72,0.695,3.2,67.3,43.6,0
10387,53600,0.962,5,4875,62,0.842,2.62,66.5,56.0,1
10391,53623,1.0,5,5059,31,0.825,1.9,41.6,32.7,1
10777,57035,0.781,2,1120,38,0.915,1.76,37.8,30.3,0
10370,53451,0.383,3,2120,58,0.832,3.88,77.0,63.6,0
10494,54592,0.668,3,7454,68,0.671,3.11,66.9,70.3,1
10020,50206,0.298,5,2013,80,0.663,3.02,64.5,72.6,0
10120,51136,1.0,4,5809,61,0.797,3.34,77.8,66.5,1
10298,52750,0.562,9,2319,54,0.582,3.74,57.3,58.6,0
10389,53614,0.632,1,1738,43,0.577,3.9,67.9,78.6,0
10030,50306,1.0,1,1269,47,0.604,2.57,57.0,59.1,1
10200,51850,0.625,2,6519,67,0.639,3.78,82.0,81.0,0
10564,55193,0.656,5,1188,48,0.649,2.97,47.0,73.0,1
10215,51989,1.0,2,1917,57,0.742,3.42,66.2,49.5,1
10351,53241,0.753,1,2119,67,0.725,2.95,70.6,75.1,1
10303,52799,0.968,4,4858,58,0.764,3.01,61.6,56.2,0
10484,54516,0.151,3,8045,69,0.643,3.06,60.0,59.1,0
10719,56495,1.0,1,3122,52,0.761,2.69,42.7,31.4,0
10337,53110,0.562,5,7925,41,0.717,1.93,52.6,39.9,1
10436,54060,0.753,5,2011,72,0.863,2.71,35.8,26.8,0
10215,51988,0.908,2,4491,52,0.754,3.54,81.3,68.1,1
10732,56604,0.205,1,7544,17,1.0,1.45,31.9,19.2,1
10038,50384,1.0,2,2206,36,0.818,2.76,63.4,61.1,1
10463,54308,0.49,6,4847,45,0.755,2.62,55.0,31.3,0
10365,53389,1.0,2,7123,47,0.744,3.2,70.4,67.3,1
10868,57862,1.0,4,3144,65,0.596,3.4,86.3,66.7,1
10296,52728,0.382,2,7911,76,0.624,4.04,68.1,80.7,0
10794,57202,0.566,1,4463,72,0.631,4.31,66.2,66.6,0
10658,55945,0.476,2,3962,32,0.851,1.84,33.4,50.7,0
10825,57463,0.757,4,6913,53,0.767,2.8,48.9,61.8,0
10829,57511,1.0,7,4066,57,0.852,3.45,70.5,59.6,0
10416,53833,0.966,0,3590,47,0.747,2.11,44.7,59.3,1
10829,57500,1.0,5,6853,77,0.767,3.87,60.9,64.5,1
10517,54777,1.0,6,7275,59,0.764,3.52,68.6,75.4,1
10458,54277,0.261,2,8700,24,0.885,2.32,44.3,44.7,1
10025,50254,1.0,0,8331,67,0.716,3.19,63.5,74.2,1
10956,58631,0.462,5,7952,79,0.513,3.98,82.1,65.1,0
10985,58886,0.135,6,2703,41,0.813,2.3,31.9,25.5,0
10028,50279,0.562,3,3215,27,0.73,3.04,64.2,59.0,0
10353,53253,0.866,3,1765,77,0.585,3.26,73.6,67.1,0
10268,52481,0.223,6,7078,58,0.951,2.83,69.0,71.5,0
10029,50290,0.991,0,4766,81,0.595,3.08,92.4,85.0,0
10532,54908,0.405,3,6667,49,0.613,2.72,54.5,54.3,1
10334,53076,0.558,2,4798,73,0.508,3.09,55.3,60.2,0
10720,56512,0.991,5,2697,51,0.734,3.0,72.3,68.6,0
10677,56115,0.925,4,7410,54,0.694,2.14,66.7,46.1,1
10686,56206,0.584,6,4190,51,0.663,2.66,59.0,63.7,0
10649,55864,0.412,2,1995,54,0.711,2.0,41.0,32.9,0
10969,58747,0.775,5,3588,54,0.706,2.91,62.9,63.9,0
10766,56936,0.192,4,7572,44,0.627,2.98,74.1,62.2,1
10535,54938,0.335,1,7026,70,0.805,3.76,64.3,68.6,0
10976,58809,0.117,3,5340,47,0.78,3.63,64.3,59.5,0
10027,50271,0.268,4,1226,76,0.812,3.04,70.5,68.3,1
10493,54571,0.582,1,4670,40,0.718,2.01,54.2,20.6,1
10925,58356,0.268,8,3771,45,0.555,3.64,77.3,71.6,0
10713,56437,0.58,3,5396,54,0.585,2.16,51.0,57.0,0
10780,57068,0.267,4,1686,54,0.885,2.41,44.5,66.8,0
10841,57616,0.739,3,8350,36,0.821,2.76,51.3,55.2,0
10453,54208,0.332,2,3532,63,0.807,2.55,66.9,53.8,0
10349,53219,1.0,2,6119,74,0.766,3.65,81.0,74.4,1
10149,51392,0.607,7,5333,72,0.737,3.82,92.5,69.3,1
10430,53976,0.284,4,6536,33,0.743,3.34,64.6,71.9,0
10464,54317,0.259,3,4717,67,0.703,2.49,61.4,68.5,0
10592,55403,1.0,6,1710,37,0.734,2.66,60.5,56.3,1
10655,55910,0.889,1,8722,70,0.451,3.65,71.9,72.7,1
10662,55984,0.688,6,2180,59,0.66,3.48,55.3,43.7,0
10008,50084,0.51,4,6479,58,0.593,3.5,75.8,76.0,0
10091,50874,0.7,3,1062,60,0.648,3.25,79.8,85.7,1
10957,58645,1.0,1,5158,43,0.704,3.53,82.6,71.7,1
10680,56145,0.921,7,5288,66,0.638,3.75,79.1,61.4,0
10491,54558,0.749,5,7557,57,0.73,2.49,57.0,71.5,1
10483,54501,0.206,11,3986,65,0.661,3.62,89.2,57.3,0
10502,54648,0.34,3,1480,67,0.648,3.95,76.8,79.6,1
10222,52039,0.627,4,2463,62,0.72,3.5,50.1,60.9,0
10966,58727,0.185,3,1770,55,0.555,2.87,61.1,54.0,0
10643,55819,0.913,2,2374,40,0.734,2.41,50.7,50.8,0
10265,52451,1.0,0,2618,72,0.722,3.05,58.9,47.6,0
10426,53955,0.535,1,2177,50,0.702,3.18,51.4,61.3,0
10252,52330,0.728,6,2168,57,0.786,2.84,47.5,53.3,0
10910,58204,0.672,2,3136,51,0.864,3.27,61.3,40.2,0
10622,55681,0.247,2,1507,60,0.772,2.78,69.8,59.9,0
10935,58427,0.176,5,8126,39,0.875,2.8,45.3,61.0,0
10513,54747,1.0,4,6756,75,0.713,3.1,65.6,76.9,0
10935,58430,0.219,6,3620,43,0.902,2.06,48.2,55.4,0
10569,55229,0.988,4,7070,42,0.808,2.99,44.8,33.1,0
10811,57345,0.362,3,6674,42,0.801,2.24,35.2,44.3,1
10621,55666,0.209,3,8253,35,0.745,2.37,51.6,54.7,0
10730,56596,0.699,4,5294,42,0.63,2.77,59.2,72.0,1
10130,51217,0.931,2,1408,49,0.61,1.96,43.6,52.4,0
10936,58449,0.505,5,1788,45,0.584,3.37,80.4,84.1,0
10701,56334,0.31,4,5509,66,0.651,3.91,69.7,67.6,0
10112,51065,0.249,1,8414,44,0.679,2.66,39.4,63.7,0
10408,53787,0.31,3,3253,76,0.618,3.63,76.7,66.0,0
10472,54411,1.0,6,4120,50,0.741,3.34,71.0,54.0,1
10925,58354,0.675,3,7672,59,0.604,3.11,67.1,80.1,1
10852,57706,0.503,5,6947,59,0.554,3.33,67.8,74.0,0
10879,57931,0.925,2,7900,52,0.676,3.32,63.8,48.7,1
10326,53009,0.821,5,8763,79,0.404,4.04,91.3,99.7,1
10116,51106,1.0,10,6556,73,0.496,3.84,82.4,76.8,1
10777,57039,0.88,1,2974,30,0.984,1.99,38.6,34.4,0
10796,57223,0.388,5,8537,56,0.654,3.5,79.9,71.9,0
10912,58221,0.503,0,6695,34,0.98,1.92,32.8,0.0,0
10845,57656,0.572,5,6364,42,0.534,3.48,74.7,50.4,1
10923,58341,0.74,2,996,50,0.576,2.98,62.7,59.2,0
10468,54370,0.897,2,8684,59,0.843,3.09,62.3,56.1,0
10299,52766,1.0,7,901,59,0.667,4.11,88.7,80.6,1
10424,53930,0.287,0,1320,50,0.659,4.33,88.2,85.3,0
10631,55749,1.0,7,3997,65,0.636,3.13,72.3,49.7,1
10835,57553,0.662,4,2596,31,0.538,2.96,52.7,38.8,1
10670,56051,0.636,6,5674,71,0.54,3.88,89.1,100.0,1
10743,56720,0.5,1,6918,66,0.637,4.28,86.0,94.3,0
10842,57633,0.931,1,7675,60,0.747,3.77,76.0,82.4,0
10265,52452,0.905,4,4505,67,0.876,3.11,63.3,62.3,1
10546,55031,0.168,3,5626,42,0.734,2.59,48.9,59.4,0
10578,55304,1.0,5,8470,40,0.949,2.75,59.0,55.7,0
10414,53825,0.538,4,1821,56,0.596,3.42,52.2,45.2,0
10884,57961,0.848,3,4310,64,0.511,3.79,86.8,84.3,0
10288,52653,0.39,7,3371,54,0.647,3.58,72.6,68.0,0
10908,58187,0.331,3,7655,57,0.719,3.67,79.8,69.8,0
10403,53744,1.0,7,3094,50,0.615,3.27,56.1,61.6,1
10239,52177,0.358,4,6550,75,0.564,3.74,73.1,65.9,1
10923,58333,1.0,3,3143,37,0.57,2.98,72.0,59.2,0
10359,53319,0.901,2,6613,53,0.599,3.01,68.9,68.3,0
10555,55119,0.521,1,6096,29,0.868,2.5,47.0,21.4,1
10302,52788,0.295,2,7528,25,0.974,2.05,47.9,51.5,1
10443,54106,1.0,3,7057,61,0.509,3.46,91.6,75.8,1
10557,55129,0.402,3,4540,55,1.0,2.86,45.8,19.5,0
10182,51677,0.453,5,8679,87,0.56,4.18,86.5,80.4,0
10426,53948,0.799,7,8948,51,0.85,3.08,47.6,66.5,0
10797,57226,1.0,3,3733,52,0.677,2.44,51.8,35.1,1
10790,57166,0.835,6,8573,70,0.835,3.41,72.6,55.2,0
10715,56450,0.351,3,3196,60,0.704,3.51,60.7,56.9,0
10693,56249,0.935,1,8066,51,0.911,3.55,71.6,60.8,1
10695,56271,0.823,6,3819,74,0.506,4.13,85.3,80.7,0
10270,52504,1.0,3,3555,31,0.768,1.97,41.8,30.6,0
10783,57087,0.858,1,1415,26,0.891,1.97,58.0,32.2,0
10256,52370,0.767,3,5874,55,0.719,3.25,47.1,45.6,1
10243,52218,0.361,7,3567,67,0.645,3.6,71.5,80.6,0
10243,52219,0.46,7,1921,61,0.68,3.02,69.4,84.2,1
10360,53327,0.756,3,3837,80,0.534,3.58,74.2,69.7,0
10595,55429,1.0,2,8956,67,0.562,4.07,94.3,89.4,0
10385,53584,0.301,3,4199,54,0.818,2.11,58.3,60.9,0
10855,57738,0.932,4,4429,74,0.499,4.01,75.2,74.0,1
10942,58495,0.611,6,3465,64,0.755,3.61,86.1,77.1,1
10686,56202,1.0,5,2265,39,0.805,3.41,59.6,60.1,1
10571,55245,0.186,5,7767,51,0.776,2.38,71.4,32.3,0
10848,57679,0.302,4,1065,41,0.81,2.07,47.6,54.6,0
10008,50086,1.0,1,2883,47,0.591,3.75,78.3,83.0,1
10303,52802,0.326,5,2025,44,0.749,3.63,72.3,68.7,0
10395,53672,1.0,3,4321,45,0.729,2.37,50.6,56.8,0
10395,53668,1.0,3,7664,59,0.758,2.3,46.7,59.4,1
10977,58816,0.339,4,2830,57,0.652,3.42,83.6,82.7,1
10494,54591,0.215,6,4859,56,0.562,2.93,67.2,75.6,0
10219,52020,0.191,1,5124,50,0.767,2.75,55.6,41.8,0
10698,56302,1.0,3,1075,27,0.886,2.78,49.1,76.3,0
10273,52526,0.271,4,4910,27,0.768,2.29,44.9,43.8,0
10652,55885,0.67,4,5156,37,0.743,2.63,47.8,44.0,0
10545,55023,0.37,1,1640,27,0.791,2.75,52.6,44.1,0
10936,58455,0.291,7,8550,71,0.66,3.97,90.3,74.5,0
10798,57234,0.445,4,8240,69,0.513,3.4,63.2,61.9,0
10781,57074,0.945,7,1199,53,0.954,2.68,57.7,40.2,0
10313,52896,0.44,4,5255,65,0.555,3.59,73.7,74.3,0
10836,57564,1.0,4,4159,66,0.719,3.4,65.0,77.3,0
10509,54715,1.0,5,3303,70,0.715,4.13,93.4,67.0,1
10918,58279,0.727,2,7261,58,0.671,3.49,62.2,62.1,1
10368,53426,0.753,2,3847,34,0.69,1.3,25.4,25.7,1
10613,55588,0.516,4,7349,49,0.629,3.98,69.7,78.0,0
10830,57519,1.0,8,4588,49,0.557,3.62,64.6,74.1,1
10584,55350,1.0,2,6549,19,0.838,2.27,50.7,28.4,1
10540,54982,0.898,4,7439,83,0.73,4.59,94.7,95.4,1
10647,55841,0.585,3,1876,51,0.51,3.31,66.2,52.6,0
10216,52002,0.613,6,4336,60,0.667,3.9,73.8,81.8,0
10808,57323,0.637,6,8575,75,0.596,3.78,87.7,61.9,1
10091,50870,0.748,3,8765,58,0.672,3.0,82.4,85.3,1
10036,50357,0.203,3,7013,47,0.787,2.19,46.7,37.9,0
10729,56581,0.328,3,964,21,0.894,2.43,60.0,55.0,0
10685,56199,0.173,1,8447,46,0.842,1.75,47.4,26.2,0
10137,51276,0.197,4,3676,50,0.86,2.76,45.3,48.9,0
10204,51891,0.344,3,7354,44,0.702,2.75,48.1,49.7,0
10825,57465,0.654,3,5479,53,0.743,2.88,52.5,57.1,0
10823,57436,1.0,4,1905,76,0.635,3.51,58.3,69.8,1
10916,58255,0.471,6,3158,52,0.74,3.13,78.4,55.2,0
10383,53564,1.0,2,5128,46,0.634,3.23,68.2,55.0,1
10537,54959,1.0,4,8043,53,0.757,3.63,55.5,75.4,1
10738,56660,1.0,2,2224,54,0.752,2.12,54.8,49.0,0
10258,52381,0.344,6,6472,70,0.6,3.58,76.4,59.4,0
10414,53824,1.0,4,4534,45,0.526,3.38,55.4,62.5,1
10757,56840,0.316,7,3148,60,0.973,2.38,42.9,41.7,1
10766,56933,0.905,5,3710,42,0.773,2.87,66.0,56.2,1
10358,53307,0.603,1,7870,15,1.0,2.02,53.0,32.5,1
10839,57589,1.0,6,2743,74,0.495,3.68,91.2,83.6,1
10376,53500,0.294,2,8137,66,0.81,2.21,48.8,62.1,0
10588,55376,0.455,1,4348,42,0.712,3.24,67.7,36.0,0
10118,51117,1.0,6,1683,66,0.778,3.26,64.8,72.7,0
10984,58882,0.454,3,3608,56,0.759,2.42,51.2,66.7,0
10841,57624,0.465,0,3411,49,0.704,2.28,35.4,56.2,0
10616,55615,0.358,2,1769,59,0.89,3.83,63.2,58.0,1
10737,56640,0.7,7,7554,58,0.547,3.79,76.9,66.1,1
10711,56409,1.0,4,8408,71,0.577,3.79,82.4,77.2,0
10394,53646,1.0,4,4668,54,0.64,4.2,63.0,81.3,1
10269,52501,0.333,0,5555,33,0.832,1.36,40.2,13.8,0
10647,55848,0.392,4,7700,35,0.586,3.35,60.6,54.4,1
10302,52784,0.774,0,1180,34,0.984,1.72,46.8,32.7,0
10411,53810,0.888,1,5617,37,0.81,2.38,61.9,58.3,0
10581,55338,1.0,1,7179,54,0.754,3.3,78.3,79.6,1
10817,57389,0.769,3,3617,36,0.524,2.74,69.5,53.4,1
10697,56287,0.088,2,6225,58,0.823,2.27,56.7,46.2,0
10184,51697,1.0,3,2464,31,0.844,2.77,32.3,45.2,1
10635,55779,0.172,0,2483,44,0.651,2.33,44.4,28.1,0
10223,52053,1.0,5,4616,61,0.609,3.31,74.4,65.1,0
10193,51777,1.0,3,7911,45,0.78,3.21,68.2,64.0,0
10911,58217,0.965,3,5551,50,0.544,2.89,51.9,37.8,0
10359,53314,1.0,2,3838,56,0.656,3.37,66.6,57.1,0
10518,54782,0.223,3,5116,39,0.68,2.04,43.2,50.0,1
10779,57054,0.329,6,5549,42,0.555,2.91,52.6,49.0,0
10599,55465,1.0,2,1747,80,0.726,3.48,71.2,71.5,0
10172,51593,0.425,3,5497,62,0.596,2.64,57.6,62.5,0
10187,51724,0.615,3,3741,71,0.521,4.11,96.6,75.5,1
10846,57667,1.0,4,1692,73,0.559,3.91,79.6,70.4,0
10553,55104,0.292,1,2891,40,0.764,2.34,42.9,48.6,0
10740,56686,0.521,7,5543,37,0.801,3.0,61.2,46.5,1
10051,50491,0.221,5,6814,68,0.811,3.19,46.6,55.7,0
10911,58212,0.89,2,3538,46,0.579,2.69,48.8,44.3,0
10374,53484,0.763,7,4359,50,0.95,2.79,39.3,51.4,0
10368,53432,0.234,3,2684,39,0.713,1.71,37.9,14.4,0
10949,58565,0.865,5,2165,52,0.525,2.69,66.6,62.4,0
10686,56205,0.57,3,3409,59,0.692,2.82,66.3,58.6,0
10002,50026,0.719,5,4442,48,0.819,3.24,81.3,46.9,1
10377,53513,1.0,2,7214,49,0.733,1.67,21.4,24.8,0
10261,52410,0.371,8,8975,52,0.518,3.65,80.1,76.6,1
10355,53271,0.202,2,4881,42,0.718,1.89,49.8,32.2,0
10165,51553,0.945,7,2644,52,0.597,3.31,68.3,84.1,0
10917,58269,0.719,2,6721,42,0.883,2.12,67.3,32.0,0
10808,57335,0.381,3,6435,73,0.706,3.83,81.7,75.5,0
10420,53872,1.0,5,8341,33,0.853,2.6,54.5,37.7,1
10366,53403,0.637,5,7182,57,0.735,3.54,65.2,66.6,0
10486,54530,1.0,3,4769,50,0.575,2.74,47.3,57.9,0
10102,50980,0.45,2,5547,71,0.541,4.09,85.5,95.4,0
10288,52656,0.321,4,4442,63,0.68,3.27,83.7,70.3,1
10200,51848,0.793,7,2601,79,0.57,4.2,86.1,84.4,1
10711,56408,0.245,10,8849,72,0.568,3.17,70.2,65.5,1
10954,58614,0.476,3,8852,52,0.61,2.9,75.0,65.3,1
10633,55759,1.0,4,6769,55,0.713,3.07,44.1,56.9,0
10803,57290,0.645,2,5946,71,0.645,4.04,62.0,75.1,0
10768,56954,0.715,5,2109,63,0.693,3.57,78.7,59.5,0
10116,51103,0.301,4,4744,74,0.505,3.91,84.4,71.1,1
10356,53277,0.239,2,8938,26,0.803,2.26,45.4,40.7,1
10856,57751,1.0,0,3744,63,0.396,3.4,79.6,83.2,0
10803,57282,0.484,5,3823,83,0.632,3.86,75.1,86.4,0
10756,56833,0.079,2,7582,59,0.84,2.32,48.8,49.9,0
10433,53997,0.985,5,6864,91,0.76,3.62,91.6,68.7,1
10019,50195,0.676,3,5553,64,0.628,3.17,48.4,69.2,1
10907,58179,0.535,2,3429,38,0.601,3.1,76.3,48.7,0
10067,50644,0.914,3,4749,53,0.733,3.59,64.5,53.8,1
10357,53286,0.873,8,8337,63,0.651,3.43,82.4,78.4,1
10338,53117,0.228,5,1578,54,0.818,3.77,64.1,70.8,0
10384,53576,0.19,6,8516,27,0.855,2.66,37.1,49.7,0
10893,58031,0.988,3,8416,49,0.746,1.66,41.3,44.7,1
10464,54321,0.925,6,5262,80,0.511,3.22,69.3,65.1,1
10998,58996,0.218,5,7546,34,0.936,2.47,44.6,61.9,1
10242,52208,0.999,2,4327,46,0.735,2.83,62.2,61.4,1
10491,54553,0.095,3,2605,55,0.856,2.29,61.6,68.7,1
10652,55889,1.0,5,2840,44,0.732,2.99,36.5,47.0,1
10400,53719,1.0,3,2733,55,0.886,2.39,66.3,59.0,0
10101,50973,0.389,2,2242,59,0.761,3.02,70.0,64.1,0
10944,58523,0.701,6,2383,93,0.408,4.31,86.6,100.0,0
10076,50720,1.0,5,7617,47,0.648,3.25,63.6,65.6,1
10940,58487,0.245,2,6154,46,0.705,1.87,52.1,36.6,0
10423,53897,0.891,6,4596,66,0.541,3.58,89.6,89.7,1
10303,52804,0.563,4,8870,42,0.651,3.38,54.2,54.9,1
10278,52567,0.683,2,2698,61,0.617,3.12,54.2,63.5,0
10434,54026,0.587,2,6595,49,0.878,2.49,52.3,51.1,0
10002,50033,0.234,0,3511,60,0.906,3.49,65.0,70.4,0
10750,56779,0.005,3,6739,43,0.881,2.33,47.9,34.7,0
10852,57704,0.87,5,3809,54,0.73,3.2,66.4,74.6,0
10436,54064,0.775,3,3567,61,1.0,2.31,40.4,32.5,1
10876,57908,0.872,1,4267,33,0.73,1.98,39.5,40.0,0
10184,51698,1.0,1,8998,32,0.841,2.06,40.9,29.3,1
10302,52793,0.631,2,4139,22,0.947,2.05,41.0,51.5,0
10243,52223,0.463,3,6579,52,0.627,3.21,75.8,77.1,0
10405,53765,0.888,4,8211,49,0.943,2.46,55.9,44.6,1
10420,53867,0.3,4,6845,39,0.812,2.42,69.6,47.7,0
10821,57417,0.242,5,2668,61,0.771,2.84,73.3,58.3,1
10871,57889,1.0,3,5570,49,0.629,2.8,61.7,45.4,1
10589,55382,0.153,1,6083,20,0.952,2.12,34.5,39.3,1
10626,55709,1.0,5,6514,65,0.666,3.01,70.6,69.4,1
10405,53759,1.0,5,5221,42,0.967,2.67,46.7,36.5,1
10725,56551,0.941,3,8526,60,0.672,2.74,65.4,47.6,1
10350,53228,0.222,2,8102,61,0.579,3.17,61.8,46.1,1
10696,56278,0.717,4,1441,34,0.626,1.99,39.7,67.4,0
10984,58879,0.281,2,1723,41,0.688,2.75,52.6,56.5,0
10423,53905,0.48,3,6839,66,0.574,4.29,87.4,88.6,1
10247,52278,1.0,6,5012,66,0.658,4.09,86.5,71.5,1
10603,55490,0.583,2,3536,44,0.572,3.79,76.5,75.7,0
10150,51402,0.434,2,1499,40,0.789,2.1,67.0,39.3,0
10077,50740,0.667,9,6707,51,0.788,3.11,80.6,58.9,1
10457,54267,0.436,4,8828,72,0.752,3.65,92.8,89.0,0
10983,58876,0.844,6,1676,67,0.697,3.04,63.8,64.3,0
10843,57640,0.967,4,6938,22,0.828,2.01,45.2,50.0,1
10664,56002,1.0,1,3996,57,0.728,3.34,73.6,73.6,1
10418,53852,0.544,3,5432,69,0.554,2.45,78.9,74.8,0
10813,57359,0.353,2,6656,28,0.857,1.34,61.8,25.6,0
10795,57213,0.988,5,7315,58,0.488,3.11,68.7,66.9,1
10795,57203,0.35,2,8926,41,0.539,3.49,64.7,73.5,0
10604,55518,0.357,4,6809,59,0.536,3.18,72.8,70.5,0
10070,50675,0.239,3,1402,57,0.794,2.42,66.5,33.6,0
10936,58433,0.255,3,7138,56,0.587,3.59,77.0,85.8,0
10557,55134,0.534,2,7859,31,0.95,1.75,54.7,22.3,1
10417,53842,0.454,2,4388,48,0.658,3.71,74.8,48.7,0
10197,51816,0.759,2,2399,25,0.889,1.92,48.7,37.6,1
10756,56830,0.208,1,7566,58,0.785,2.43,50.7,50.9,0
10981,58858,1.0,5,5851,74,0.621,3.37,78.5,52.3,1
10917,58273,0.225,5,6756,42,0.738,2.99,50.6,47.7,1
10502,54654,0.739,6,1451,72,0.569,4.53,71.6,85.5,1
10652,55886,0.619,2,7976,37,0.773,2.12,45.9,33.1,0
10231,52101,0.195,4,7812,60,0.679,2.74,54.7,51.8,0
10181,51674,0.259,0,8808,33,0.66,1.73,44.8,34.8,0
10231,52102,1.0,3,8905,31,0.705,2.67,37.8,37.9,1
10453,54214,1.0,3,5333,47,0.738,3.27,60.9,65.7,1
10616,55611,1.0,1,5525,54,0.821,3.68,78.6,53.2,1
10165,51549,0.652,9,6074,61,0.735,3.35,65.8,77.9,0
10561,55166,0.239,3,2670,50,0.776,4.03,55.6,61.5,1
10359,53324,0.994,4,1816,45,0.693,3.15,68.9,62.5,0
10647,55844,0.355,2,6064,57,0.615,3.15,63.0,61.0,0
10036,50356,0.226,3,4070,23,0.659,2.05,40.6,29.1,0
10156,51462,1.0,3,7013,48,0.49,2.68,60.0,42.1,1
10680,56136,0.564,2,5960,60,0.648,4.05,74.4,66.1,1
10936,58448,0.938,7,4660,46,0.682,3.72,83.5,93.9,1
10350,53221,0.282,1,6083,31,0.502,3.51,71.4,55.4,0
10774,57008,0.892,2,3176,47,0.716,3.12,60.7,39.1,0
10703,56340,0.186,1,8765,38,0.636,2.67,51.0,54.2,0
10189,51752,0.348,2,5911,46,0.746,2.85,52.2,57.1,0
10714,56443,1.0,6,2029,54,0.726,2.21,57.3,38.1,0
10677,56114,0.261,4,8023,63,0.848,2.34,73.7,38.2,0
10193,51773,0.541,2,8401,53,0.884,3.33,61.2,68.7,0
10128,51197,1.0,8,6689,64,0.621,4.19,84.0,83.9,1
10202,51879,0.304,0,2582,27,0.887,2.64,47.9,54.2,0
10289,52669,0.287,1,5654,23,0.705,2.29,39.6,39.7,1
10345,53172,1.0,3,3319,55,0.879,3.74,78.0,85.4,1
10218,52017,0.759,1,1981,41,0.731,2.13,37.3,52.5,0
10217,52006,0.309,7,7458,51,0.78,3.8,78.0,70.5,0
10742,56714,0.567,3,7481,78,0.567,4.07,84.2,85.1,0
10423,53894,0.651,8,1963,70,0.517,4.31,97.6,100.0,1
10351,53238,0.158,4,1082,43,0.557,2.84,74.6,59.7,0
10474,54425,0.603,5,6599,68,0.841,2.66,46.1,61.1,1
10513,54745,1.0,1,8229,62,0.732,3.58,76.5,75.3,0
10227,52079,0.981,6,1569,30,0.69,2.83,63.2,60.3,0
10039,50397,0.271,4,1278,54,0.816,3.55,62.3,73.5,0
10302,52789,0.754,3,5289,36,0.973,1.65,54.1,57.2,1
10902,58122,1.0,6,5477,63,0.574,3.13,78.3,64.3,1
10570,55240,0.652,4,4397,40,0.628,3.6,71.6,56.1,0
10437,54073,1.0,3,4442,71,0.64,4.06,76.0,67.2,1
10761,56885,1.0,3,4580,31,0.661,2.43,49.3,40.7,0
10948,58556,0.628,1,2022,61,0.567,3.29,61.1,49.4,0
10645,55827,0.714,5,1403,53,0.599,2.29,66.0,65.0,1
10161,51520,1.0,3,4791,69,0.572,4.36,87.5,84.9,0
10981,58849,1.0,4,7116,63,0.689,3.65,73.8,50.9,1
10147,51379,0.217,1,4048,62,0.506,3.42,72.1,82.7,0
10107,51024,0.435,2,8590,19,0.971,2.72,42.4,34.2,1
10281,52588,0.229,1,7402,55,0.762,2.47,73.4,58.0,0
10681,56147,1.0,8,4766,42,0.691,3.21,70.3,68.9,0
10543,55009,0.895,2,7680,57,0.875,2.88,74.5,62.9,1
10309,52858,0.617,3,6976,32,0.867,2.15,54.8,31.9,0
10740,56683,0.885,2,8325,67,0.798,2.71,65.4,38.0,1
10905,58154,0.561,2,3865,45,0.841,2.24,43.3,25.5,0
10177,51630,0.521,2,4097,77,0.729,4.01,80.8,84.5,1
10531,54889,1.0,5,5328,65,0.488,3.71,88.3,77.4,0
10486,54527,0.695,4,2914,61,0.69,2.2,39.4,64.2,0
10379,53524,0.903,2,1093,75,0.492,3.0,86.1,49.8,0
10694,56261,0.947,0,1947,72,0.554,3.95,74.6,97.5,1
10388,53608,0.2,3,7792,56,0.838,2.8,43.4,23.4,1
10939,58478,0.322,1,4670,75,0.693,3.23,77.3,75.5,0
10024,50235,1.0,6,6239,70,0.773,4.0,73.6,69.3,0
10691,56240,1.0,3,3472,29,0.798,2.53,70.1,54.3,1
10409,53797,0.431,4,7111,51,0.563,2.77,45.4,62.6,0
10443,54119,1.0,0,4052,74,0.474,3.33,82.2,71.8,0
10542,55002,1.0,6,3217,63,0.611,3.43,70.6,91.0,1
10410,53801,0.192,2,7231,41,0.762,2.32,51.9,32.2,1
10673,56069,1.0,6,1884,55,0.579,3.5,85.2,60.1,1
10796,57221,0.416,5,4286,63,0.591,3.3,68.4,76.2,0
10545,55025,1.0,2,7537,45,0.665,3.01,42.9,33.6,0
10211,51949,0.987,1,3499,41,0.601,2.42,43.9,31.3,1
10048,50471,0.158,3,2695,42,1.0,2.4,45.8,34.2,0
10673,56075,1.0,7,8487,60,0.528,3.75,82.8,73.4,1
10375,53493,1.0,6,6629,67,0.691,2.92,74.0,63.1,1
10289,52672,0.878,1,6027,50,0.7,2.6,52.2,42.3,0
10988,58905,0.976,5,8559,67,0.679,2.36,60.3,60.1,1
10243,52225,0.85,5,2535,57,0.588,3.37,71.5,83.0,0
10116,51107,1.0,2,8832,84,0.598,3.74,76.9,71.0,0
10897,58074,0.596,4,4470,20,0.507,2.66,54.4,39.9,0
10087,50819,0.317,2,6084,65,0.828,2.63,56.3,66.2,0
10485,54524,0.891,4,6187,67,0.822,2.48,49.6,55.4,1
10842,57632,0.185,5,7759,69,0.571,3.47,81.1,63.4,0
10834,57550,0.158,4,5590,47,0.948,2.89,57.2,57.5,0
10627,55718,0.38,3,8040,55,0.626,3.61,77.3,58.1,1
10936,58454,1.0,2,2000,67,0.657,3.56,83.8,72.4,1
10091,50889,0.486,4,4664,53,0.648,2.88,68.7,91.5,0
10263,52438,0.469,1,2697,51,0.955,1.86,30.1,39.9,0
10086,50818,0.545,3,2098,61,0.847,2.81,66.6,42.1,0
10367,53415,1.0,3,8203,62,0.628,3.56,59.4,68.7,1
10253,52342,0.578,9,4526,65,0.781,3.88,86.4,67.8,0
10894,58042,0.458,7,4643,66,0.614,3.4,58.5,44.8,0
10345,53168,0.384,5,4914,77,0.864,3.74,66.7,81.1,0
10870,57883,0.537,7,1271,55,0.673,2.74,71.4,52.7,0
10716,56462,0.457,2,3862,49,0.745,2.95,49.5,52.6,0
10136,51265,0.264,1,1404,21,0.927,2.14,33.1,24.7,0
10551,55087,0.882,2,6905,33,0.922,2.63,45.6,28.5,1
10565,55195,0.94,2,8238,45,0.92,3.14,58.9,48.8,0
10476,54450,0.43,2,1422,52,0.728,3.13,67.0,58.1,0
10536,54946,0.718,6,4208,66,0.886,3.09,73.2,51.0,1
10435,54046,0.55,3,6817,44,0.706,3.7,78.0,70.7,1
10783,57081,0.637,1,2045,19,0.813,2.0,50.6,44.1,0
10987,58898,0.801,4,3659,67,0.772,2.75,56.6,60.3,0
10132,51229,0.757,0,6188,56,0.904,2.4,51.4,76.7,0
10966,58716,0.516,6,7367,50,0.557,3.13,70.4,68.3,0
10856,57745,0.204,9,6645,59,0.41,3.63,82.4,74.5,0
10559,55142,1.0,8,6812,80,0.594,4.0,97.0,90.4,0
10004,50053,0.967,7,7882,70,0.497,3.18,76.7,66.3,0
10768,56955,0.523,9,4931,64,0.794,3.78,75.4,54.4,0
10765,56929,0.236,3,8709,29,0.737,1.97,56.8,46.7,0
10015,50160,0.814,2,1622,38,0.751,2.54,52.8,50.9,1
10673,56072,0.714,1,3940,71,0.52,4.1,81.6,66.2,0
10172,51588,1.0,2,4549,53,0.671,2.69,59.2,42.2,1
10172,51590,0.868,2,3547,55,0.657,2.58,51.9,54.6,0
10671,56059,0.688,1,1023,36,0.569,1.75,51.9,40.2,0
10579,55319,0.222,1,3758,43,1.0,1.69,29.9,17.7,0
10684,56190,0.266,2,2418,15,0.747,1.74,41.0,35.8,0
10419,53859,0.762,8,4595,48,0.788,2.67,52.5,57.2,0
10864,57832,0.157,2,5027,24,0.998,1.87,39.1,29.1,1
10591,55397,1.0,4,7416,64,0.838,2.05,50.8,40.7,0
10305,52829,0.696,1,2576,62,0.807,3.16,59.2,49.2,1
10044,50437,0.192,3,1036,40,0.84,2.42,38.9,26.9,0
10726,56562,0.093,4,3730,27,0.551,2.1,43.4,29.6,1
10421,53879,0.903,2,998,48,0.581,2.46,48.5,29.3,0
10172,51589,0.662,5,8072,69,0.595,3.12,48.1,41.5,0
10301,52781,1.0,3,8807,55,0.674,3.32,66.6,64.3,0
10885,57968,0.985,5,7247,47,0.813,3.96,67.1,53.0,1
10797,57232,0.256,2,6221,67,0.596,2.2,47.8,45.3,0
10795,57211,1.0,3,5327,50,0.54,3.51,60.9,62.0,1
10509,54728,1.0,2,7952,64,0.846,4.41,81.8,84.6,1
10101,50974,1.0,5,5389,36,0.662,2.38,63.1,65.6,1
10133,51239,1.0,5,3007,63,0.668,3.08,64.6,53.3,0
10319,52952,0.128,3,8831,50,0.828,2.83,52.2,28.5,0
10253,52343,0.881,4,5138,67,0.697,4.09,82.1,87.4,0
10652,55884,0.524,2,1038,36,0.679,2.35,49.1,49.1,1
10237,52159,0.252,8,8687,53,0.775,2.71,60.6,61.6,0
10579,55314,0.967,2,4414,44,0.936,1.71,34.3,24.0,0
10159,51498,0.676,6,2172,60,0.674,4.06,82.8,70.5,1
10488,54546,1.0,4,1321,46,0.542,3.13,76.2,71.5,0
10456,54258,0.241,3,5698,44,0.85,2.63,69.7,74.6,0
10262,52423,1.0,7,8775,50,0.834,3.45,68.4,48.1,1
10563,55186,0.275,5,5505,62,0.652,2.81,46.2,53.6,0
10036,50358,0.949,2,2181,35,0.764,2.1,40.7,28.7,1
10571,55243,0.487,1,6227,41,0.689,1.93,70.1,38.6,0
10714,56444,0.293,0,3834,45,0.678,2.81,60.1,26.2,0
10921,58310,0.593,1,2838,44,0.791,1.84,45.3,46.2,1
10230,52093,0.258,6,6201,51,0.725,2.73,51.8,48.2,1
10218,52016,0.172,3,5930,41,0.637,2.54,54.5,53.5,0
10900,58101,1.0,7,3407,90,0.734,4.06,96.2,86.2,1
10788,57149,1.0,5,7630,78,0.546,3.99,83.2,87.0,0
10018,50188,0.438,7,4270,45,0.718,3.13,67.2,71.8,0
10606,55529,0.297,7,4949,63,0.542,3.33,50.1,76.1,0
10394,53656,0.658,4,7256,63,0.781,4.02,59.7,83.0,1
10368,53427,0.816,5,1698,41,0.666,1.85,23.1,18.4,0
10790,57164,1.0,2,7315,54,0.868,3.13,71.3,58.5,0
10148,51382,1.0,4,3504,71,0.554,3.53,85.2,87.7,0
10664,56001,0.795,4,6135,56,0.611,3.63,72.5,70.4,0
10041,50414,1.0,4,949,59,0.676,3.49,75.3,85.3,0
10547,55038,1.0,4,7115,44,0.762,2.86,53.8,63.9,1
10531,54898,0.543,3,4494,74,0.491,4.16,100.0,78.1,0
10361,53337,0.415,5,7673,89,0.597,3.74,66.6,84.6,0
10388,53607,0.665,3,4364,42,0.657,2.28,47.2,43.9,0
10345,53176,1.0,7,6563,69,0.744,3.94,66.4,97.8,0
10788,57143,1.0,5,3929,64,0.57,3.29,92.9,68.8,0
10968,58740,0.541,5,2058,35,0.884,2.17,33.2,33.6,0
10704,56353,0.741,4,5226,56,0.539,3.16,76.0,54.7,1
10026,50257,0.558,5,4154,37,0.774,2.07,48.7,20.3,1
10711,56404,1.0,4,3691,70,0.606,3.67,79.7,77.1,0
10020,50201,0.188,4,1735,57,0.468,3.6,84.1,83.7,0
10244,52236,0.363,7,2157,73,0.469,3.77,72.8,69.5,0
10512,54744,0.046,2,7385,41,0.796,2.7,41.5,64.0,1
10192,51768,1.0,11,2977,78,0.747,3.11,73.1,69.9,1
10455,54237,0.465,5,6489,51,0.738,3.94,78.3,44.1,0
10775,57017,0.752,6,4594,47,0.912,2.11,58.5,47.8,1
10169,51573,0.522,5,3019,39,0.711,2.88,57.2,28.1,0
10002,50025,0.874,4,5823,67,0.867,3.85,69.0,48.9,1
10856,57746,1.0,1,6311,71,0.44,3.79,79.1,73.8,1
10115,51089,0.298,2,1213,57,0.758,2.89,74.6,61.5,0
10505,54675,0.811,4,6917,69,0.72,3.02,68.7,76.5,1
10292,52695,0.309,5,2521,61,0.538,3.96,72.9,95.6,1
10675,56101,0.265,4,3565,47,0.727,2.72,58.8,48.4,0
10366,53399,0.381,4,8629,27,0.62,4.02,48.2,68.9,0
10383,53560,1.0,5,3464,56,0.604,2.92,68.6,38.5,1
10914,58233,1.0,5,5529,57,0.747,3.48,71.5,67.6,1
10307,52842,0.133,2,2219,48,0.882,2.05,52.0,54.8,0
10250,52312,0.963,2,5537,38,0.809,2.76,68.6,64.0,0
10756,56826,0.296,1,3414,69,0.866,2.39,47.9,45.1,0
10351,53235,0.231,1,1541,57,0.726,2.96,73.8,56.8,1
10447,54153,0.176,3,6427,51,0.717,2.87,62.8,49.7,0
10140,51310,0.359,5,7705,56,0.664,2.61,77.6,76.2,0
10074,50696,1.0,5,6240,57,0.617,3.89,73.5,78.1,1
10589,55380,0.677,1,2582,36,0.848,1.74,27.7,24.8,0
10404,53753,0.265,3,5888,65,0.614,3.09,65.1,62.1,0
10132,51228,0.093,1,6401,50,0.854,3.18,52.3,67.4,0
10216,52000,0.852,4,4248,48,0.435,3.82,80.9,61.3,0
10027,50277,0.849,1,3368,70,0.743,3.59,75.7,61.9,1
10598,55457,0.986,5,8477,71,0.545,4.02,75.5,66.9,0
10626,55706,0.868,2,8066,63,0.694,2.89,64.9,63.1,1
10858,57763,1.0,5,7786,56,0.735,2.89,63.6,62.5,1
10392,53638,1.0,9,2162,46,0.713,3.38,66.9,48.6,1
10737,56647,1.0,3,6507,49,0.44,3.94,84.5,60.5,1
10517,54779,0.257,4,7364,61,0.557,3.39,65.6,68.0,0
10967,58731,0.441,0,6159,54,0.669,3.03,59.0,47.0,0
10443,54118,0.245,2,4300,52,0.539,3.14,92.4,75.8,0
10868,57857,1.0,5,8775,50,0.724,3.53,82.5,62.5,1
10120,51138,0.873,6,2211,65,0.771,3.62,73.7,70.7,1
10299,52768,1.0,4,5020,63,0.823,4.23,99.5,88.6,0
10730,56587,1.0,3,4123,44,0.832,2.43,50.2,58.2,0
10685,56201,1.0,3,6149,35,0.806,1.77,45.7,25.3,1
10097,50943,0.48,4,6177,33,0.707,1.78,52.3,32.6,0
10898,58081,1.0,2,1401,56,0.761,2.4,57.3,59.4,0
10874,57899,0.729,4,4654,51,0.703,2.7,52.0,54.6,0
10535,54936,0.846,6,1453,74,0.834,3.56,68.5,68.7,1
10425,53936,1.0,6,7015,69,0.524,4.19,100.0,80.6,1
10615,55609,1.0,5,5832,48,0.698,3.08,65.6,68.9,1
10259,52385,0.63,4,3218,27,0.85,2.01,50.7,37.4,0
10012,50116,1.0,6,6615,59,0.612,3.59,74.6,97.0,1
10759,56859,1.0,6,7134,35,0.72,3.15,64.7,45.9,1
10996,58981,0.998,2,7791,29,0.949,2.41,30.6,28.8,0
10338,53120,0.465,4,1489,47,0.784,3.57,66.4,57.5,0
10456,54259,0.366,4,6770,48,0.77,2.91,67.0,79.2,0
10921,58313,0.629,2,8585,31,0.869,2.62,48.6,49.5,1
10779,57059,0.371,3,7574,49,0.65,2.43,59.7,42.3,1
10304,52820,1.0,6,2934,63,0.58,3.63,91.8,69.3,1
10414,53823,0.993,5,4058,40,0.591,2.99,52.9,52.3,0
10973,58797,0.533,4,5592,45,0.844,2.27,63.6,30.0,1
10507,54700,0.15,3,4707,44,0.925,2.33,50.6,40.5,0
10867,57854,1.0,3,8903,24,0.893,2.14,44.1,36.9,1
10411,53803,0.607,6,3930,46,0.764,2.72,52.2,48.4,0
10380,53537,0.936,2,8681,39,0.642,2.4,85.3,61.9,1
10414,53826,0.955,2,8525,45,0.538,3.0,61.2,58.2,0
10816,57383,0.937,0,5877,45,0.742,2.36,42.1,26.5,0
10853,57718,0.518,3,3691,32,0.728,2.58,64.5,46.4,1
10520,54811,0.372,4,7792,60,0.684,2.37,77.1,56.9,0
10210,51947,1.0,1,3322,64,0.711,1.84,57.8,27.9,1
10698,56312,1.0,3,6955,35,0.836,3.29,48.7,65.0,1
10918,58282,0.408,4,1164,64,0.595,3.97,69.9,75.8,0
10581,55336,1.0,5,8664,52,0.774,3.66,82.4,68.2,0
10374,53489,0.144,5,3920,45,1.0,2.53,51.4,41.0,0
10174,51611,1.0,5,7454,66,0.882,2.41,53.4,33.3,1
10996,58982,0.164,2,4229,38,0.845,2.03,39.2,24.2,0
10505,54678,0.214,5,2155,65,0.79,3.44,59.6,65.8,0
10537,54960,1.0,7,5389,57,0.726,3.47,54.2,78.1,1
10840,57611,0.389,4,5894,86,0.552,3.97,81.0,82.3,0
10515,54762,1.0,2,3358,50,0.515,4.5,89.5,97.0,1
10240,52195,0.94,3,3361,37,0.861,2.96,36.6,46.6,0
10713,56436,0.241,0,7882,44,0.586,2.27,46.8,62.4,0
10555,55114,0.124,2,6139,20,0.884,1.84,59.0,40.3,1
10058,50558,0.639,4,2495,72,0.617,2.93,69.4,77.6,0
10717,56484,1.0,6,2569,65,0.625,3.39,71.2,75.3,0
10827,57485,0.211,2,6607,39,0.704,2.52,36.7,30.6,1
10129,51208,1.0,2,7204,39,0.617,2.02,50.0,56.0,1
10621,55671,0.624,4,5030,54,0.785,1.6,42.9,50.8,0
10652,55883,0.596,2,8527,42,0.874,2.71,57.6,37.0,1
10160,51511,0.288,2,6251,58,0.701,2.77,49.9,49.0,0
10415,53830,1.0,5,2216,40,0.718,2.56,61.5,64.7,0
10402,53733,0.6,5,3866,76,0.729,1.93,62.3,46.4,1
10942,58502,0.348,5,5299,62,0.747,3.94,87.3,82.6,1
10349,53212,0.39,7,6296,74,0.646,3.44,78.3,75.7,1
10392,53631,0.571,8,1739,56,0.773,2.25,60.6,68.3,1
10742,56704,0.672,5,3558,58,0.6,4.15,88.0,81.3,0
10831,57532,0.793,4,4760,49,0.654,3.74,76.6,88.6,1
10027,50267,0.399,9,2392,58,0.789,3.92,82.2,68.2,0
10121,51141,0.512,5,2388,64,0.745,2.68,64.6,64.0,1
10344,53163,0.915,3,8197,61,0.836,2.9,67.2,48.5,1
10770,56977,0.874,7,8915,64,0.526,3.89,73.6,67.0,1
10401,53731,0.99,1,6208,82,0.728,4.1,92.1,84.9,1
10207,51910,1.0,4,2404,51,0.729,3.4,68.5,76.3,1
10652,55881,1.0,4,1057,39,0.733,2.5,44.9,42.6,0
10288,52661,0.526,7,5647,71,0.578,3.42,73.3,68.0,0
10068,50657,0.281,3,5122,45,0.678,2.55,45.9,46.7,0
10779,57049,1.0,4,7327,40,0.527,2.83,51.6,52.6,1
10698,56301,1.0,5,7032,27,0.921,2.6,65.4,76.8,1
10104,50999,0.533,1,4043,49,0.901,2.23,51.1,46.9,0
10925,58351,0.269,3,7328,63,0.634,3.19,73.0,70.3,0
10306,52835,1.0,5,5349,74,0.688,3.17,55.3,38.8,1
10915,58250,0.733,7,1560,47,0.789,2.24,56.5,62.9,1
10133,51238,1.0,7,1407,50,0.675,3.51,74.5,59.9,0
10905,58159,1.0,5,5615,49,0.812,2.24,43.8,23.2,0
10706,56371,1.0,4,1492,53,0.833,3.06,51.6,52.6,0
10827,57486,0.406,4,2966,45,0.645,2.75,48.4,46.4,0
10552,55092,0.778,4,5708,69,0.624,3.88,95.2,58.4,0
10240,52187,1.0,1,5093,44,0.737,3.17,43.9,51.2,0
10120,51135,1.0,6,8022,64,0.826,2.72,80.1,53.2,0
10543,55005,0.331,2,4902,37,1.0,3.43,71.8,59.1,1
10140,51304,0.26,7,8870,79,0.844,2.87,65.0,65.4,1
10177,51628,1.0,4,5364,75,0.61,4.08,78.3,70.9,1
10699,56325,0.645,4,1119,70,0.635,3.87,86.8,80.7,0
10162,51523,1.0,5,8925,71,0.858,3.49,86.7,83.9,1
10979,58830,0.63,4,5235,77,0.765,3.67,94.0,76.0,0
10036,50359,0.14,3,7893,34,0.752,2.32,44.9,26.1,0
10014,50139,0.95,3,3536,53,0.57,4.01,82.2,71.9,0
10029,50300,0.512,5,3391,49,0.552,3.34,94.2,91.8,0
10166,51557,0.7,0,5467,20,0.801,1.46,28.7,36.6,1
10552,55100,0.625,4,8619,77,0.564,4.28,95.8,59.0,0
10038,50383,1.0,3,4972,47,0.687,2.86,71.3,79.1,1
10751,56791,0.682,2,3433,41,0.732,3.33,72.7,45.4,0
10614,55602,0.851,3,2076,48,0.642,3.4,54.0,47.3,0
10527,54858,0.321,3,3001,64,0.627,3.82,56.6,81.2,0
10861,57797,0.409,2,8058,68,0.482,4.5,78.9,80.0,0
10786,57122,0.415,4,8727,71,0.719,3.46,81.6,71.0,1
10631,55748,0.317,2,3912,50,0.673,3.11,75.3,60.9,0
10878,57928,0.111,3,921,31,0.836,3.05,66.2,48.0,0
10916,58253,0.316,6,3570,56,0.778,2.88,72.0,61.4,0
10625,55703,0.18,3,1433,53,0.8,2.05,49.6,40.3,0
10920,58301,0.307,3,2391,47,0.819,3.11,40.0,39.8,0
10296,52722,0.954,3,6884,69,0.623,4.03,69.8,88.4,0
10209,51933,0.712,4,2741,49,0.569,3.19,73.7,70.3,0
10659,55966,0.459,7,2975,69,0.726,3.56,71.4,59.6,0
10351,53237,0.287,5,4423,49,0.646,2.79,65.0,82.5,0
10342,53141,0.97,2,3317,53,0.761,2.76,59.2,74.5,0
10448,54164,0.671,5,5318,37,0.679,2.21,63.9,43.1,0
10861,57804,0.763,3,2506,73,0.545,3.89,72.5,100.0,1
10411,53808,1.0,1,1181,33,0.776,2.19,49.7,71.0,0
10945,58529,0.964,3,1756,68,0.524,3.15,57.0,43.8,0
10617,55630,0.781,6,1569,61,0.511,3.49,67.5,63.5,0
10447,54155,1.0,4,5087,46,0.714,3.15,65.4,45.7,1
10448,54173,1.0,3,5557,46,0.729,2.32,49.0,40.7,1
10084,50797,0.516,3,2689,74,0.624,3.72,98.0,83.5,1
10261,52417,0.887,2,4041,54,0.677,3.66,85.7,75.2,1
10083,50786,1.0,4,7116,65,0.635,3.3,82.9,56.0,1
10344,53159,0.464,3,3455,54,0.758,2.71,76.8,61.6,0
10013,50124,0.779,4,5699,46,0.983,2.72,53.9,54.1,0
10238,52173,0.393,10,8016,73,0.683,3.58,86.5,100.0,0
10784,57088,0.718,7,3816,49,0.494,2.85,68.2,48.5,1
10803,57280,0.364,10,2098,73,0.539,3.99,67.7,82.2,0
10926,58364,0.143,6,8231,47,0.807,2.85,65.8,60.0,0
10465,54341,1.0,4,6339,63,0.585,3.38,75.8,74.2,0
10094,50911,0.341,3,3630,53,0.705,2.29,42.1,46.0,0
10250,52310,0.666,7,1930,40,0.811,2.85,68.6,62.7,0
10963,58692,0.771,2,4252,43,0.842,2.38,60.8,35.1,0
10392,53635,1.0,4,6259,57,0.693,2.82,64.6,64.1,1
10135,51258,0.576,6,5741,83,0.625,4.17,96.5,70.2,1
10477,54459,0.449,5,5465,47,0.9,3.09,78.4,18.6,0
10126,51179,0.907,3,5852,22,0.978,1.43,39.6,19.8,0
10502,54653,1.0,11,8815,80,0.635,4.73,76.0,85.7,1
10394,53651,1.0,2,2213,74,0.705,4.18,56.2,76.1,1
10046,50443,0.828,2,6907,65,0.589,3.95,74.2,67.7,1
10830,57518,0.974,8,7853,59,0.625,3.59,74.1,81.5,0
10150,51400,0.701,1,7572,35,0.883,2.05,64.1,56.5,1
10156,51458,0.304,3,8482,40,0.543,2.6,52.4,53.9,1
10669,56047,0.489,2,4990,26,0.731,1.29,45.1,23.7,1
10111,51055,0.342,4,4158,53,0.828,2.54,62.6,60.6,0
10600,55467,0.482,2,7152,72,0.646,4.1,85.6,74.7,0
10356,53276,0.192,4,5133,18,0.789,2.7,39.0,17.4,0
10830,57521,0.504,9,6072,70,0.584,3.85,63.3,72.4,0
10398,53700,0.519,5,3214,39,0.962,1.34,36.7,24.1,0
10405,53760,0.518,1,8330,38,0.949,2.49,48.8,32.2,1
10096,50930,1.0,5,6702,93,0.516,3.78,78.7,69.3,1
10768,56951,0.657,2,6901,58,0.661,3.92,76.7,71.1,0
10199,51830,0.953,2,7581,51,0.884,2.19,65.1,41.3,0
10316,52929,0.45,4,1167,37,0.775,3.07,46.9,35.3,0
10752,56804,0.422,0,1112,47,0.801,3.57,74.0,67.6,0
10454,54222,0.924,3,4979,39,0.862,2.84,62.2,42.2,0
10381,53547,0.848,3,6545,46,0.608,2.66,44.9,66.2,1
10871,57888,1.0,4,1844,68,0.709,2.34,58.3,50.0,0
10761,56891,0.944,1,7891,49,0.782,2.65,71.1,35.4,0
10217,52012,1.0,2,4676,65,0.653,3.95,77.1,69.4,0
10823,57434,0.361,5,3954,67,0.578,3.51,67.7,58.2,0
10998,58994,0.505,2,3522,34,0.922,2.45,61.0,52.2,0
10349,53220,0.39,6,6121,62,0.743,3.54,78.0,74.5,0
10283,52607,0.56,6,7441,40,0.896,2.33,33.2,35.6,1
10354,53265,0.331,4,5631,69,0.608,3.42,67.0,74.1,0
10534,54929,0.243,3,2132,36,0.757,3.39,66.6,61.4,0
10821,57415,0.401,2,8595,63,0.643,2.75,83.3,61.5,0
10797,57227,0.748,3,6106,52,0.547,2.48,56.6,41.1,1
10000,50007,0.809,3,2739,50,0.844,2.82,50.2,53.9,0
10323,52981,0.685,3,4250,47,0.684,4.17,88.9,72.6,1
10364,53362,0.479,4,7234,58,0.589,3.39,83.5,82.2,1
10516,54775,0.417,5,5160,57,0.8,3.17,75.8,89.0,0
10210,51944,1.0,4,2311,48,0.578,1.81,49.5,43.9,0
10820,57413,0.472,3,4153,71,0.655,3.74,87.9,68.5,0
10178,51636,0.95,5,7982,78,0.509,3.09,88.7,79.2,1
10121,51142,0.269,4,4778,37,0.758,3.12,53.2,68.0,1
10831,57528,0.401,6,1310,63,0.663,3.96,72.3,89.9,1
10697,56291,0.954,4,6750,46,0.831,2.47,64.5,49.3,0
10226,52071,0.95,7,7292,67,0.752,2.99,70.9,46.3,1
10341,53135,0.604,6,8883,55,0.766,3.11,51.8,75.4,0
10561,55161,1.0,7,1397,45,0.758,2.86,56.2,59.6,1
10692,56244,0.164,3,4356,27,0.847,1.98,39.6,39.0,0
10744,56735,0.97,4,2971,80,0.67,4.65,91.1,71.9,1
10244,52243,1.0,4,5011,73,0.493,3.74,81.0,70.8,0
10157,51475,0.505,2,7981,48,0.866,2.82,47.3,36.0,0
10803,57279,0.254,8,7676,83,0.734,4.12,75.0,73.7,0
10204,51890,0.453,1,6991,51,0.76,2.28,48.8,55.0,0
10369,53436,0.758,1,6226,35,0.655,3.23,58.8,63.6,0
10677,56111,0.348,4,6902,49,0.699,3.03,57.1,40.6,0
10684,56192,0.916,2,5542,15,0.702,1.89,30.7,37.4,1
10398,53706,0.088,0,7347,31,0.874,1.94,42.1,28.8,0
10219,52022,0.827,3,4212,60,0.697,2.47,54.6,41.7,0
10433,54021,1.0,6,7454,77,0.663,4.55,96.6,71.5,0
10851,57703,0.886,9,8039,40,0.893,2.45,55.5,60.8,0
10773,57004,0.562,1,2712,43,0.665,1.88,36.8,31.7,0
10909,58192,0.606,2,2430,55,0.626,2.99,68.4,47.8,0
10288,52659,0.71,4,7978,63,0.616,3.67,74.2,69.7,0
10120,51131,1.0,3,3245,72,0.796,3.52,65.4,69.2,0
10730,56594,1.0,3,3942,48,0.755,2.96,54.6,83.2,1
10197,51820,0.959,6,4479,41,0.884,2.26,53.2,34.3,1
10970,58759,1.0,5,6788,74,0.558,4.48,79.0,65.3,0
10464,54319,0.406,4,1809,63,0.661,2.75,59.5,74.2,0
10956,58644,0.971,4,2717,78,0.581,3.69,81.0,78.3,0
10446,54145,1.0,4,7568,46,0.746,3.35,60.4,77.8,1
10503,54670,0.694,0,4451,57,0.67,2.57,59.5,82.7,0
10132,51237,1.0,2,4513,58,0.695,2.93,48.6,73.4,0
10601,55477,1.0,4,3588,43,0.643,2.41,59.9,48.2,0
10981,58856,1.0,8,4179,68,0.647,3.72,72.4,52.5,1
10200,51857,0.45,6,4952,72,0.446,4.43,76.2,79.0,0
10248,52283,1.0,4,5637,29,0.883,2.12,51.8,43.8,1
10739,56662,0.627,6,7139,78,0.596,3.71,79.1,59.9,0
10928,58386,0.715,6,5765,67,0.65,4.16,91.2,75.8,1
10441,54094,0.421,3,5366,35,0.538,1.64,32.4,21.8,0
10624,55695,0.651,2,8854,26,0.927,2.17,39.5,33.9,0
10566,55201,1.0,3,4355,52,0.801,2.99,67.1,66.4,0
10368,53422,0.75,1,4572,47,0.809,1.57,27.2,15.1,0
10038,50387,1.0,1,6293,44,0.756,2.74,67.4,68.9,0
10177,51629,1.0,5,4977,61,0.611,4.25,81.5,86.6,1
10385,53586,1.0,1,6679,58,0.859,2.56,49.6,52.9,0
10658,55959,1.0,4,4608,31,0.859,2.12,41.3,47.9,0
10295,52715,0.726,1,6733,50,0.931,2.93,58.8,61.8,0
10656,55913,1.0,4,3915,74,0.452,4.68,81.3,83.5,1
10913,58226,1.0,6,7392,56,0.707,3.64,59.7,54.5,1
10928,58387,0.709,4,5446,71,0.529,3.9,87.8,66.5,0
10346,53190,0.643,2,4159,69,0.555,3.77,81.5,68.2,1
10996,58974,0.784,3,1478,23,0.718,2.28,34.1,13.6,0
10463,54306,0.388,3,6646,32,0.773,2.18,62.1,39.9,0
10094,50910,1.0,6,3605,48,0.745,2.52,49.8,30.9,0
10589,55386,0.461,2,4959,31,0.874,1.54,11.9,33.7,0
10935,58426,0.245,2,8583,42,0.917,2.09,53.8,55.2,0
10201,51867,1.0,1,2023,43,0.779,2.92,58.8,54.6,1
10199,51843,0.856,4,7042,45,0.766,1.86,78.5,52.0,1
10269,52498,0.218,3,2211,37,0.829,1.4,33.6,24.6,0
10890,58017,0.918,4,6810,59,0.797,3.91,75.7,57.9,1
10704,56359,1.0,3,4491,56,0.553,2.74,74.5,52.2,1
10688,56217,0.842,1,6227,72,0.706,2.85,68.2,69.3,1
10548,55055,0.251,5,3682,30,0.677,2.22,32.2,61.3,0
10433,54007,0.493,7,8506,76,0.636,4.74,86.8,74.0,0
10292,52703,1.0,4,2247,58,0.563,3.73,65.8,84.6,1
10895,58050,0.581,5,5469,61,0.489,3.46,75.4,74.3,0
10033,50332,0.496,3,1546,49,0.827,1.98,41.2,33.7,1
10792,57181,0.343,0,5689,60,0.784,3.8,79.3,81.7,0
10879,57932,0.537,3,1096,63,0.596,2.67,60.0,60.3,0
10726,56559,0.436,1,6128,44,0.594,2.11,46.1,39.9,1
10899,58089,0.221,2,7069,23,0.864,2.34,44.4,51.1,1
10266,52460,1.0,5,6961,58,0.536,2.81,75.2,67.7,1
10193,51775,0.925,9,6914,52,0.791,2.7,67.8,71.3,1
10677,56113,0.936,2,2682,63,0.77,2.99,66.1,59.9,0
10712,56423,1.0,4,7886,53,0.701,3.13,72.9,70.0,1
10291,52687,0.457,1,1187,34,0.685,2.8,62.7,45.7,0
10912,58224,0.113,2,7230,15,1.0,1.85,27.5,26.7,1
10922,58328,0.658,5,3003,58,0.518,3.63,82.1,56.5,0
10622,55673,0.548,6,2388,60,0.73,3.11,76.2,62.6,0
10758,56845,1.0,1,5699,39,0.868,2.54,49.1,43.8,0
10991,58928,0.492,1,6218,47,0.763,2.91,61.1,42.1,0
10834,57549,0.285,9,5238,60,0.876,3.31,46.6,45.2,0
10828,57489,0.204,0,3797,36,0.808,1.18,35.2,17.9,0
10812,57354,0.562,0,3672,64,0.483,3.49,81.4,53.1,0
10816,57376,0.332,3,6696,41,0.784,2.53,43.9,24.5,0
10599,55463,0.982,6,2345,82,0.633,3.24,76.9,65.2,0
10018,50174,0.292,4,8916,61,0.729,3.28,68.5,81.8,0
10740,56684,0.287,2,6910,51,0.855,2.35,64.9,46.1,0
10498,54616,1.0,4,1285,62,0.815,2.86,58.9,47.9,1
10359,53322,0.384,6,6496,45,0.631,3.54,70.3,58.7,0
10856,57754,0.334,8,4636,65,0.74,3.32,89.5,72.9,0
10365,53373,1.0,3,7485,55,0.709,2.65,54.9,57.9,1
10359,53312,0.697,3,5059,39,0.688,3.67,60.6,53.6,0
10673,56071,0.953,3,2671,74,0.483,4.19,79.1,69.0,1
10804,57296,0.165,2,1635,47,0.979,2.09,60.3,21.0,0
10847,57676,0.851,0,6649,23,0.735,2.16,28.7,32.4,1
10726,56556,0.03,4,5974,34,0.665,1.97,37.5,45.3,0
10505,54680,1.0,5,1062,70,0.827,3.38,58.6,79.6,0
10366,53404,1.0,5,1621,48,0.658,3.33,60.4,78.4,0
10001,50019,0.906,0,1665,55,0.874,3.41,42.4,53.0,0
10397,53692,0.969,1,8705,15,0.843,1.86,30.3,34.1,1
10861,57803,1.0,6,4372,67,0.657,4.16,78.3,82.4,1
10441,54097,0.237,3,3749,32,0.756,1.3,42.5,42.6,0
10391,53629,0.658,1,2348,29,0.835,1.32,43.0,27.5,0
10857,57755,0.299,8,8401,46,0.642,2.43,59.0,47.0,0
10239,52175,0.345,6,4105,67,0.497,3.83,79.4,75.5,0
10146,51357,0.379,5,7166,45,0.739,2.9,69.7,43.3,0
10542,55003,0.471,5,7083,57,0.615,3.23,83.5,84.1,1
10921,58316,1.0,2,6883,48,0.727,2.25,45.4,34.6,0
10948,58552,0.704,7,8732,60,0.493,2.52,69.6,54.0,1
10338,53113,0.992,3,3299,60,0.719,3.13,64.0,68.7,0
10018,50183,0.468,8,8203,64,0.637,3.2,71.1,87.1,0
10845,57651,0.266,6,6655,44,0.501,3.49,74.1,48.7,1
10856,57748,1.0,3,7064,71,0.571,3.69,84.2,87.8,0
10196,51813,1.0,2,4755,46,0.789,2.18,37.7,48.0,0
10701,56335,1.0,4,1987,79,0.677,3.79,76.9,65.0,0
10772,56999,0.503,2,1771,69,0.606,2.76,88.2,62.2,0
10533,54913,1.0,4,3251,47,0.697,3.16,69.7,66.7,1
10794,57198,0.943,7,4430,66,0.646,3.6,80.1,73.2,1
10195,51801,0.153,5,8452,48,0.668,2.86,65.9,56.3,0
10262,52430,0.682,7,6305,57,0.733,2.94,64.9,63.2,0
10601,55483,0.758,2,1999,44,0.812,2.24,51.4,43.1,0
10839,57593,1.0,2,4184,79,0.544,2.98,92.9,76.9,0
10707,56381,0.954,5,7879,31,0.823,1.78,53.8,26.8,1
10213,51969,0.092,1,8550,27,0.926,1.85,22.9,25.0,1
10757,56836,0.192,2,958,38,0.874,3.18,47.7,43.1,0
10723,56540,1.0,3,1215,63,0.706,3.37,69.4,50.2,0
10672,56062,0.255,6,2967,51,0.765,2.14,57.0,37.9,0
10540,54988,0.59,8,7279,82,0.676,4.25,100.0,94.9,1
10971,58781,0.249,2,3279,58,0.875,2.95,59.0,68.1,0
10502,54651,1.0,6,3118,82,0.588,3.92,81.2,77.6,0
10124,51160,1.0,2,4511,72,0.643,3.36,68.6,74.6,1
10130,51214,1.0,6,4062,53,0.632,2.24,52.7,60.7,1
10655,55905,0.427,4,3837,59,0.625,3.26,73.9,73.8,0
10142,51326,0.611,5,6170,47,0.696,2.55,64.5,39.0,0
10668,56038,0.411,6,1444,60,0.692,3.83,74.5,61.1,1
10675,56099,0.227,1,1332,47,0.605,2.29,67.5,30.5,0
10519,54797,0.722,1,8888,57,0.843,2.81,59.1,47.9,1
10155,51456,0.784,3,2734,44,0.79,2.72,31.9,36.4,0
10593,55411,1.0,4,2265,40,0.715,3.03,46.6,58.6,0
10650,55866,0.879,3,8214,26,0.783,2.16,44.6,33.0,1
10770,56975,1.0,6,4051,61,0.469,3.47,77.6,75.0,0
10538,54963,1.0,0,3766,34,0.812,2.39,71.7,40.8,0
10828,57497,0.884,1,6475,32,0.805,2.17,45.6,16.0,0
10178,51645,0.248,7,2515,70,0.618,3.98,92.3,62.8,0
10236,52141,1.0,3,3592,74,0.653,3.07,54.3,50.0,0
10487,54537,0.383,1,4455,67,0.703,2.81,65.4,79.0,0
10476,54458,0.896,0,2721,54,0.858,3.26,59.4,60.9,0
10877,57915,1.0,2,8376,60,0.712,3.35,66.9,76.3,1
10613,55587,1.0,5,8865,57,0.707,3.46,52.3,59.5,1
10469,54379,0.451,4,4182,62,0.67,3.76,84.0,73.6,0
10076,50730,0.779,2,5537,66,0.682,3.11,70.1,68.5,1
10467,54358,0.392,2,6335,64,0.82,3.62,68.4,76.2,0
10913,58230,0.874,5,7718,74,0.63,3.74,62.8,70.0,0
10209,51937,1.0,5,6865,63,0.569,3.73,78.3,74.1,0
10408,53794,0.403,5,3053,78,0.642,3.83,79.2,76.1,0
10402,53737,0.154,1,6943,46,0.799,1.86,54.7,54.0,1
10246,52262,0.773,1,4898,52,0.728,2.67,69.0,57.3,0
10772,57001,0.475,3,7491,56,0.497,3.03,84.3,65.7,0
10118,51111,1.0,6,2805,53,0.828,3.13,82.4,79.3,1
10884,57960,0.483,10,8300,56,0.476,3.41,78.0,85.8,0
10601,55481,0.096,2,4423,24,0.871,2.26,46.5,36.2,1
10324,52999,1.0,5,4854,70,0.47,3.79,84.4,63.7,0
10260,52395,1.0,1,7637,48,0.499,4.02,86.5,72.9,1
10128,51186,1.0,7,1042,63,0.639,3.78,93.3,85.8,0
10217,52008,1.0,6,6777,75,0.704,3.12,77.3,52.4,1
10019,50194,1.0,4,4892,79,0.534,3.22,52.6,71.0,0
10616,55612,0.443,4,6252,43,0.836,3.65,61.3,62.7,1
10864,57827,0.088,5,8486,53,0.852,1.88,37.3,20.4,0
10060,50579,1.0,5,8502,87,0.457,4.12,92.2,76.1,1
10606,55526,1.0,0,1853,65,0.594,3.55,49.3,81.0,1
10082,50772,0.45,5,1143,59,0.742,2.46,53.1,71.9,0
10260,52396,0.94,6,3069,59,0.657,4.01,86.8,78.5,1
10158,51479,1.0,6,5824,67,0.752,3.86,69.1,71.5,0
10200,51847,0.708,3,2961,72,0.656,3.92,84.5,71.2,0
10908,58188,0.171,5,7337,60,0.716,3.49,76.6,73.1,1
10458,54275,0.911,4,5563,39,0.734,2.46,40.2,31.8,1
10403,53741,0.73,4,2659,46,0.706,3.12,60.3,73.2,0
10497,54601,0.409,5,6051,78,0.648,4.75,93.3,83.2,1
10697,56298,1.0,1,1808,60,0.859,2.63,57.5,47.1,0
10722,56527,0.979,2,5409,15,0.786,0.89,30.9,21.0,0
10533,54916,0.423,6,7310,42,0.66,3.88,67.1,49.2,0
10226,52074,0.432,2,2476,60,0.766,3.26,64.6,42.0,1
10513,54755,0.92,3,2361,58,0.761,3.49,77.6,87.2,0
10205,51897,0.242,6,3132,57,0.564,3.26,62.8,70.1,0
10796,57217,0.648,7,5250,59,0.77,3.59,83.2,79.0,1
10394,53660,1.0,3,8997,62,0.597,4.25,63.9,61.6,1
10258,52380,0.619,4,7108,78,0.47,3.53,78.3,66.4,0
10155,51448,0.24,1,3302,50,0.873,2.89,50.3,24.2,1
10034,50343,0.373,7,2209,60,0.665,3.38,72.1,76.8,0
10557,55128,0.354,3,5833,56,1.0,2.08,42.8,22.1,1
10342,53137,0.209,7,4674,49,0.725,2.41,67.0,64.4,0
10273,52528,0.25,1,8013,33,0.799,2.13,41.7,36.5,0
10076,50728,0.721,3,2589,68,0.6,3.06,61.1,63.7,0
10493,54578,0.547,3,6919,34,0.764,1.66,54.9,19.1,0
10101,50977,0.846,2,3270,55,0.659,2.61,76.1,51.5,0
10764,56920,0.954,3,3728,50,0.698,2.13,49.7,20.3,0
10895,58060,0.34,4,2200,71,0.604,3.43,87.7,91.9,0
10378,53517,1.0,7,3460,63,0.683,3.33,84.0,76.6,1
10712,56416,0.283,8,2796,61,0.65,3.7,59.5,68.8,1
10976,58810,0.663,2,5148,33,0.831,3.11,61.0,65.8,0
10425,53941,0.796,7,5341,57,0.516,3.7,86.4,74.1,1
10139,51300,1.0,3,1389,59,0.809,3.42,64.9,46.6,0
10973,58789,1.0,2,8285,38,0.782,2.37,60.3,37.6,1
10145,51349,0.584,6,6597,32,0.708,2.02,47.3,53.2,0
10069,50661,0.48,7,6280,65,0.585,3.38,84.5,85.8,0
10158,51493,0.514,2,5777,56,0.696,3.13,77.6,70.4,1
10733,56609,1.0,0,3114,81,0.63,3.7,79.9,73.4,0
10756,56829,0.414,4,7992,45,1.0,2.14,57.6,49.4,0
10791,57173,0.717,1,2925,52,0.831,2.85,69.2,66.2,0
10560,55155,0.787,5,1055,41,0.729,2.57,74.3,49.1,0
10251,52316,0.579,1,6999,79,0.66,2.83,68.2,63.0,0
10957,58652,0.343,7,3383,67,0.588,3.56,74.5,68.6,0
10954,58619,1.0,4,1478,57,0.806,2.82,75.2,57.5,1
10115,51086,0.963,6,6735,69,0.715,3.2,80.9,53.8,1
10273,52525,1.0,4,2049,37,0.727,2.29,48.6,48.2,0
10782,57079,0.199,0,8553,51,0.919,2.95,43.0,37.0,1
10588,55375,0.289,1,5083,46,0.711,2.64,70.3,44.4,0
10346,53199,1.0,8,1382,67,0.499,4.08,81.9,65.9,0
10794,57201,1.0,6,5941,82,0.759,3.52,73.5,79.7,0
10739,56661,0.752,3,7001,77,0.547,3.8,75.9,52.8,0
10005,50068,1.0,6,2821,81,0.595,3.27,75.6,83.5,1
10860,57786,0.844,0,1446,43,0.944,2.48,69.6,27.9,0
10247,52270,0.418,11,4280,69,0.715,4.12,81.4,88.4,1
10765,56928,0.143,3,7457,45,0.833,1.64,45.5,41.0,0
10719,56501,0.62,4,7175,35,0.595,2.76,47.9,40.9,1
10853,57720,0.503,4,8661,38,0.742,2.62,62.1,33.4,0
10905,58161,0.986,2,8613,24,0.998,1.88,44.6,25.0,1
10580,55323,0.0,6,2536,31,0.926,2.19,63.0,40.5,0
10370,53448,1.0,1,8091,55,0.867,2.94,68.2,63.6,1
10256,52368,0.196,3,3503,36,0.878,2.82,44.3,29.9,0
10644,55825,0.701,8,6182,44,0.718,4.32,78.9,48.6,1
10726,56561,0.96,1,7247,39,0.53,2.14,43.8,39.8,1
10270,52513,0.809,1,4404,44,0.796,2.35,53.2,39.8,1
10296,52724,0.385,6,1601,80,0.586,3.38,66.3,75.2,0
10916,58257,0.329,1,2092,68,0.775,3.51,76.6,61.4,0
10955,58624,0.883,5,4661,38,0.826,2.87,52.5,39.2,1
10121,51144,1.0,4,5617,50,0.739,3.36,55.4,62.7,0
10970,58762,1.0,6,1144,68,0.624,4.37,79.1,73.8,0
10643,55818,0.302,4,2131,35,0.637,2.45,47.5,54.7,0
10745,56745,0.222,3,3406,54,0.81,2.48,57.5,61.2,0
10920,58291,0.873,1,5652,49,0.843,3.19,53.2,53.7,1
10509,54729,1.0,6,3334,72,0.696,3.52,83.6,67.2,0
10603,55495,0.916,1,6348,52,0.504,3.02,77.8,75.9,1
10674,56082,0.509,5,7563,58,0.783,3.53,66.0,67.4,0
10408,53790,0.415,0,8149,83,0.696,3.23,72.7,78.4,0
10243,52221,0.28,4,4299,59,0.71,3.59,84.2,72.4,0
10550,55076,0.338,3,5880,78,0.788,3.84,72.3,72.4,0
10252,52332,1.0,2,5140,66,0.829,2.73,52.3,43.6,1
10591,55395,1.0,4,3291,52,0.871,2.47,52.2,54.1,0
10941,58491,0.466,1,6910,53,0.691,2.96,58.1,57.0,0
10717,56486,1.0,2,8004,47,0.798,3.87,81.5,71.1,1
10931,58401,0.253,5,2305,60,0.81,3.43,82.4,86.4,0
10440,54089,0.623,4,7260,55,0.596,4.19,78.3,73.4,1
10212,51968,0.273,3,5035,53,0.444,3.0,56.5,37.9,0
10886,57979,0.547,6,8330,36,0.65,2.39,55.8,32.6,1
10845,57661,0.199,4,7942,61,0.631,3.38,74.8,45.5,0
10956,58627,0.721,9,6042,89,0.549,4.01,72.4,77.8,0
10468,54366,1.0,5,1194,49,0.723,3.56,64.8,42.1,0
10042,50424,0.078,2,7494,43,0.785,2.91,70.3,68.1,0
10028,50281,0.317,5,8317,46,0.747,3.54,57.9,79.2,1
10206,51905,1.0,4,7335,30,0.855,2.01,63.9,60.6,1
10061,50596,0.591,1,2527,15,0.947,1.53,43.2,9.7,0
10801,57257,0.985,0,2600,15,0.638,1.57,38.4,27.6,1
10423,53918,0.812,8,3317,69,0.615,4.07,85.6,100.0,0
10620,55662,1.0,3,7325,73,0.649,2.83,72.9,40.9,1
10389,53619,0.65,11,4598,49,0.606,3.89,74.8,62.7,0
10088,50840,0.975,8,3789,52,0.797,3.31,68.8,49.4,1
10496,54597,0.592,4,3498,37,0.745,2.2,73.5,45.0,0
10666,56027,0.499,0,7647,29,0.892,2.6,39.5,34.5,1
10014,50142,1.0,5,2757,56,0.567,4.33,93.3,78.4,0
10899,58084,0.983,4,4277,23,0.79,2.05,52.6,41.7,1
10147,51378,0.742,4,4846,66,0.473,3.82,82.4,88.4,0
10396,53675,0.771,4,2512,42,0.577,2.52,64.8,58.8,1
10852,57705,0.313,3,1755,67,0.624,3.95,72.6,71.7,0
10988,58907,1.0,3,1690,69,0.762,3.38,58.4,54.5,0
10511,54742,0.12,3,3624,37,0.85,2.02,37.0,24.8,0
10411,53809,0.103,0,4169,45,0.706,1.88,44.9,56.0,0
10121,51139,0.544,2,6419,68,0.819,3.44,66.1,59.2,0
10246,52258,1.0,2,6609,44,0.724,2.7,62.2,49.6,1
10701,56330,0.443,5,7354,88,0.577,3.19,72.0,67.5,1
10194,51788,0.455,1,5785,52,0.946,1.93,33.0,15.7,1
10425,53939,0.429,5,6605,82,0.513,4.0,94.6,71.8,0
10704,56355,0.645,3,2107,50,0.527,2.75,77.9,44.1,1
10502,54647,0.465,3,3619,76,0.632,4.2,72.6,78.6,1
10047,50460,1.0,5,2843,42,0.589,3.72,73.4,91.9,0
10951,58587,0.772,1,3432,46,0.743,2.52,68.0,59.6,0
10098,50949,0.748,4,1958,49,0.732,2.71,59.4,18.5,0
10398,53701,0.919,0,3031,24,1.0,1.7,30.0,27.1,0
10142,51337,0.795,0,7999,53,0.707,3.03,45.3,45.8,1
10500,54629,0.841,2,4429,52,0.885,2.07,36.8,35.1,0
10861,57799,1.0,3,2733,64,0.429,3.99,76.6,100.0,1
10174,51603,1.0,3,2369,66,0.892,2.7,59.8,38.6,0
10244,52239,1.0,7,3804,52,0.584,3.74,74.6,70.7,1
10067,50640,0.721,1,2564,58,0.569,3.24,70.6,56.4,0
10979,58840,0.339,2,8921,80,0.779,3.33,81.3,78.9,1
10416,53831,0.896,6,7710,38,0.726,1.13,56.9,48.9,1
10936,58456,0.364,3,3887,57,0.54,3.7,77.0,68.7,0
10712,56422,1.0,3,917,51,0.72,3.06,78.7,58.4,0
10750,56783,0.479,4,5824,43,0.896,2.15,43.5,41.7,0
10212,51959,0.556,0,7214,42,0.439,3.09,59.7,54.2,1
10113,51071,0.259,4,6758,63,0.611,3.95,76.8,61.9,1
10014,50156,0.51,4,2486,49,0.466,3.74,82.1,81.5,0
10249,52296,0.684,2,8682,72,0.633,3.92,92.1,68.0,1
10694,56257,0.623,4,4591,59,0.516,4.03,67.6,100.0,0
10493,54579,0.427,3,1382,25,0.827,2.1,44.5,27.7,0
10115,51090,0.62,4,5772,48,0.684,3.56,67.5,52.6,0
10317,52941,1.0,3,8160,33,0.778,3.13,65.1,65.0,1
10076,50724,0.557,6,1372,60,0.618,2.84,64.2,50.4,1
10469,54385,1.0,4,2412,79,0.609,3.54,88.5,67.7,0
10096,50931,0.424,4,6120,78,0.604,4.28,86.4,80.7,0
10314,52910,0.925,1,5201,55,0.783,2.51,63.4,50.5,0
10943,58509,0.342,8,3540,74,0.677,3.36,65.4,61.9,1
10092,50896,0.408,7,3852,77,0.461,3.64,76.3,77.5,0
10353,53248,0.637,2,5646,70,0.585,4.03,84.2,70.9,0
10252,52327,0.162,3,7475,47,0.768,3.75,38.6,41.6,0
10980,58845,0.816,5,5683,41,0.6,2.09,62.3,35.4,1
10751,56797,0.924,3,1728,51,0.672,3.41,63.0,57.3,1
10925,58349,0.434,5,5998,49,0.48,2.87,66.3,61.9,0
10547,55039,1.0,3,8281,39,0.798,2.38,69.6,69.3,0
10445,54137,0.361,0,1064,23,0.968,2.38,49.1,38.5,0
10922,58318,1.0,7,2531,59,0.465,3.42,86.9,50.6,0
10186,51716,0.323,6,4198,80,0.624,4.1,90.4,84.1,0
10184,51699,0.189,3,2590,47,0.945,2.6,33.1,43.3,0
10966,58724,0.854,2,3804,62,0.629,2.39,57.4,50.3,0
10953,58594,0.643,3,7549,65,0.598,3.31,77.4,73.0,1
10996,58977,0.986,3,1829,36,0.821,2.36,28.2,21.7,0
10737,56637,1.0,6,3750,67,0.572,3.46,72.2,65.5,0
10416,53832,0.988,1,1190,39,0.605,2.14,42.7,58.4,0
10362,53349,0.741,7,7034,69,0.865,3.05,82.9,66.0,1
10949,58567,0.932,7,1648,55,0.619,2.81,63.6,57.6,0
10102,50986,0.736,5,4963,74,0.588,3.45,93.0,95.8,0
10197,51822,0.449,1,4685,36,0.855,2.43,50.1,25.9,0
10493,54572,0.107,2,4409,32,0.718,1.86,41.4,41.2,1
10060,50588,0.723,5,2781,79,0.517,4.49,89.3,100.0,0
10972,58782,0.236,5,5385,50,0.727,2.67,93.4,58.3,0
10550,55078,1.0,2,8784,77,0.644,4.1,86.5,69.6,0
10694,56262,0.614,5,8709,68,0.567,3.58,75.0,82.3,0
10754,56814,0.319,7,6905,53,0.68,2.74,68.0,62.8,0
10949,58571,0.65,6,8856,56,0.715,3.04,61.6,50.7,1
10995,58973,0.368,7,2414,25,0.8,3.21,56.1,47.5,0
10601,55484,0.251,1,900,41,0.63,2.15,46.9,44.0,0
10691,56232,0.241,4,4155,28,0.711,3.21,51.4,40.9,1
10888,57998,0.39,4,5477,83,0.552,3.64,72.8,67.5,1
10604,55515,0.358,5,2527,66,0.563,3.94,72.5,83.0,0
10858,57772,0.466,5,1670,46,0.732,2.8,55.7,68.1,0
10609,55554,0.286,8,941,71,0.782,2.51,60.1,52.8,0
10382,53558,1.0,6,2575,60,0.841,3.93,66.4,58.5,1
10149,51396,0.49,5,6999,79,0.767,3.4,89.8,67.4,0
10027,50265,0.978,0,2763,64,0.716,3.51,87.0,66.3,0
10381,53548,0.261,4,8144,37,0.811,2.53,60.5,63.0,0
10680,56139,1.0,3,7601,50,0.711,4.04,79.7,59.8,1
10334,53070,0.936,6,6805,70,0.696,3.12,58.4,55.7,0
10545,55026,0.207,1,3740,39,0.772,3.11,54.1,30.0,0
10766,56930,0.397,7,5086,53,0.612,3.27,70.0,58.8,1
10420,53865,0.337,0,7576,46,0.947,2.9,61.7,46.3,0
10903,58127,0.575,3,2945,65,0.687,3.84,88.4,76.0,0
10260,52401,0.758,5,8427,56,0.735,4.02,82.7,84.9,1
10784,57091,0.593,0,1524,51,0.591,3.01,64.7,51.0,0
10399,53712,1.0,4,5080,56,0.7,3.38,73.1,74.3,0
10025,50247,1.0,5,4600,55,0.696,2.74,60.3,81.2,0
10173,51595,0.213,3,1798,28,0.914,1.95,34.9,30.8,0
10163,51530,0.706,6,1454,64,0.637,3.99,81.3,87.6,1
10799,57244,0.206,4,1685,52,0.751,1.79,49.3,43.8,0
10096,50924,0.384,5,4513,84,0.573,4.73,69.7,91.6,1
10801,57259,0.316,2,6474,33,0.645,1.14,38.5,35.2,0
10468,54365,0.92,4,6413,55,0.805,3.15,60.4,31.5,0
10069,50670,1.0,8,7596,55,0.618,3.99,73.0,84.0,0
10387,53605,0.196,4,8145,56,0.822,2.69,57.4,55.3,1
10554,55109,0.098,3,7550,26,0.962,2.15,41.2,35.4,0
10207,51911,1.0,1,7098,64,0.637,3.95,71.9,73.9,0
10757,56842,0.305,3,4292,44,1.0,2.63,47.7,59.8,0
10571,55249,1.0,2,8996,42,0.657,1.97,66.1,37.8,0
10427,53959,0.444,9,1595,60,0.657,3.99,74.4,47.6,0
10619,55644,0.689,3,5599,52,0.912,3.56,68.7,52.1,0
10292,52697,0.86,8,905,61,0.503,3.81,83.8,86.0,0
10281,52592,0.249,2,2993,46,0.747,2.82,67.7,72.4,0
10194,51782,0.116,2,4892,32,0.861,1.5,22.8,26.7,0
10326,53014,1.0,6,4872,88,0.578,4.7,100.0,100.0,0
10250,52308,0.817,2,7006,43,0.795,2.48,67.1,61.7,0
10649,55859,0.995,1,2424,47,0.823,2.61,49.9,55.9,0
10397,53691,0.992,2,3145,27,0.764,2.22,32.6,28.2,0
10072,50688,0.268,4,8259,33,0.762,2.03,50.8,40.5,1
10065,50613,0.442,2,1836,77,0.838,2.58,65.4,49.6,0
10681,56150,0.513,3,8273,37,0.68,3.68,79.6,66.3,1
10346,53201,0.976,0,6690,68,0.472,4.28,70.1,89.9,1
10247,52268,0.403,4,8611,79,0.644,4.27,83.4,63.0,0
10975,58804,0.421,7,6765,57,0.811,2.11,48.6,42.7,0
10823,57449,0.804,3,4358,65,0.737,3.82,61.0,62.6,0
10205,51899,0.521,2,4296,51,0.638,3.94,79.0,70.7,1
10950,58578,0.316,4,3549,55,0.496,2.96,68.0,48.3,0
10687,56212,0.915,1,6378,21,0.747,2.52,31.4,8.5,1
10026,50259,0.515,4,2501,41,0.796,1.94,48.3,26.0,0
10315,52925,0.908,1,5253,50,0.6,2.56,59.3,43.7,0
10535,54944,1.0,3,3882,66,0.666,3.78,84.6,87.2,1
10305,52823,1.0,6,5369,50,0.761,3.1,58.8,68.5,0
10361,53340,0.461,6,3531,89,0.541,3.55,75.9,90.5,0
10379,53526,0.959,1,7512,69,0.657,3.94,73.1,54.6,1
10492,54564,0.786,4,1934,62,0.762,3.14,59.4,62.5,0
10581,55330,1.0,4,7236,64,0.71,3.36,81.2,81.0,0
10568,55224,0.381,3,6561,82,0.407,4.02,87.8,83.9,1
10248,52286,0.233,3,7232,15,1.0,2.31,40.8,50.9,1
10502,54655,1.0,6,1106,87,0.725,3.9,67.1,77.1,0
10889,58013,0.168,3,4724,78,0.728,3.61,79.1,100.0,0
10050,50485,1.0,4,3272,80,0.612,3.7,100.0,91.0,0
10243,52212,1.0,7,4196,63,0.76,3.71,66.0,79.1,0
10594,55417,0.339,4,2291,57,0.656,3.39,64.2,75.8,1
10787,57129,0.083,1,5858,30,0.845,2.45,28.3,19.0,0
10277,52556,1.0,6,4400,50,0.796,2.03,49.7,49.5,1
10000,50008,0.427,3,2106,39,0.753,2.53,49.4,53.5,0
10394,53658,0.658,9,1108,64,0.732,3.98,72.2,78.5,0
10914,58240,1.0,7,8260,61,0.799,3.79,88.6,60.3,1
10529,54875,0.637,3,5710,41,0.833,2.34,56.0,55.1,1
10472,54403,0.3,7,8226,41,0.848,3.59,69.9,52.6,1
10608,55547,1.0,5,8869,56,0.81,1.82,48.1,40.8,1
10876,57909,0.607,0,4432,15,0.766,1.69,42.4,32.9,0
10262,52427,0.571,5,6459,58,0.762,3.28,71.1,67.0,1
10196,51815,0.473,1,5908,38,0.794,1.94,41.5,41.5,1
10959,58662,0.114,1,2281,25,0.756,1.29,33.6,56.5,0
10247,52275,1.0,3,8588,66,0.569,4.89,81.5,71.6,1
10106,51012,0.124,4,5973,64,0.826,3.35,58.2,76.9,1
10879,57934,0.447,4,6031,62,0.558,2.96,67.5,56.2,0
10113,51068,0.881,3,5687,61,0.618,4.09,69.0,55.4,1
10215,51992,1.0,5,4805,50,0.861,3.29,79.9,67.4,1
10429,53971,0.449,0,2340,67,0.563,4.03,69.4,65.4,0
10903,58128,1.0,6,4140,61,0.705,4.26,100.0,85.1,0
10652,55880,0.527,6,8190,35,0.788,2.49,31.9,48.7,1
10770,56980,1.0,3,1073,54,0.587,3.58,81.0,81.6,1
10488,54543,0.386,3,2152,51,0.657,3.26,77.0,49.6,1
10930,58391,1.0,1,3283,37,0.717,2.28,53.1,30.5,0
10420,53868,0.347,3,5169,36,0.826,2.39,62.6,47.1,0
10939,58475,0.474,3,2864,58,0.77,3.5,79.1,63.2,0
10330,53049,0.298,7,5937,64,0.739,3.74,89.5,100.0,1
10082,50782,0.584,6,8407,67,0.552,2.92,50.5,53.1,0
10290,52676,1.0,2,6864,33,0.79,2.2,38.5,43.6,0
10189,51750,1.0,4,3938,57,0.758,2.82,54.2,40.2,0
10302,52792,1.0,0,2212,35,0.931,2.23,44.8,38.1,1
10634,55775,0.28,0,3211,41,0.81,1.86,64.6,42.4,0
10540,54980,0.349,7,2505,90,0.659,4.69,99.3,89.7,0
10116,51092,0.697,2,2977,86,0.59,4.01,89.6,81.0,0
10750,56780,0.539,4,1538,30,1.0,1.68,39.0,20.7,1
10500,54628,1.0,3,6626,52,0.983,2.74,43.8,41.5,1
10251,52325,0.996,3,3744,48,0.659,3.01,75.7,48.0,0
10883,57951,1.0,1,2271,45,0.847,2.75,42.7,36.8,1
10548,55056,1.0,4,4528,30,0.767,2.14,34.7,58.7,0
10283,52609,0.113,5,5220,40,0.654,2.04,49.3,49.1,0
10892,58028,0.135,0,8795,49,1.0,1.9,48.0,39.6,0
10249,52291,1.0,0,1721,66,0.772,4.07,72.9,82.3,0
10187,51728,0.639,4,4476,76,0.472,3.44,91.6,74.8,0
10064,50611,0.984,1,6591,22,0.927,2.79,61.6,45.4,1
10503,54667,0.972,5,7642,58,0.576,2.65,57.6,76.4,1
10970,58751,1.0,4,6587,72,0.709,4.29,88.2,75.4,1
10034,50344,0.787,3,5886,65,0.705,3.81,79.0,75.5,1
10759,56861,0.569,2,3055,33,0.815,2.67,65.2,44.7,0
10843,57638,1.0,3,3836,26,0.737,1.77,35.8,38.6,1
10404,53751,0.823,4,3249,49,0.615,3.37,60.4,62.0,0
10805,57302,0.325,6,1380,75,0.726,4.53,73.7,97.3,0
10927,58375,0.193,2,2127,60,0.765,2.74,75.1,52.5,0
10349,53216,0.84,3,7018,67,0.766,3.52,92.7,81.0,0
10010,50098,0.402,3,5253,32,0.695,2.14,56.7,39.8,0
10917,58272,0.944,4,6434,47,0.766,2.44,51.5,32.6,1
10562,55177,1.0,3,7122,53,0.758,3.17,54.8,66.2,1
10163,51538,0.281,2,6764,49,0.577,3.92,85.3,92.3,1
10386,53589,0.089,5,2583,31,0.797,2.24,57.4,33.3,0
10723,56536,0.973,4,6764,54,0.674,3.29,68.8,48.2,1
10394,53649,0.266,7,2421,63,0.738,4.1,61.5,77.8,0
10861,57796,0.838,2,6481,75,0.472,4.24,90.0,100.0,0
10673,56074,1.0,5,1971,66,0.445,3.6,78.4,63.3,1
10161,51518,1.0,4,5754,71,0.579,4.23,83.4,82.6,1
10549,55062,1.0,3,6385,40,0.896,2.36,54.4,31.2,0
10933,58413,0.974,2,3235,41,0.667,2.62,44.2,53.3,0
10500,54625,1.0,1,8667,33,0.806,1.89,39.7,52.9,1
10458,54273,0.071,10,8956,32,0.804,2.26,43.0,33.6,0
10395,53670,0.994,2,3266,50,0.835,2.11,43.3,48.8,1
10639,55801,0.246,8,7659,50,0.819,3.11,72.7,65.6,0
10230,52091,1.0,3,3592,68,0.754,2.98,62.7,51.8,0
10059,50573,0.514,0,6190,35,0.845,2.21,48.0,32.2,0
10953,58603,0.979,5,8022,60,0.638,3.19,85.7,75.6,1
10822,57425,0.4,5,8472,70,0.702,3.6,82.3,73.6,0
10903,58129,1.0,5,8675,73,0.743,4.05,92.1,79.7,1
10333,53063,0.487,1,8928,39,0.712,2.01,59.6,30.7,0
10689,56222,0.998,0,3322,33,0.979,1.84,27.8,10.7,0
10795,57204,1.0,5,5018,51,0.502,2.65,67.3,72.3,1
10922,58321,0.839,3,4841,74,0.44,3.06,83.9,59.2,0
10808,57318,0.328,8,4238,64,0.533,2.89,76.8,79.7,0
10798,57239,0.677,4,8849,47,0.511,2.97,43.2,65.7,1
10479,54480,0.269,1,5850,49,0.751,2.58,53.0,63.8,0
10536,54949,0.428,4,4290,60,0.83,2.24,72.5,56.7,0
10037,50371,0.959,10,3323,63,0.772,3.69,78.7,80.3,1
10210,51939,1.0,7,4136,77,0.643,2.3,54.6,26.8,1
10909,58195,0.904,6,4805,51,0.699,2.85,73.8,54.3,1
10189,51754,0.339,1,8409,50,0.788,3.06,54.9,56.2,0
10395,53671,1.0,2,3498,48,0.909,1.63,36.3,50.0,0
10394,53653,1.0,2,5699,73,0.745,4.39,68.0,69.1,1
10566,55202,0.232,2,6971,41,0.721,2.91,56.8,62.3,1
10255,52362,1.0,3,8564,49,0.82,2.65,57.3,50.4,0
10457,54261,1.0,6,7342,75,0.761,3.95,90.3,74.9,0
10596,55433,0.524,2,7150,68,0.651,3.75,68.9,66.2,0
10541,54992,0.348,1,3044,33,0.677,2.25,45.8,39.0,0
10709,56391,0.701,3,4042,16,0.812,1.87,43.9,37.5,0
10944,58514,0.867,7,6924,68,0.458,4.21,94.1,100.0,1
10402,53738,1.0,3,3588,64,0.818,2.89,62.9,56.9,0
10669,56044,0.968,1,4457,33,0.732,1.98,33.9,25.9,0
10749,56769,0.641,1,8900,31,0.611,2.59,46.7,41.1,1
10915,58244,0.181,4,5184,27,0.68,2.58,68.6,62.7,0
10613,55592,0.731,4,2069,60,0.613,3.43,74.6,60.0,0
10125,51172,1.0,5,5567,81,0.558,4.06,83.2,72.6,1
10708,56389,0.858,3,1529,56,0.742,3.85,64.4,66.3,1
10153,51423,0.56,6,8447,76,0.338,3.72,93.7,86.5,1
10942,58499,0.63,3,8472,66,0.696,4.2,85.2,68.7,1
10933,58414,1.0,6,1707,36,0.691,3.33,61.7,52.6,0
10715,56451,0.557,4,4626,53,0.568,2.77,67.5,66.0,0
10914,58239,0.944,5,1379,59,0.765,3.63,71.9,63.1,0
10091,50875,0.873,2,4848,46,0.702,3.15,77.7,90.8,0
10249,52298,0.617,3,4200,53,0.696,3.97,70.4,66.3,0
10287,52644,0.495,3,1863,32,0.658,2.13,41.0,40.2,0
10670,56052,1.0,7,3392,82,0.486,4.62,94.2,100.0,1
10186,51720,0.548,6,4575,71,0.58,4.17,85.1,83.2,0
10584,55348,0.516,1,8716,31,0.789,2.32,54.0,25.0,0
10656,55933,0.931,3,1725,79,0.492,4.13,91.1,97.9,0
10088,50841,0.49,4,7872,66,0.705,3.59,69.5,60.1,0
10992,58946,0.913,5,2794,44,0.884,2.17,44.0,41.8,0
10060,50582,1.0,6,4138,90,0.51,3.93,90.2,97.7,0
10020,50205,0.422,6,8253,45,0.603,3.17,82.3,73.8,1
10178,51642,1.0,4,3060,76,0.614,3.82,73.3,83.5,1
10218,52015,1.0,0,1736,34,0.586,2.32,48.1,49.0,1
10353,53254,0.389,2,3774,73,0.685,4.1,83.1,69.9,0
10672,56061,0.441,2,5607,57,0.787,2.26,58.7,42.2,1
10094,50906,0.886,3,4096,57,0.679,2.35,56.0,55.4,0
10066,50632,0.478,3,2106,42,0.712,2.97,55.1,73.2,0
10858,57765,0.73,2,8618,52,0.769,2.89,59.2,63.4,0
10802,57268,0.199,3,4903,66,0.638,2.51,64.9,56.5,0
10214,51975,0.401,5,6394,40,1.0,2.42,49.0,45.5,0
10015,50163,0.956,1,4590,52,0.811,2.16,58.1,51.4,1
10542,54999,0.332,6,1475,58,0.491,3.6,84.2,93.2,0
10741,56699,1.0,0,1107,28,0.768,2.95,48.8,64.2,1
10942,58503,0.613,7,4473,64,0.681,4.03,88.6,90.1,0
10693,56247,1.0,1,7464,49,0.98,2.83,76.2,65.7,0
10509,54714,1.0,2,3801,66,0.753,3.73,83.6,83.1,1
10091,50876,0.999,2,6026,61,0.661,3.28,75.1,95.2,0
10154,51432,0.876,4,3429,75,0.738,2.75,61.3,64.0,0
10501,54644,0.722,2,2762,31,0.798,2.23,60.1,39.2,0
10551,55081,0.915,5,6698,41,0.776,2.06,51.4,52.5,0
10636,55784,0.398,10,1871,79,0.622,3.34,55.8,50.5,0
10911,58216,1.0,5,5821,63,0.741,2.67,56.6,40.1,0
10679,56130,0.679,9,3181,82,0.594,4.54,85.7,96.7,1
10716,56466,0.616,4,4222,31,0.709,2.51,52.0,51.5,1
10927,58372,1.0,3,7155,58,0.768,3.35,75.7,43.6,1
10942,58493,0.414,8,1772,71,0.686,4.15,83.2,74.6,0
10309,52857,0.301,2,1534,24,0.884,2.37,48.3,15.8,0
10201,51862,0.476,4,1367,65,0.633,2.67,63.7,50.1,0
10288,52660,1.0,8,7450,70,0.687,3.17,86.8,69.5,1
10365,53385,0.491,5,6156,47,0.692,2.86,60.2,54.0,1
10954,58608,0.662,3,8102,44,0.701,3.19,73.9,62.2,1
10974,58799,0.489,6,8422,34,0.782,1.86,46.1,43.3,0
10719,56502,1.0,3,5812,44,0.613,2.77,50.7,37.2,0
10867,57855,0.708,3,5086,35,0.956,2.63,47.2,29.8,1
10510,54734,1.0,5,2840,56,0.9,2.86,60.9,59.5,0
10361,53332,0.416,6,7620,82,0.542,3.32,90.0,69.3,0
10991,58924,0.972,7,4615,47,0.715,2.99,66.0,43.6,0
10815,57372,0.378,4,1654,58,0.635,2.8,66.7,62.5,0
10757,56843,0.861,2,4244,56,0.821,3.33,38.6,47.4,0
10230,52097,0.265,2,6784,49,0.716,3.13,50.9,25.1,1
10217,52004,0.253,4,5813,86,0.684,3.56,77.1,65.6,0
10839,57596,0.451,7,6478,71,0.633,3.32,95.8,76.0,0
10739,56672,0.732,8,2830,58,0.599,4.2,69.0,50.4,0
10545,55018,1.0,5,3714,33,0.812,2.54,53.5,44.0,0
10056,50547,0.812,3,7828,39,0.86,1.88,49.3,32.9,1
10155,51450,1.0,4,1908,52,0.812,2.19,49.4,31.1,0
10949,58562,1.0,2,6008,50,0.653,3.01,54.2,51.5,1
10283,52611,0.918,2,2737,37,0.716,2.34,41.7,22.2,1
10205,51901,0.317,2,1689,57,0.723,3.51,67.5,67.1,0
10852,57713,1.0,5,5615,58,0.571,3.73,67.4,55.6,1
10298,52758,1.0,5,5798,59,0.568,2.98,53.1,52.6,0
10203,51886,0.394,2,1176,55,0.748,3.3,88.1,76.8,0
10980,58843,0.961,3,2802,40,0.632,2.61,57.9,40.6,0
10630,55739,0.735,1,8745,44,0.741,1.86,43.4,30.7,0
10822,57426,0.482,2,8291,51,0.615,4.46,83.8,71.1,0
10653,55891,0.612,4,6131,49,0.838,3.34,65.5,65.2,1
10231,52098,0.315,5,5054,37,0.693,3.12,54.6,42.3,1
10925,58357,0.284,2,8087,56,0.658,3.28,78.3,67.8,0
10624,55693,0.822,0,7034,28,0.987,2.28,54.6,41.9,0
10051,50500,0.153,4,2225,64,0.885,2.6,47.1,40.9,0
10617,55625,0.794,5,1420,60,0.587,3.18,63.8,67.0,0
10088,50837,0.307,4,3878,46,0.729,3.44,54.3,52.7,0
10373,53472,0.934,4,8402,56,0.731,2.26,55.1,44.6,0
10507,54698,0.92,3,5588,39,0.95,2.46,44.1,40.6,1
10861,57793,1.0,6,2261,72,0.487,4.25,74.0,100.0,0
10238,52172,1.0,4,935,80,0.709,3.69,92.9,91.1,1
10920,58302,0.722,3,5851,42,0.829,2.25,63.9,49.0,1
10622,55679,0.207,0,2789,64,0.716,3.6,79.1,68.6,0
10916,58256,1.0,5,6327,57,0.776,3.21,85.5,64.8,1
10040,50399,1.0,4,7444,58,0.5,3.22,74.0,58.9,1
10217,52011,1.0,6,1652,79,0.603,3.25,69.8,69.3,0
10561,55167,0.844,0,7380,45,0.62,3.49,51.1,49.4,1
10651,55872,1.0,3,2148,73,0.921,3.53,72.4,65.1,1
10976,58814,0.198,5,1567,52,0.815,3.06,53.6,60.7,0
10138,51284,0.185,1,7646,55,0.805,2.76,59.4,45.3,0
10763,56919,0.985,6,4853,60,0.683,3.93,81.4,76.3,1
10790,57168,1.0,7,4564,64,0.693,3.06,70.9,61.5,0
10456,54257,0.413,4,8360,47,0.746,2.62,70.7,85.4,0
10199,51837,0.101,1,6729,51,0.728,1.85,58.3,73.8,0
10901,58119,0.412,1,5073,51,0.777,2.71,54.8,38.8,0
10107,51020,0.973,3,5693,18,0.962,2.47,38.1,25.2,1
10784,57095,0.283,5,8701,56,0.527,2.64,71.6,69.5,0
10142,51327,0.617,2,5139,66,0.726,3.36,48.4,33.6,0
10759,56856,0.723,2,2915,44,0.754,2.56,58.3,50.5,0
10048,50476,0.437,2,6514,29,0.999,1.24,37.8,42.8,0
10304,52811,1.0,6,2775,72,0.681,3.86,92.7,74.2,0
10813,57361,1.0,1,2959,26,0.922,1.12,52.2,23.5,0
10179,51652,0.812,7,4768,44,0.777,2.71,61.4,58.7,0
10957,58649,0.329,6,4522,57,0.638,3.22,88.8,72.1,0
10125,51170,0.887,4,6453,78,0.549,3.58,77.4,82.1,0
10274,52529,0.341,2,2777,39,0.787,2.64,63.1,38.2,0
10129,51207,0.643,4,8400,44,0.809,2.25,49.1,53.1,0
10706,56378,0.926,4,5177,46,0.752,2.82,42.8,52.3,1
10600,55470,0.967,8,1934,69,0.622,3.39,82.4,74.5,0
10971,58775,0.919,2,4422,65,0.901,2.54,65.1,64.9,0
10833,57539,0.906,3,2551,38,0.697,1.81,44.3,40.1,0
10685,56195,0.534,3,4817,40,0.807,1.44,41.7,22.9,0
10091,50868,0.376,3,4613,58,0.619,2.88,80.4,89.1,0
10323,52975,0.802,8,7720,67,0.666,4.09,85.7,77.0,1
10570,55237,0.62,5,4134,50,0.659,3.37,61.5,55.4,0
10552,55094,0.342,0,2235,65,0.583,3.08,85.3,59.9,1
10596,55434,0.269,6,7881,62,0.682,3.47,71.8,55.9,0
10056,50542,0.513,1,3915,37,0.781,1.84,37.3,32.7,0
10565,55196,0.435,8,1282,49,0.7,3.09,66.8,55.6,0
10120,51133,0.52,2,1899,59,0.759,3.62,74.9,55.8,1
10981,58857,0.665,3,8955,70,0.705,3.63,60.3,49.1,0
10854,57725,0.621,5,5264,48,0.757,3.41,93.3,78.3,0
10931,58398,1.0,3,7391,81,0.769,3.68,85.1,72.8,1
10365,53391,0.359,4,6434,59,0.584,2.52,66.6,59.0,0
10944,58513,1.0,2,7087,75,0.426,4.0,93.3,100.0,1
10320,52963,0.338,12,3638,82,0.502,4.53,84.3,76.8,0
10447,54156,0.133,3,6749,62,0.74,3.26,56.3,48.0,0
10354,53260,0.976,3,7139,57,0.717,2.89,71.2,66.8,0
10668,56035,0.475,2,2657,53,0.627,3.42,68.4,62.1,0
10994,58963,1.0,5,2979,49,0.672,3.59,65.1,59.2,0
10992,58945,0.312,4,1880,34,0.898,1.8,64.5,40.8,1
10280,52584,0.156,4,5004,28,0.841,2.79,43.4,38.4,0
10304,52814,0.237,2,5963,67,0.607,4.01,97.7,74.2,1
10839,57599,0.998,6,4420,72,0.582,2.88,100.0,83.5,0
10318,52948,1.0,3,5159,71,0.758,3.34,80.3,74.9,1
10562,55175,0.457,0,6330,46,0.715,3.66,63.6,63.8,0
10747,56758,0.926,2,4021,57,0.582,3.19,70.8,55.8,1
10385,53587,0.337,1,6863,48,0.802,2.67,54.6,61.7,0
10920,58299,0.92,2,1851,40,0.843,2.71,40.6,48.5,0
10712,56425,0.706,4,3881,52,0.727,3.01,72.1,59.4,0
10278,52564,1.0,6,5769,63,0.709,2.8,56.1,73.0,1
10285,52631,0.314,4,5301,82,0.53,3.61,84.0,100.0,1
10866,57842,0.475,3,2370,56,0.552,3.54,82.9,86.5,0
10746,56754,1.0,7,2311,68,0.747,3.69,82.5,62.7,0
10547,55037,0.947,3,3914,46,0.662,3.16,57.8,57.9,0
10114,51081,0.411,2,1079,67,0.832,2.91,74.0,83.8,0
10458,54284,0.43,9,6071,24,0.843,2.19,41.7,39.5,0
10737,56634,1.0,0,976,60,0.593,4.15,74.5,77.3,0
10229,52086,0.378,3,5837,41,0.657,2.76,38.9,55.8,0
10265,52453,1.0,1,4351,66,0.775,3.02,59.1,48.2,0
10539,54967,0.248,2,2538,46,0.568,3.23,67.0,48.1,0
10219,52024,0.811,4,6585,56,0.62,2.45,58.7,38.3,0
10718,56488,0.413,3,6166,61,0.661,2.8,63.6,48.4,0
10885,57976,0.406,2,6695,47,0.633,3.98,62.2,55.7,0
10981,58862,0.52,3,3295,49,0.738,3.57,70.8,51.1,0
10023,50227,1.0,2,2227,37,0.712,2.86,46.7,46.9,1
10106,51014,0.897,4,5966,65,0.808,3.29,66.6,60.1,0
10209,51930,0.689,7,4000,59,0.55,3.3,73.4,69.8,0
10764,56924,0.53,4,8877,42,0.785,2.47,48.7,21.3,0
10572,55252,0.413,5,8649,65,0.624,2.76,99.5,60.3,1
10150,51405,1.0,2,1994,41,0.779,2.26,60.1,45.8,0
10239,52180,0.865,3,5058,74,0.529,4.25,73.3,67.6,1
10074,50698,0.983,7,4990,76,0.689,3.97,78.5,81.6,0
10119,51125,0.166,2,3020,26,0.781,2.6,53.3,41.0,0
10423,53896,1.0,5,7802,55,0.607,3.87,84.6,84.2,1
10736,56623,1.0,5,8798,70,0.714,3.17,71.7,57.5,1
10554,55111,0.225,2,4676,27,0.932,1.67,33.4,47.5,0
10193,51779,0.257,3,2995,57,0.837,3.34,76.4,74.1,0
10695,56265,1.0,6,5002,69,0.491,3.76,80.6,71.4,1
10285,52635,0.399,5,5976,80,0.55,4.52,98.3,96.8,1
10375,53490,1.0,2,6450,49,0.616,3.2,81.4,61.0,1
10740,56691,1.0,3,6272,33,0.728,2.27,60.3,53.6,1
10109,51038,1.0,2,5018,53,0.67,1.93,53.0,45.3,1
10674,56094,0.61,7,8990,62,0.696,2.89,69.3,69.1,1
10246,52257,0.277,4,6005,47,0.595,3.11,49.4,54.7,0
10729,56577,1.0,3,4899,44,0.829,2.78,68.2,54.7,1
10284,52614,1.0,1,8690,45,0.649,3.88,71.1,65.0,1
10031,50314,1.0,4,901,77,0.461,4.29,87.1,75.0,0
10288,52650,0.384,5,2395,57,0.638,3.48,79.4,68.3,0
10248,52282,0.934,0,5883,30,0.833,2.07,43.0,43.4,1
10776,57031,0.74,1,2251,55,0.76,2.81,47.2,61.9,1
10275,52548,0.805,2,4402,55,0.933,3.29,87.5,69.9,1
10604,55513,0.745,6,1113,64,0.64,3.61,66.8,95.9,0
10557,55133,0.146,5,4857,60,1.0,2.41,41.1,37.6,0
10237,52160,1.0,3,8691,46,0.768,3.24,62.8,50.9,1
10342,53138,0.204,1,7902,48,0.699,2.71,59.9,57.4,0
10903,58139,0.457,7,1328,79,0.685,4.48,87.2,80.6,0
10648,55851,0.972,2,4349,62,0.907,2.37,48.7,46.9,0
10429,53968,0.432,6,4191,66,0.519,3.05,70.1,71.3,0
10153,51429,1.0,3,3663,76,0.457,3.95,91.9,94.8,1
10769,56968,1.0,8,6684,62,0.806,3.14,71.5,75.8,0
10272,52521,0.889,1,5248,42,0.709,1.79,33.2,29.6,1
10698,56307,0.452,4,2647,21,0.943,2.83,46.5,59.1,0
10784,57097,1.0,4,7770,55,0.454,2.9,63.6,65.7,1
10800,57250,0.75,4,6317,72,0.785,3.46,86.7,55.0,0
10814,57365,0.429,2,4121,53,0.73,3.44,60.0,52.2,0
10615,55603,0.484,4,1951,54,0.716,3.42,73.6,57.4,0
10984,58883,0.504,5,1482,38,0.762,2.46,36.6,58.7,0
10046,50449,1.0,5,5397,65,0.661,3.9,65.6,74.8,1
10971,58779,0.536,4,1132,49,0.671,2.99,66.2,76.0,0
10138,51285,0.451,2,3547,69,0.893,2.99,56.2,61.8,0
10663,55996,0.379,2,6178,56,0.858,3.13,67.5,54.6,1
10401,53728,0.317,3,7779,78,0.737,4.1,85.0,79.6,0
10037,50362,0.382,5,3415,74,0.694,4.28,89.0,64.1,0
10569,55231,0.41,1,2852,30,0.908,2.53,49.8,36.5,0
10991,58938,0.852,4,5307,59,0.659,3.15,44.9,67.8,1
10862,57808,0.516,9,4048,74,0.64,4.33,85.7,92.6,0
10656,55927,0.451,4,4463,51,0.503,5.0,84.9,91.7,0
10559,55150,1.0,7,5516,73,0.64,4.12,97.9,90.8,0
10266,52461,0.972,4,3605,61,0.443,2.93,71.5,69.9,0
10001,50023,0.478,4,4403,54,0.662,2.93,52.9,52.5,0
10225,52067,0.829,1,5537,31,0.808,2.5,38.4,31.5,1
10179,51654,0.372,6,1339,56,0.812,2.84,52.1,59.9,0
10074,50703,1.0,2,2497,59,0.646,3.92,69.6,75.5,0
10976,58812,1.0,3,2829,54,0.868,3.79,54.6,62.4,0
10297,52744,0.516,4,2505,61,0.589,3.06,81.7,64.2,0
10147,51377,0.597,6,4477,67,0.553,3.41,76.0,76.1,0
10884,57964,0.856,6,8631,68,0.54,3.8,83.9,79.0,1
10266,52469,1.0,5,6970,48,0.466,2.5,79.9,58.2,1
10404,53755,0.793,6,4446,61,0.569,3.9,50.2,53.9,1
10251,52326,1.0,4,7812,58,0.781,3.06,68.9,59.6,0
10047,50461,1.0,3,6924,61,0.61,4.14,80.1,77.8,0
10561,55164,0.857,3,4081,44,0.75,3.35,62.7,41.1,0
10449,54184,0.536,5,8706,50,0.574,2.76,58.9,47.3,1
10894,58040,0.562,3,2667,74,0.608,3.07,61.6,49.0,0
10439,54083,0.538,3,3155,39,0.706,2.27,54.9,37.9,0
10158,51487,0.426,4,6023,52,0.711,3.07,76.9,69.7,0
10396,53679,1.0,7,923,49,0.508,2.63,70.3,59.2,0
10028,50283,0.354,4,4834,30,0.78,3.33,59.1,73.1,1
10491,54559,0.636,5,6565,62,0.657,2.18,60.1,53.5,1
10463,54309,0.897,3,7263,30,0.919,2.5,51.4,39.3,0
10528,54866,0.547,7,8671,49,0.655,2.98,58.2,87.0,0
10380,53538,0.804,4,3091,49,0.659,2.89,84.4,42.8,0
10762,56901,0.395,6,3101,55,0.59,3.25,79.4,74.4,1
10280,52582,0.212,7,6254,37,0.78,2.6,54.3,39.6,1
10147,51369,0.547,4,3483,81,0.605,3.69,76.9,80.0,0
10944,58521,0.588,5,4944,70,0.505,4.71,100.0,95.0,0
10730,56592,0.63,1,5521,61,0.641,2.94,54.0,80.2,0
10062,50598,0.604,1,4935,15,0.817,1.94,43.8,30.3,1
10467,54352,0.42,7,7240,56,0.795,3.11,80.9,72.5,0
10884,57959,0.802,8,4547,65,0.596,3.66,83.2,89.7,0
10515,54759,0.408,5,5833,52,0.537,4.43,90.0,80.9,0
10067,50647,1.0,3,5430,56,0.655,3.07,71.8,58.0,0
10966,58730,0.354,3,6520,47,0.617,2.69,58.7,54.7,1
10665,56024,1.0,4,2837,47,0.54,3.5,61.3,60.8,0
10711,56401,0.779,4,8849,72,0.475,3.32,77.5,69.5,0
10373,53469,0.246,8,3760,60,0.776,2.95,59.9,46.0,1
10695,56274,0.5,5,2435,76,0.579,3.96,85.5,90.9,0
10324,52991,1.0,9,2755,67,0.579,3.54,77.8,73.5,0
10938,58467,0.656,5,4414,49,0.916,2.78,45.5,36.9,0
10529,54876,0.67,3,6597,37,0.808,2.07,54.1,41.5,0
10275,52545,0.163,3,3474,62,0.774,3.23,70.6,71.0,0
10803,57286,0.287,5,8324,65,0.628,4.39,76.9,77.7,0
10582,55342,1.0,4,7898,42,0.784,1.94,40.8,41.2,0
10792,57182,0.474,5,7685,47,0.663,4.16,72.3,66.2,0
10437,54067,0.924,5,1883,69,0.677,3.71,86.6,74.0,1
10432,53989,0.594,5,6490,65,0.808,3.28,72.7,45.1,1
10237,52161,1.0,4,1600,44,0.862,2.17,50.0,67.4,0
10072,50686,0.343,2,983,19,0.825,3.01,49.7,30.0,0
10764,56921,0.948,5,8887,37,0.733,1.98,42.6,23.9,0
10352,53244,0.67,3,5016,51,0.655,2.29,44.3,65.0,0
10779,57055,1.0,5,6325,52,0.566,3.3,58.8,58.0,0
10962,58684,0.309,4,6554,42,0.715,2.55,54.8,29.5,1
10838,57580,0.127,3,2437,34,0.841,2.66,49.6,25.6,0
10439,54084,0.601,4,7765,39,0.735,1.78,51.4,37.7,1
10306,52838,0.986,2,5623,91,0.717,3.15,66.7,68.2,1
10398,53698,1.0,4,6174,30,0.993,1.44,32.4,35.8,1
10535,54942,0.409,4,4164,72,0.743,4.04,71.1,67.2,0
10658,55947,0.044,3,5010,48,0.861,2.28,49.1,57.8,0
10493,54584,0.895,1,7953,39,0.723,1.91,25.9,40.1,1
10636,55785,0.301,4,8154,60,0.737,3.52,58.8,53.1,1
10435,54041,1.0,5,8609,47,0.608,3.24,83.6,75.8,1
10244,52231,0.88,2,2954,64,0.57,3.88,69.9,72.9,1
10789,57157,0.655,5,6598,63,0.531,3.57,87.2,73.4,0
10251,52321,0.441,4,7818,48,0.753,3.46,85.1,50.7,1
10530,54879,0.634,2,7407,51,0.67,3.34,81.9,58.8,1
10054,50522,0.699,4,6762,56,0.649,3.2,74.9,54.0,0
10054,50523,0.976,5,5264,61,0.797,2.93,75.2,57.6,1
10583,55346,0.739,2,4785,49,0.628,2.95,50.0,56.6,0
10844,57646,0.891,8,1831,60,0.605,3.73,67.5,58.9,0
10870,57882,0.997,1,3585,63,0.669,2.76,78.8,69.1,0
10870,57878,1.0,4,6027,65,0.726,3.19,69.2,59.9,1
10823,57444,1.0,4,3236,76,0.633,3.44,63.3,76.0,0
10082,50781,0.686,4,5503,46,0.588,2.64,53.5,70.8,0
10852,57714,1.0,4,5519,48,0.61,4.09,73.2,74.4,0
10737,56652,1.0,7,6089,41,0.506,3.77,81.0,75.9,1
10615,55608,0.288,3,8526,32,0.603,3.3,77.3,62.7,1
10661,55979,0.2,0,7995,37,0.871,1.85,38.8,23.6,0
10068,50652,0.727,1,7246,37,0.679,2.39,45.5,31.3,1
10916,58266,0.505,6,5732,44,0.732,3.04,79.0,73.9,0
10241,52197,0.981,7,1934,85,0.653,3.84,84.3,96.7,0
10832,57533,0.039,0,4904,15,1.0,1.88,27.2,22.3,0
10037,50370,0.462,2,1837,51,0.741,4.27,78.3,83.6,0
10713,56438,0.685,1,7696,39,0.502,2.28,59.0,57.3,1
10453,54215,0.406,3,8392,64,0.844,2.55,65.1,60.6,0
10038,50378,1.0,3,8368,41,0.66,2.65,60.8,67.2,1
10762,56902,0.645,7,7883,53,0.541,3.42,74.7,54.4,0
10243,52217,0.32,7,2581,68,0.716,3.67,73.8,75.8,0
10899,58094,0.124,0,3021,23,0.849,2.35,54.7,36.9,0
10175,51614,0.447,3,2205,67,0.606,3.48,80.8,93.4,0
10198,51828,1.0,1,1366,56,0.708,2.92,71.1,71.8,1
10392,53633,0.479,8,5708,67,0.781,2.79,71.8,52.0,1
10100,50963,0.471,1,8141,44,0.741,2.3,58.3,45.9,0
10324,52994,0.423,3,1070,73,0.541,3.05,70.0,76.2,0
10965,58706,0.374,1,2491,41,0.764,2.89,61.9,55.8,1
10825,57466,0.998,6,6772,53,0.652,3.35,61.7,59.3,1
10764,56926,1.0,1,4038,31,0.804,2.73,60.8,24.4,0
10036,50360,0.192,2,1605,41,0.827,1.83,43.1,25.1,0
10417,53840,1.0,6,1517,65,0.691,3.52,69.6,65.8,0
10728,56573,0.82,5,3397,32,0.752,2.64,39.5,29.4,1
10134,51247,0.685,4,3755,77,0.654,3.98,81.3,59.4,0
10758,56846,0.18,0,1464,42,0.738,2.16,56.9,50.7,0
10551,55088,0.939,3,7038,67,0.694,2.0,55.1,50.4,1
10397,53695,0.211,3,8658,31,0.838,1.96,42.8,37.3,1
10170,51574,0.416,2,6525,52,0.748,2.57,27.3,44.5,0
10696,56282,0.949,3,5864,42,0.66,2.0,44.7,50.1,0
10792,57188,1.0,3,1325,53,0.664,4.01,74.4,73.6,0
10278,52568,0.919,3,8542,51,0.662,2.56,62.4,60.1,0
10368,53424,0.127,1,5600,29,0.646,1.17,26.9,34.0,0
10221,52038,1.0,2,1123,58,0.72,2.69,60.8,52.3,0
10082,50773,0.364,2,8603,65,0.644,2.63,54.5,62.8,0
10589,55381,0.691,0,8470,30,0.998,1.79,20.3,27.9,0
10954,58610,0.485,1,4108,58,0.721,2.35,73.9,70.2,1
10383,53563,0.897,5,2934,61,0.675,2.8,70.8,34.9,1
10058,50563,1.0,7,1674,74,0.738,3.78,70.9,67.9,0
10275,52547,0.28,4,5431,67,0.879,3.39,74.1,66.1,0
10604,55511,0.297,5,8858,78,0.547,3.7,71.8,81.8,1
10581,55331,0.806,2,5378,58,0.656,3.25,81.9,60.3,0
10719,56505,0.783,3,8220,43,0.579,3.37,44.8,41.8,0
10486,54532,0.369,4,2446,58,0.656,3.06,45.6,63.0,1
10182,51675,1.0,4,1139,83,0.459,4.29,86.6,70.1,1
10037,50366,0.328,6,2964,50,0.682,4.22,83.4,79.7,1
10715,56449,0.46,2,8153,62,0.639,3.26,65.2,65.1,0
10704,56347,0.555,2,7730,73,0.564,3.15,73.6,53.7,0
10464,54328,0.387,4,4973,72,0.516,3.11,60.4,80.4,1
10014,50148,1.0,6,6822,36,0.481,4.25,87.5,84.2,1
10181,51669,0.179,3,4640,16,0.805,2.38,36.4,23.0,0
10335,53089,0.965,2,8310,48,0.609,3.2,46.8,62.4,1
10854,57727,1.0,1,4545,58,0.646,3.98,89.6,88.5,0
10041,50408,1.0,6,1116,61,0.618,3.24,70.9,74.8,0
10955,58625,1.0,3,3807,52,0.843,2.42,49.2,38.5,1
10371,53457,0.372,4,6300,38,0.769,2.6,52.2,62.2,0
10684,56187,0.522,3,4664,15,0.768,1.89,37.9,54.7,1
10449,54183,0.992,2,3354,31,0.768,3.06,51.5,49.6,0
10384,53577,1.0,4,1286,49,0.762,2.74,47.6,36.0,1
10355,53272,0.465,3,1335,38,0.679,2.21,50.2,44.4,0
10535,54941,0.354,1,8247,71,0.706,3.31,66.5,67.6,0
10109,51032,0.625,4,5948,37,0.763,2.24,41.1,32.5,0
10712,56429,1.0,3,7442,52,0.636,3.02,64.1,76.1,1
10877,57913,1.0,4,7374,54,0.769,3.05,71.8,78.7,1
10979,58831,0.545,2,7200,64,0.705,3.83,84.3,70.3,0
10090,50856,1.0,7,6098,53,0.583,3.2,66.8,43.6,0
10424,53927,0.613,8,2917,58,0.705,3.71,78.1,87.4,0
10006,50079,1.0,1,8871,37,0.747,3.7,67.7,53.2,1
10245,52248,1.0,4,4903,77,0.624,4.05,99.1,94.8,0
10801,57262,0.372,2,3141,31,0.836,0.93,38.0,37.5,1
10994,58957,0.609,3,4107,63,0.603,3.49,72.2,57.3,0
10954,58613,0.508,6,8482,72,0.685,3.2,80.0,63.6,0
10909,58190,1.0,6,6111,45,0.6,2.52,76.2,54.3,1
10746,56752,0.483,5,4922,75,0.695,3.29,77.2,50.3,0
10083,50789,1.0,3,7249,77,0.733,3.22,62.6,51.7,1
10247,52280,1.0,5,8736,52,0.674,4.61,94.8,80.1,1
10441,54096,0.517,4,4965,31,0.551,2.14,38.2,36.0,1
10423,53898,1.0,5,5259,51,0.64,4.18,98.1,81.7,1
10709,56393,0.178,2,2297,31,0.822,2.22,37.7,26.2,0
10903,58134,1.0,4,4486,83,0.639,4.35,90.0,89.7,0
10943,58505,0.572,4,6122,88,0.698,3.69,67.7,54.3,0
10392,53632,1.0,4,8640,40,0.725,3.24,65.1,48.9,0
10967,58737,1.0,3,6171,43,0.602,3.28,60.4,32.3,1
10695,56273,1.0,8,1930,67,0.465,3.64,92.5,70.0,0
10042,50425,0.574,4,6138,37,0.783,2.06,61.3,60.1,1
10039,50393,0.327,1,2108,63,0.64,2.71,70.4,48.9,0
10808,57319,0.239,4,4144,72,0.648,3.67,79.7,73.2,0
10001,50017,0.532,6,7809,45,0.672,3.26,43.0,59.3,1
10808,57328,0.294,4,5884,66,0.624,4.36,89.8,81.0,0
10452,54201,1.0,1,7553,53,0.573,2.43,54.0,24.3,1
10290,52673,0.39,1,5649,21,0.836,1.99,58.2,44.2,0
10264,52445,0.117,2,2572,35,0.714,2.36,41.6,19.0,0
10775,57018,0.422,3,7682,49,0.826,2.26,68.4,43.7,1
10737,56635,1.0,3,4777,71,0.455,4.11,74.4,82.3,1
10375,53494,0.612,3,4309,72,0.659,3.01,79.4,65.6,0
10669,56045,0.875,1,8155,31,0.763,1.57,40.8,31.9,1
10156,51460,0.893,2,4793,48,0.593,2.07,51.0,57.6,0
10783,57082,1.0,1,2281,25,0.887,2.22,47.5,43.0,1
10788,57150,1.0,6,8690,66,0.529,3.82,92.9,87.7,0
10736,56630,0.477,5,2856,62,0.696,3.28,76.0,58.4,1
10720,56517,1.0,4,1861,62,0.738,2.89,56.7,61.4,0
10416,53836,0.698,5,7032,50,0.606,2.34,39.7,46.4,0
10928,58381,0.858,5,1374,60,0.58,4.47,78.9,71.0,1
10623,55684,0.31,6,6884,51,0.76,2.81,69.8,50.7,0
10838,57581,0.29,0,4068,38,0.777,2.17,59.2,29.6,0
10645,55828,0.804,3,7206,36,0.624,1.95,67.5,62.0,1
10970,58774,1.0,4,1921,63,0.594,4.45,80.0,81.3,0
10509,54725,1.0,3,5440,70,0.719,3.86,88.4,80.0,1
10840,57603,1.0,5,2751,78,0.524,3.63,87.1,75.9,1
10652,55888,0.833,3,2081,57,0.744,2.28,45.4,35.9,0
10254,52356,0.473,3,7659,44,0.729,3.15,74.5,49.2,1
10668,56037,0.267,6,4742,53,0.587,4.33,65.9,82.4,0
10520,54799,0.543,1,5582,58,0.655,2.84,75.7,56.3,0
10264,52443,0.956,2,1783,38,0.743,2.72,33.5,7.9,0
10839,57598,1.0,4,2969,64,0.587,3.43,97.5,69.3,1
10494,54593,0.296,6,5862,59,0.695,3.01,67.2,58.3,0
10841,57620,0.363,5,5938,22,0.662,2.37,42.6,52.4,0
10048,50465,1.0,3,8332,20,0.971,1.86,43.4,30.0,1
10015,50164,1.0,3,2239,25,0.779,2.48,61.4,41.1,1
10923,58331,1.0,3,5832,51,0.601,2.81,70.1,45.3,0
10941,58490,1.0,5,8140,48,0.694,3.17,55.7,54.1,1
10907,58177,0.347,2,7655,49,0.658,3.03,69.9,45.3,0
10974,58800,1.0,2,7832,45,0.825,1.77,57.4,39.7,1
10025,50242,1.0,6,1754,55,0.604,3.35,58.9,74.4,0
10217,52010,0.789,0,7476,59,0.666,3.47,76.0,66.8,1
10704,56357,0.417,5,5448,60,0.578,2.93,71.3,44.9,0
10335,53085,0.968,4,7675,59,0.732,1.8,56.4,66.1,0
10687,56209,0.153,1,6001,30,0.687,2.03,34.0,27.4,1
10093,50901,0.787,3,1653,51,0.912,2.72,63.1,53.7,0
10607,55543,0.536,1,5120,66,0.447,4.15,100.0,82.3,0
10828,57494,0.285,2,8019,43,0.821,1.84,38.7,29.3,0
10846,57663,1.0,5,4560,81,0.602,3.97,86.7,80.5,1
10524,54838,0.939,6,1729,58,0.707,3.3,50.7,51.6,1
10249,52294,0.525,2,6449,68,0.66,3.66,85.3,75.7,0
10712,56418,0.442,2,8811,51,0.689,3.69,61.8,67.0,0
10480,54482,0.923,3,1478,39,0.783,3.36,53.6,51.4,0
10578,55303,0.325,9,5185,48,0.895,2.72,54.4,68.5,0
10497,54606,1.0,6,7379,66,0.626,4.37,83.9,77.8,1
10400,53717,0.539,2,8318,72,0.871,2.32,67.2,42.2,1
10903,58126,0.544,7,1052,78,0.787,3.95,83.6,87.5,0
10680,56141,1.0,3,7297,67,0.674,3.55,83.8,71.1,1
10192,51765,0.803,6,8729,57,0.714,2.94,76.5,60.1,0
10165,51550,0.719,2,8193,46,0.552,3.0,73.5,87.3,1
10328,53030,0.913,5,2280,53,0.648,2.47,62.7,34.3,0
10819,57402,0.712,5,1159,60,0.717,2.86,59.5,66.8,0
10698,56299,0.32,3,1153,45,0.704,2.78,55.3,63.7,0
10222,52045,0.205,3,5111,54,0.646,3.08,68.8,49.4,0
10081,50768,0.838,4,3667,57,0.749,3.27,63.4,60.9,1
10624,55694,0.937,2,6207,32,0.863,2.12,48.9,42.7,0
10160,51509,0.973,1,7674,33,0.593,3.22,55.0,55.4,1
10357,53303,0.957,4,6672,66,0.63,3.87,87.5,85.7,1
10484,54518,0.657,1,4798,71,0.759,2.53,67.1,61.7,0
10453,54220,0.198,2,8481,51,0.821,2.59,59.4,49.0,0
10903,58138,1.0,4,8374,67,0.722,4.01,90.6,85.4,1
10712,56426,0.922,5,3720,69,0.603,3.2,72.6,59.6,1
10357,53293,0.97,3,8948,62,0.66,3.52,81.2,69.3,1
10087,50820,0.416,6,7914,57,0.775,2.65,61.3,69.0,0
10150,51404,1.0,5,4239,36,0.79,2.34,62.8,36.5,1
10148,51383,1.0,5,2334,70,0.541,4.17,79.3,76.3,0
10236,52149,1.0,3,8980,64,0.708,2.93,56.4,46.7,1
10621,55672,0.253,3,7647,38,0.723,2.19,62.7,43.5,0
10178,51639,0.831,4,6442,69,0.538,3.7,87.1,75.5,0
10653,55892,0.427,2,6561,36,0.754,3.14,60.9,62.1,0
10063,50609,0.41,3,5845,40,0.809,2.58,37.0,23.7,0
10040,50400,1.0,6,7150,52,0.613,3.35,73.1,76.6,1
10711,56407,0.823,5,1610,83,0.558,4.03,76.8,69.8,1
10091,50883,1.0,2,6262,68,0.671,2.74,80.3,97.7,1
10384,53566,0.739,2,1375,38,0.843,2.37,44.1,53.8,0
10459,54286,0.265,2,1208,50,0.605,3.69,81.6,45.1,0
10126,51180,0.922,1,4065,15,1.0,1.64,37.3,5.3,1
10597,55449,1.0,8,8209,90,0.59,4.3,74.6,67.9,1
10456,54245,0.347,2,4364,61,0.721,3.0,69.0,79.6,0
10568,55219,1.0,5,5280,69,0.662,3.48,87.9,84.9,1
10904,58149,0.635,2,8871,90,0.464,3.93,83.2,90.7,0
10235,52131,0.735,2,1380,25,0.996,1.75,43.6,44.6,0
10550,55079,0.489,11,1050,70,0.761,3.78,78.9,63.9,0
10047,50457,1.0,5,5910,59,0.667,3.92,75.9,75.7,1
10934,58420,1.0,3,1747,33,0.764,1.83,50.6,49.1,0
10562,55176,0.597,4,7906,49,0.76,2.9,51.8,71.6,0
10211,51951,0.122,2,6319,20,0.71,2.36,28.5,37.5,0
10586,55373,0.124,1,5137,36,0.856,2.22,30.3,48.5,0
10073,50690,0.375,3,1077,61,0.768,3.2,70.1,48.8,0
10855,57741,1.0,7,4366,101,0.623,3.85,74.6,83.8,0
10980,58841,0.36,3,6250,35,0.743,1.69,46.9,44.8,0
10212,51954,0.264,3,5144,56,0.523,2.44,45.2,56.5,0
10618,55637,0.706,4,3562,29,0.876,2.16,51.5,22.5,0
10770,56970,1.0,4,4716,54,0.498,3.47,84.2,73.9,0
10294,52711,0.138,5,5461,23,0.995,1.97,50.8,41.9,1
10929,58389,0.706,3,2425,39,0.643,2.63,36.9,28.5,0
10803,57278,0.935,1,4232,77,0.652,4.06,76.1,63.5,0
10466,54350,1.0,1,2947,81,0.772,4.51,95.7,90.8,1
10446,54139,1.0,1,4458,53,0.751,3.35,56.9,73.0,1
10203,51885,1.0,4,2970,45,0.599,3.83,73.7,79.3,0
10816,57379,0.933,1,6131,33,0.611,2.32,47.5,29.3,1
10481,54486,1.0,7,4926,57,0.644,4.28,98.1,88.3,0
10268,52495,0.33,5,1964,45,0.806,3.07,64.0,61.1,0
10772,56996,1.0,5,1183,62,0.555,3.05,75.8,69.2,1
10329,53037,0.998,5,4260,65,0.685,3.23,59.5,60.7,0
10635,55778,0.837,5,4479,40,0.742,2.29,55.8,42.9,1
10387,53604,1.0,3,8206,49,0.791,2.54,52.5,64.5,1
10089,50846,0.967,7,4401,62,0.749,3.13,79.6,65.9,0
10056,50543,0.295,3,901,46,0.88,2.07,44.8,45.7,0
10400,53725,0.747,5,7719,47,0.772,2.18,70.4,53.2,0
10450,54188,0.361,7,7380,43,0.871,2.11,43.2,15.3,1
10396,53680,0.487,5,7654,51,0.601,2.88,58.7,53.1,0
10862,57819,0.975,4,6366,71,0.51,3.54,76.6,85.6,0
10673,56076,1.0,2,4235,58,0.518,3.71,83.6,62.3,1
10737,56638,0.802,2,8166,54,0.592,4.27,77.2,79.2,1
10909,58197,0.117,4,7794,61,0.641,2.23,72.7,53.5,0
10744,56741,1.0,10,3207,52,0.7,4.19,90.2,76.0,1
10322,52965,0.379,1,3682,50,0.694,2.51,40.7,36.8,0
10274,52530,0.21,4,6836,27,0.77,3.0,57.4,40.6,1
10634,55773,0.61,1,942,38,0.925,2.26,51.8,50.7,0
10110,51049,0.693,7,6018,73,0.799,3.19,62.0,75.2,1
10212,51961,0.728,1,7223,55,0.515,2.73,70.4,59.2,1
10274,52531,1.0,6,4884,43,0.882,2.81,49.1,52.5,1
10871,57891,1.0,4,4279,48,0.653,3.04,55.6,64.5,0
10024,50238,0.323,4,5347,61,0.789,3.57,62.5,72.2,0
10533,54918,1.0,1,7437,44,0.789,3.31,69.5,63.9,1
10717,56480,1.0,6,5258,69,0.6,3.58,64.7,65.1,0
10120,51134,0.682,4,1162,80,0.824,3.76,78.6,57.9,0
10655,55902,0.302,8,1569,60,0.632,2.86,69.5,84.5,0
10900,58098,1.0,5,2965,84,0.759,3.46,88.9,80.8,0
10457,54260,0.385,5,7436,58,0.706,3.66,95.4,77.5,1
10987,58892,0.631,4,4167,69,0.85,2.88,63.5,56.4,0
10996,58983,0.955,1,3305,22,0.835,2.27,33.5,27.5,1
10800,57248,0.218,3,7835,79,0.809,3.2,89.6,59.4,0
10814,57366,0.858,4,5650,30,0.734,3.11,63.2,46.2,0
10620,55657,0.611,3,7882,50,0.777,2.89,73.6,44.3,0
10994,58952,1.0,2,8291,46,0.623,3.52,64.1,49.7,1
10869,57868,0.717,1,2652,53,0.829,1.65,62.2,55.6,0
10655,55908,0.672,4,4121,71,0.582,2.93,62.0,65.0,1
10323,52979,0.806,6,8557,73,0.69,4.09,99.6,85.3,1
10856,57753,0.287,1,2435,67,0.483,3.51,71.5,78.2,0
10606,55525,0.359,4,7501,70,0.706,3.32,63.2,76.1,0
10832,57534,0.078,2,7314,15,1.0,1.21,24.7,16.6,1
10736,56626,0.298,3,5868,67,0.658,3.11,75.0,52.1,0
10805,57309,0.268,6,1986,74,0.615,4.55,82.9,98.7,1
10423,53920,0.348,6,2263,65,0.645,3.74,100.0,81.4,1
10342,53139,1.0,1,5136,40,0.786,2.09,53.1,70.3,1
10939,58476,0.992,5,4945,68,0.702,3.41,81.0,59.8,1
10637,55790,0.188,6,6600,54,0.641,2.78,67.2,58.9,0
10438,54074,0.517,7,5553,65,0.676,3.29,68.9,59.5,0
10357,53288,0.746,6,6434,63,0.697,3.11,80.1,78.1,0
10350,53230,0.861,1,6844,35,0.58,2.99,65.6,59.9,0
10198,51827,0.993,3,7205,38,0.727,2.91,70.8,66.3,1
10608,55549,0.494,3,8229,42,0.825,1.84,60.5,30.7,0
10061,50594,0.725,0,5767,18,0.847,1.31,36.7,18.2,1
10296,52726,1.0,6,7079,71,0.463,4.23,74.3,72.4,1
10446,54138,0.391,4,4448,44,0.783,2.96,52.2,73.6,0
10058,50561,1.0,10,8171,63,0.63,3.1,73.1,68.4,1
10846,57670,0.673,3,8477,83,0.491,4.39,91.6,64.6,1
10763,56910,0.898,5,4949,65,0.621,4.43,79.4,83.7,1
10025,50244,0.639,5,3760,54,0.66,3.08,64.5,73.9,0
10596,55436,1.0,0,5388,60,0.743,3.6,76.6,65.3,0
10475,54438,1.0,9,7976,70,0.575,4.2,79.7,85.0,1
10753,56809,0.659,3,3024,55,0.708,2.66,77.2,45.1,0
10041,50406,0.399,3,1784,53,0.502,3.14,80.9,65.6,0
10155,51443,0.918,4,8263,63,0.803,2.6,34.4,39.7,0
10026,50262,0.738,3,4918,40,0.725,1.91,52.5,30.2,0
10729,56584,0.876,3,8064,35,0.781,2.98,73.5,54.8,1
10951,58581,0.525,5,8964,60,0.814,2.41,62.0,46.8,1
10183,51690,1.0,4,8469,32,0.704,1.41,23.6,32.8,1
10187,51726,0.432,0,6807,72,0.481,3.44,92.6,73.8,0
10958,58656,1.0,2,2905,57,0.616,3.71,84.2,62.1,0
10534,54931,0.811,3,7933,50,0.769,2.84,59.3,55.9,1
10659,55963,0.971,7,1053,69,0.773,3.99,71.9,73.7,1
10268,52497,0.169,3,5190,56,0.822,2.6,64.3,70.1,1
10676,56107,1.0,3,3123,56,0.721,3.19,58.3,45.0,0
10731,56600,0.238,3,7829,57,0.565,3.19,73.7,84.7,0
10034,50341,0.735,2,7403,80,0.729,3.83,78.4,81.4,0
10758,56848,0.705,5,1029,56,0.826,2.54,58.5,43.2,1
10173,51602,0.207,2,7295,60,0.644,2.0,47.8,35.5,0
10760,56866,1.0,3,5855,76,0.768,3.99,80.4,70.6,1
10636,55783,0.44,2,6042,66,0.731,3.6,48.1,67.7,0
10493,54577,0.329,2,8930,43,0.805,1.58,37.7,32.2,0
10401,53726,1.0,2,4898,96,0.703,4.25,88.7,92.1,0
10277,52557,0.93,1,2607,41,0.722,1.5,35.3,36.0,1
10302,52786,0.661,3,2094,39,0.987,1.91,46.7,42.8,1
10162,51524,1.0,7,5893,70,0.716,3.73,84.3,75.8,1
10805,57307,0.992,2,5485,62,0.653,4.11,73.1,93.5,0
10306,52832,1.0,5,2289,68,0.706,3.54,51.6,55.1,0
10106,51013,0.401,4,5628,62,0.95,3.42,59.1,70.7,0
10763,56915,0.756,4,6350,78,0.434,4.19,88.7,87.4,1
10878,57920,1.0,1,2336,65,0.662,3.59,69.4,46.3,1
10192,51767,0.393,0,6725,52,0.693,3.36,78.0,59.3,0
10490,54552,0.891,2,1599,39,0.772,2.78,48.5,48.9,1
10725,56550,1.0,3,4116,76,0.664,2.92,76.7,67.2,1
10435,54038,1.0,2,2086,42,0.605,3.08,75.9,68.3,1
10742,56712,1.0,5,7718,67,0.614,4.47,96.4,93.0,1
10855,57742,0.351,5,6017,77,0.706,3.37,74.4,86.4,0
10881,57945,0.887,3,2484,45,0.673,2.89,45.0,45.8,1
10962,58686,0.132,1,7528,44,0.648,2.38,52.1,40.9,0
10037,50364,0.478,3,6136,78,0.715,3.78,83.7,69.9,0
10586,55368,0.966,6,8954,28,0.889,1.92,32.7,48.9,1
10994,58953,1.0,5,5240,53,0.657,3.52,67.8,59.1,1
10918,58287,1.0,3,1914,60,0.53,3.72,75.6,58.7,1
10943,58506,1.0,5,1340,73,0.694,3.49,68.1,66.7,0
10509,54726,0.727,4,5187,73,0.804,3.77,84.4,70.0,0
10476,54444,0.79,1,8191,53,0.798,2.72,57.3,65.1,1
10862,57809,1.0,8,7211,65,0.728,3.34,89.1,87.1,1
10955,58626,0.177,2,3370,47,0.793,2.3,49.9,41.2,0
10278,52563,1.0,1,8210,52,0.754,2.79,57.0,65.3,0
10991,58937,0.911,1,3609,40,0.837,2.99,51.2,55.7,0
10956,58642,0.854,2,2729,67,0.544,3.68,65.0,79.3,0
10605,55520,0.489,3,3967,52,0.679,3.72,76.0,57.1,0
10957,58651,1.0,2,3795,62,0.749,3.45,81.3,62.6,0
10334,53084,1.0,3,2096,51,0.641,3.31,62.7,73.7,1
10320,52960,1.0,8,7869,71,0.513,4.1,83.6,79.5,1
10231,52103,1.0,3,2111,49,0.753,2.6,47.8,34.7,1
10066,50633,0.492,4,7284,57,0.717,2.45,55.2,68.0,1
10268,52494,0.635,5,2706,57,0.856,2.27,72.5,59.6,0
10288,52666,0.383,1,3285,70,0.506,3.8,81.5,80.4,0
10785,57106,0.108,3,8397,71,0.567,3.08,59.2,59.1,0
10472,54407,0.82,8,5667,46,0.804,3.09,67.0,59.6,0
10795,57205,0.396,3,2149,37,0.556,3.46,62.5,76.2,1
10933,58417,0.391,2,3867,41,0.689,2.43,51.5,61.0,0
10253,52335,0.8,2,1538,66,0.628,3.58,82.8,78.3,0
10830,57515,0.32,3,4353,59,0.644,3.51,74.4,73.7,0
10390,53620,0.861,0,3494,29,0.48,3.05,54.1,45.9,1
10610,55562,0.4,4,6702,70,0.552,3.76,74.9,76.6,0
10422,53884,1.0,2,6835,62,0.737,3.17,76.8,74.2,1
10739,56665,0.214,3,1889,77,0.593,3.73,90.1,63.9,1
10453,54212,0.384,3,1793,48,0.845,2.38,53.3,62.3,0
10948,58555,0.659,2,5245,60,0.503,3.47,58.5,53.8,0
10159,51495,1.0,3,4725,63,0.698,3.47,77.6,67.3,1
10260,52402,0.274,0,5512,56,0.545,4.16,84.3,80.9,0
10421,53875,0.227,2,6451,49,0.654,2.15,53.2,16.9,0
10132,51233,0.485,3,8568,72,0.739,2.45,57.5,51.2,0
10288,52662,1.0,2,2957,76,0.637,3.27,78.7,65.1,0
10304,52818,0.741,1,7303,50,0.736,4.02,88.6,72.2,0
10742,56706,1.0,2,5586,71,0.566,4.36,96.6,95.8,1
10301,52775,1.0,4,2146,62,0.704,3.86,66.9,72.6,1
10979,58835,1.0,6,7594,75,0.851,3.23,80.6,87.3,1
10859,57776,1.0,4,6008,71,0.55,3.14,77.7,81.1,0
10447,54154,0.923,6,3959,55,0.774,3.76,57.1,47.6,1
10831,57530,0.763,5,4474,50,0.639,4.27,74.2,80.3,1
10333,53062,0.063,4,7916,47,0.804,2.08,61.0,19.0,0
10005,50067,1.0,7,4272,83,0.682,3.95,73.5,74.5,1
10994,58954,0.42,3,3297,63,0.709,2.86,72.0,47.4,0
10188,51736,1.0,3,6614,34,0.818,2.27,45.9,49.2,1
10305,52824,0.842,4,5466,55,0.812,2.66,51.6,52.1,0
10697,56293,0.997,10,6146,49,0.778,2.21,62.6,51.4,1
10826,57473,0.353,5,4399,43,0.797,2.81,71.3,58.0,1
10989,58917,0.754,2,4920,37,0.738,1.74,47.2,29.5,1
10268,52476,0.397,1,1423,45,0.872,3.22,63.3,69.4,0
10278,52565,1.0,5,2698,43,0.638,2.51,64.8,63.3,1
10998,58988,1.0,4,4302,29,0.862,2.63,56.2,47.4,1
10399,53714,0.395,4,1099,61,0.482,3.12,71.8,60.1,1
10939,58480,0.953,2,2164,52,0.736,2.92,65.5,69.3,1
10074,50708,0.994,5,5641,57,0.685,3.75,87.9,67.5,0
10330,53047,1.0,4,1678,73,0.835,3.87,78.9,77.1,1
10916,58263,0.412,5,6391,72,0.764,3.23,79.7,68.1,1
10563,55190,0.507,2,7740,59,0.69,2.35,69.5,39.5,0
10827,57481,1.0,4,5888,33,0.629,2.85,34.9,46.9,0
10600,55473,1.0,9,7272,75,0.662,3.64,84.3,70.0,0
10006,50073,0.753,3,1590,45,0.754,3.21,74.1,44.8,1
10665,56019,0.955,1,2657,58,0.698,3.41,64.2,60.0,0
10476,54449,0.495,2,8084,55,0.766,3.08,57.2,60.1,0
10649,55861,0.234,6,2005,41,0.752,2.26,35.6,58.7,0
10524,54840,0.986,4,4628,67,0.709,3.87,51.5,60.3,0
10444,54132,0.867,4,2865,45,0.866,1.96,26.2,16.3,0
10553,55102,0.537,2,3963,43,0.858,2.19,32.5,40.0,0
10128,51191,0.389,7,4072,64,0.604,3.89,90.5,74.8,1
10713,56432,1.0,3,3699,42,0.506,2.34,44.1,57.0,0
10282,52602,1.0,6,5900,60,0.494,4.33,96.8,87.7,0
10119,51126,1.0,2,7648,36,0.928,2.77,53.9,37.0,1
10133,51242,1.0,5,6229,69,0.611,3.2,65.5,45.9,1
10740,56682,1.0,3,3743,51,0.828,2.35,70.4,59.0,1
10387,53603,0.333,3,4853,41,0.866,2.47,69.5,54.0,0
10897,58078,0.58,2,7562,35,0.552,2.64,53.1,49.6,0
10812,57356,0.777,1,7046,78,0.609,3.92,79.1,60.9,0
10363,53352,0.614,4,6360,44,0.714,3.64,55.5,49.3,0
10552,55095,0.477,6,3688,56,0.572,3.89,91.8,67.3,1
10732,56603,0.866,0,7232,37,0.983,1.06,34.2,9.6,1
10433,54009,0.977,7,8184,66,0.741,4.03,90.7,69.0,0
10171,51578,1.0,3,1979,53,0.692,3.56,83.1,66.2,0
10423,53907,0.941,6,7317,63,0.642,3.9,95.4,100.0,1
10401,53730,0.505,4,3553,89,0.574,4.17,92.3,89.5,0
10467,54359,0.523,7,6802,76,0.822,3.04,68.0,63.9,0
10656,55923,0.6,9,3740,58,0.46,4.85,78.5,84.8,0
10143,51344,0.561,0,5829,40,0.846,1.83,37.5,53.2,1
10998,58992,1.0,1,5655,45,0.754,2.07,53.4,50.5,1
10859,57773,0.842,4,7603,61,0.548,3.48,76.7,85.6,0
10045,50441,0.478,0,4147,31,0.592,2.92,53.6,38.1,0
10737,56653,0.468,3,8158,53,0.545,3.52,86.5,72.2,1
10116,51101,0.312,4,6633,65,0.569,3.63,85.3,82.6,1
10286,52638,0.169,2,8131,24,0.759,2.67,49.3,50.4,0
10765,56927,0.094,2,6072,45,0.864,1.43,37.3,50.5,0
10068,50650,0.303,3,2641,44,0.649,2.53,45.7,42.9,0
10165,51547,0.874,4,6717,57,0.546,3.3,68.0,72.8,1
10824,57457,0.227,3,2197,47,0.763,2.98,66.6,50.5,0
10854,57723,0.304,9,3035,60,0.78,3.51,92.8,74.4,0
10309,52853,1.0,2,4170,30,0.996,2.37,48.7,31.0,1
10376,53504,0.846,4,5204,60,0.856,2.43,55.7,47.7,1
10781,57073,0.505,4,2587,39,0.842,2.78,68.3,41.6,1
10066,50631,0.99,2,5841,59,0.764,2.7,45.1,54.8,1
10515,54769,1.0,7,2155,69,0.51,4.43,94.1,90.6,1
10134,51250,0.653,10,3900,75,0.6,3.99,75.9,75.0,0
10743,56721,0.943,2,1681,64,0.484,4.23,84.0,99.2,0
10050,50483,0.715,6,4117,86,0.643,4.13,95.8,80.0,0
10172,51585,1.0,7,6651,45,0.739,3.18,53.7,57.1,1
10505,54677,1.0,1,2758,68,0.77,3.14,67.9,74.2,1
10708,56386,0.335,7,7264,43,0.783,3.79,53.0,71.4,1
10156,51463,0.269,6,1074,48,0.565,2.3,53.0,56.5,0
10330,53041,1.0,7,2277,65,0.692,3.74,65.9,97.8,0
10544,55011,0.837,2,7692,57,0.583,2.94,71.8,78.1,1
10833,57542,0.643,3,2909,29,0.757,2.18,56.7,23.7,0
10355,53274,1.0,0,1241,44,0.636,1.84,45.1,25.6,0
10396,53684,1.0,1,3714,40,0.611,3.18,64.9,44.4,0
10739,56675,1.0,5,4921,73,0.593,3.58,78.5,72.2,0
10446,54146,0.194,4,4508,51,0.725,3.03,53.5,79.2,0
10970,58764,1.0,3,2474,76,0.619,3.43,76.6,78.2,0
10819,57397,0.842,3,1168,51,0.606,2.94,49.5,64.2,0
10537,54955,0.428,3,1588,47,0.685,3.87,55.4,71.0,0
10350,53226,1.0,4,7782,45,0.614,3.43,59.6,63.3,1
10113,51073,0.951,5,6930,62,0.659,3.73,66.4,64.6,1
10521,54816,1.0,8,1341,54,0.71,2.66,45.7,50.0,0
10911,58219,0.944,7,6810,51,0.603,2.94,62.9,36.8,1
10285,52632,0.426,4,1765,73,0.469,4.72,79.9,96.4,0
10181,51661,0.86,1,3832,16,0.787,1.88,39.5,40.5,1
10632,55753,1.0,1,8204,33,0.947,2.28,49.4,33.9,1
10262,52426,1.0,2,6948,47,0.632,2.74,63.7,67.7,0
10551,55080,0.109,3,4473,51,0.879,1.35,61.7,41.6,0
10912,58223,0.797,0,1349,29,0.939,1.36,26.4,13.5,0
10655,55903,1.0,1,1820,55,0.537,3.42,70.4,77.1,1
10899,58091,0.673,1,2489,15,0.94,2.24,43.5,39.3,1
10336,53098,1.0,4,7687,16,0.932,2.27,33.9,17.0,1
10430,53977,0.35,4,8322,49,0.701,3.23,69.4,65.5,0
10134,51244,0.486,3,6202,70,0.627,2.97,86.5,62.4,0
10139,51301,0.965,10,956,56,0.867,3.1,64.8,65.8,1
10697,56285,0.251,4,2565,46,0.835,2.51,57.1,51.8,0
10771,56984,0.372,2,3173,54,0.78,3.54,74.7,58.0,0
10601,55482,0.458,2,7167,21,0.641,3.02,42.6,52.1,1
10858,57762,0.804,1,2092,46,0.774,2.84,61.6,58.6,0
10603,55496,1.0,3,5087,33,0.608,2.53,77.0,60.8,1
10576,55292,1.0,3,4494,39,0.695,2.39,40.7,27.2,1
10151,51409,1.0,3,7881,25,0.642,2.6,58.4,62.7,1
10200,51846,0.521,7,6510,88,0.582,3.94,77.4,92.2,1
10195,51799,0.653,2,8310,63,0.727,2.53,58.5,52.8,1
10427,53958,0.976,3,2841,56,0.61,3.46,84.1,56.6,0
10157,51476,0.826,3,7133,53,0.781,2.43,66.1,27.6,1
10785,57107,0.466,6,5423,63,0.506,3.31,65.2,53.3,1
10003,50036,0.738,3,6400,56,0.809,3.28,70.9,56.9,0
10824,57459,0.241,5,8619,51,0.534,3.57,63.6,60.0,0
10714,56442,1.0,6,3504,54,0.849,2.31,59.3,43.7,1
10046,50445,1.0,6,7224,71,0.67,4.09,73.3,78.4,1
10254,52360,1.0,2,6869,49,0.648,3.34,80.3,49.0,0
10394,53655,0.618,6,8865,79,0.659,4.03,67.3,65.5,0
10698,56303,0.57,1,1639,39,0.861,2.57,59.8,67.3,0
10850,57692,0.677,0,7730,33,0.709,2.23,36.8,43.3,0
10345,53180,0.164,4,6089,82,0.83,3.71,66.1,72.8,1
10138,51287,0.339,4,2142,68,0.753,3.04,59.2,39.0,0
10803,57273,1.0,3,2302,69,0.59,4.49,74.6,66.2,0
10476,54446,0.872,2,7982,66,0.759,2.53,52.7,65.7,1
10367,53417,1.0,10,4250,60,0.588,3.66,67.1,75.5,1
10236,52138,0.266,3,1762,53,0.77,2.68,56.9,45.3,0
10286,52637,0.128,4,4567,28,0.697,2.22,51.0,51.6,0
10433,54017,0.928,4,3148,75,0.747,4.81,86.9,85.4,1
10441,54098,0.653,3,3477,28,0.476,1.61,31.9,36.9,0
10182,51682,0.451,10,1992,71,0.531,4.64,82.6,70.4,0
10971,58777,0.638,4,1694,67,0.806,2.92,74.4,67.3,0
10787,57136,0.098,5,2677,21,0.91,2.1,23.3,31.4,0
10633,55768,1.0,3,4279,43,0.8,2.4,53.7,40.1,0
10751,56799,0.68,5,2337,54,0.812,2.51,76.5,71.4,0
10574,55276,0.517,7,8618,93,0.479,4.18,99.9,82.0,1
10184,51693,0.143,6,4074,32,0.838,2.2,53.1,41.9,0
10944,58516,0.317,6,7535,73,0.497,4.2,88.3,99.5,1
10861,57802,1.0,2,6015,66,0.522,4.61,81.5,96.0,1
10392,53636,0.749,1,5142,63,0.626,3.28,64.3,44.9,0
10037,50373,0.944,9,2284,59,0.626,3.79,73.2,79.8,0
10831,57531,0.55,4,2100,59,0.654,4.33,83.7,71.2,1
10665,56013,1.0,2,1395,58,0.697,3.17,67.0,60.2,0
10598,55454,1.0,6,6439,66,0.427,3.51,80.0,59.8,0
10656,55922,1.0,7,5550,74,0.538,4.92,100.0,85.4,1
10530,54883,0.427,4,8498,61,0.605,3.45,67.1,45.2,0
10492,54566,0.366,4,971,44,0.745,3.21,61.7,54.9,0
10014,50141,0.476,4,6450,38,0.492,3.98,87.3,75.4,0
10531,54885,0.871,1,8731,71,0.386,4.26,98.1,52.3,1
10473,54420,0.267,1,3392,24,0.63,1.87,64.8,40.9,1
10960,58670,0.763,3,8248,63,0.933,3.09,70.7,55.2,0
10895,58047,0.393,6,2157,73,0.488,3.04,75.7,76.3,0
10075,50715,0.807,9,8214,81,0.49,3.68,90.0,90.5,1
10656,55924,0.539,5,6673,56,0.619,4.66,95.4,77.3,1
10724,56543,0.771,5,3602,63,0.596,3.26,77.4,64.9,1
10571,55244,0.571,3,7503,34,0.745,2.29,69.2,38.5,1
10346,53189,1.0,2,7447,67,0.548,3.81,87.8,55.8,1
10935,58429,0.996,3,7304,42,0.939,2.32,59.1,55.9,0
10475,54432,1.0,10,2222,71,0.649,4.22,81.7,87.0,0
10760,56880,0.547,3,1271,59,0.855,3.82,84.2,72.0,0
10041,50407,0.529,4,7669,56,0.626,3.63,75.4,82.1,1
10001,50021,1.0,4,5562,55,0.687,3.69,55.4,44.2,0
10106,51005,0.299,4,6182,76,0.772,2.96,73.0,71.7,0
10762,56897,0.585,4,3418,65,0.547,3.91,76.5,62.5,0
10540,54987,0.634,4,5367,65,0.639,4.35,100.0,90.7,0
10261,52412,0.787,2,8422,57,0.521,3.59,75.3,80.3,1
10275,52546,0.262,3,3485,57,0.792,3.05,68.9,50.6,0
10812,57350,1.0,5,2877,70,0.514,4.18,92.8,66.8,0
10259,52391,0.57,6,2003,49,0.854,1.96,54.1,50.1,0
10869,57869,1.0,3,6716,33,0.787,2.35,56.8,43.2,1
10003,50043,0.302,1,8153,59,0.635,3.14,60.9,58.3,0
10306,52831,0.244,5,4201,72,0.634,3.45,54.1,47.9,0
10649,55860,0.716,4,5383,33,0.902,2.05,45.9,40.2,0
10364,53372,0.943,7,2372,66,0.522,4.13,83.7,85.2,0
10327,53023,1.0,5,4367,79,0.515,2.99,83.3,60.7,0
10364,53365,0.912,1,7444,53,0.711,2.62,75.9,93.5,1
10471,54400,0.77,6,2488,72,0.673,3.42,88.8,78.0,0
10572,55253,0.473,3,6878,44,0.624,3.02,90.0,71.0,1
10001,50012,0.288,2,2031,57,0.855,3.19,41.2,59.3,0
10515,54761,0.735,8,1238,76,0.605,4.11,90.4,83.5,0
10125,51178,0.418,5,5149,76,0.696,3.72,94.3,81.5,0
10749,56773,0.169,4,4719,35,0.706,3.12,33.5,21.6,1
10210,51948,0.338,3,8397,57,0.663,2.2,63.1,34.7,1
10269,52502,0.442,0,2948,27,0.919,1.49,41.4,23.3,0
10925,58348,0.221,3,7239,41,0.624,3.2,72.0,73.7,0
10310,52864,0.652,6,7554,65,0.563,3.62,82.7,89.3,0
10823,57439,0.247,3,6169,68,0.42,3.39,72.4,70.5,0
10420,53866,0.663,4,1963,40,0.835,2.19,58.1,46.4,0
10691,56229,0.877,7,1792,30,0.775,2.64,56.7,62.2,0
10107,51027,0.387,0,4287,15,0.921,2.44,45.0,29.7,0
10418,53849,0.905,4,8982,54,0.707,2.84,68.0,68.6,0
10324,52990,1.0,9,8068,77,0.528,3.43,72.8,64.2,0
10100,50962,1.0,2,7917,40,0.72,1.9,64.2,53.5,1
10312,52890,0.771,3,7233,47,0.634,2.93,67.4,49.3,0
10327,53016,1.0,4,6693,60,0.533,3.17,72.4,63.7,1
10361,53339,1.0,6,3688,76,0.621,3.12,76.7,67.1,1
10676,56106,0.949,5,5057,44,0.718,3.55,62.9,55.7,1
10693,56246,1.0,4,8600,56,0.849,3.16,81.3,73.5,1
10796,57224,1.0,3,4484,65,0.72,3.01,75.2,72.0,0
10713,56435,0.149,2,1981,43,0.592,2.23,58.1,46.0,0
10766,56941,1.0,3,4139,40,0.614,3.09,67.8,53.3,1
10076,50736,0.716,4,3594,61,0.565,3.36,65.4,62.3,1
10471,54401,1.0,6,7801,69,0.739,3.26,81.2,85.4,1
10154,51441,0.336,0,3973,71,0.814,2.81,53.2,77.1,0
10970,58773,1.0,3,8160,70,0.603,4.45,84.0,83.0,1
10951,58585,0.91,4,5930,39,0.659,2.41,51.5,48.0,0
10310,52876,1.0,7,5193,55,0.602,3.52,85.3,82.2,1
10432,53987,0.8,10,1940,43,0.783,3.29,64.1,64.0,0
10095,50917,0.9,3,5864,37,0.84,2.35,32.0,18.5,0
10907,58170,1.0,5,8578,52,0.673,3.08,60.6,58.2,1
10844,57643,0.644,2,1833,65,0.557,4.52,76.4,59.1,1
10440,54090,0.645,4,6092,66,0.598,3.76,82.1,68.2,0
10956,58628,1.0,3,3452,73,0.58,4.19,77.0,89.9,1
10946,58533,1.0,10,7062,41,0.696,2.84,65.3,52.6,1
10301,52773,1.0,8,3901,52,0.645,3.21,68.0,66.7,0
10176,51625,0.149,1,8905,34,0.983,1.43,50.8,44.9,1
10858,57764,0.269,5,6570,55,0.692,2.9,70.3,69.8,0
10087,50822,0.798,3,4830,65,0.819,2.68,58.9,60.4,0
10147,51368,0.356,1,1978,63,0.55,3.54,91.0,72.8,1
10399,53713,0.31,3,2610,55,0.678,2.93,64.1,52.9,0
10983,58869,1.0,3,2611,42,0.66,3.61,68.9,53.8,1
10149,51389,1.0,6,4894,73,0.728,3.58,90.8,86.8,0
10089,50851,0.352,3,1059,54,0.704,3.71,81.3,60.4,0
10105,51001,1.0,4,1477,30,0.784,2.62,41.7,53.9,0
10803,57287,0.368,4,1045,80,0.782,4.21,76.7,72.1,0
10804,57294,1.0,6,4262,43,0.915,2.2,52.0,38.3,0
10443,54115,0.868,10,6921,64,0.479,3.61,87.2,71.2,0
10178,51638,1.0,4,7883,85,0.706,3.55,99.2,74.9,1
10181,51668,0.278,1,8953,37,0.767,1.83,44.2,27.5,1
10494,54590,0.801,6,1423,69,0.73,3.52,59.6,74.5,0
10345,53174,1.0,5,5258,78,0.725,4.05,65.7,80.9,0
10824,57462,0.833,5,7205,41,0.721,3.19,58.0,53.6,0
10145,51348,1.0,1,5265,39,0.832,2.46,46.7,40.9,0
10926,58366,0.244,3,6224,38,0.792,2.67,59.5,44.9,0
10351,53231,0.466,2,3100,39,0.68,2.79,74.7,61.8,0
10788,57147,0.831,1,7802,69,0.574,3.37,81.7,81.0,1
10763,56917,1.0,2,5537,69,0.598,4.54,73.8,80.9,1
10832,57535,0.294,3,6856,15,0.933,1.61,27.4,17.2,1
10518,54784,0.102,4,8048,42,0.742,2.26,48.0,59.1,1
10845,57654,0.423,2,7756,47,0.582,3.42,76.5,53.9,0
10351,53233,1.0,4,3110,45,0.721,3.0,70.6,71.2,1
10625,55705,0.513,4,8307,59,0.701,2.13,39.4,48.9,0
10889,58010,0.669,4,5918,78,0.751,3.02,84.1,87.6,1
10074,50704,0.417,2,2526,65,0.624,4.18,78.9,87.4,0
10553,55106,0.206,2,8912,36,0.797,2.98,45.0,49.6,1
10862,57810,0.812,6,3928,72,0.646,3.45,88.8,82.5,0
10357,53292,1.0,6,5982,66,0.599,3.78,81.9,89.5,1
10396,53674,0.627,3,8436,48,0.642,2.57,64.5,52.8,1
10261,52409,0.566,9,4633,72,0.492,3.73,71.8,61.1,0
10955,58622,1.0,3,1028,25,0.9,2.77,50.9,42.5,0
10142,51328,1.0,7,5744,53,0.613,3.5,65.6,51.6,1
10960,58668,0.92,3,3571,67,0.976,3.03,68.2,63.6,1
10634,55774,0.406,3,7493,47,0.94,1.56,55.9,57.0,0
10674,56096,0.859,5,2821,60,0.754,3.2,62.7,54.4,0
10592,55407,0.864,2,3120,48,0.684,3.25,51.5,52.2,0
10892,58029,0.428,3,3757,29,0.923,1.56,41.1,42.3,0
10674,56084,0.78,1,6207,72,0.934,3.21,72.9,59.5,0
10532,54910,0.371,1,5904,44,0.772,3.09,53.5,39.8,0
10475,54441,0.369,4,2404,79,0.555,4.41,82.6,82.7,0
10907,58181,0.721,5,6735,58,0.673,3.13,53.8,43.0,0
10102,50987,1.0,5,7275,66,0.588,3.85,82.1,78.0,1
10978,58822,1.0,4,4457,49,0.86,2.33,60.0,53.3,0
10426,53953,0.471,3,3233,33,0.91,3.27,44.5,63.9,1
10921,58306,0.383,1,1977,42,0.837,2.32,53.3,46.9,1
10900,58107,0.397,7,3599,89,0.892,3.58,88.1,91.0,0
10435,54050,0.848,6,2042,48,0.66,3.14,74.6,75.5,0
10694,56258,0.829,5,4903,79,0.517,3.93,74.6,87.7,1
10374,53486,0.828,3,4853,32,0.886,2.29,47.3,52.6,0
10674,56090,1.0,4,5744,55,0.736,2.91,72.0,66.3,1
10267,52475,1.0,2,3436,46,0.776,1.83,30.8,38.1,0
10570,55239,0.965,2,1686,45,0.724,3.59,73.1,59.3,0
10715,56455,0.2,1,1155,53,0.743,2.77,62.7,68.8,0
10421,53874,0.387,3,6435,48,0.611,2.36,53.4,25.9,0
10128,51199,0.363,5,2677,74,0.603,3.27,79.0,76.1,0
10449,54182,0.985,5,1422,52,0.654,2.93,49.1,49.2,1
10161,51519,0.674,4,4308,72,0.495,4.27,94.6,85.3,1
10902,58123,0.441,4,3079,82,0.594,3.56,70.9,69.6,0
10601,55478,1.0,1,7059,45,0.725,2.45,46.8,30.9,1
10754,56813,0.726,2,5497,51,0.69,3.24,52.5,48.8,1
10195,51800,1.0,3,8970,56,0.798,2.04,58.6,49.6,1
10106,51015,0.798,6,8054,57,0.744,3.61,65.4,70.6,0
10013,50129,1.0,6,2537,40,0.829,3.32,56.0,58.5,0
10147,51365,0.801,6,4250,81,0.534,4.3,81.8,77.2,1
10950,58576,1.0,3,4842,55,0.611,2.9,65.5,59.4,0
10478,54471,1.0,4,7518,60,0.816,3.3,68.8,52.1,1
10092,50892,0.466,6,7574,70,0.425,3.32,93.5,88.9,0
10302,52794,0.528,0,1037,42,1.0,1.76,52.5,42.8,0
10213,51970,0.324,3,7491,17,0.847,1.89,32.8,27.4,1
10598,55456,0.94,6,5159,71,0.517,4.32,84.6,58.5,0
10472,54404,0.317,4,5799,50,0.773,3.6,68.5,55.1,0
10633,55758,0.361,1,7629,57,0.625,2.57,51.8,39.9,0
10722,56528,0.192,2,3581,24,0.772,1.16,24.0,30.8,0
10697,56295,0.964,3,1318,50,0.887,2.85,65.2,38.5,1
10424,53924,1.0,3,8396,43,0.614,4.39,75.0,90.8,0
10594,55414,1.0,5,4784,69,0.568,3.19,67.8,72.2,0
10920,58295,0.436,3,1084,44,0.797,2.69,53.0,34.4,0
10353,53250,0.356,2,3019,63,0.614,4.04,74.9,68.0,1
10728,56571,0.073,2,3814,37,0.684,2.28,33.4,35.4,0
10737,56639,0.379,4,2801,56,0.495,3.31,85.1,74.4,0
10915,58246,0.377,2,2899,46,0.846,2.43,52.3,61.6,0
10129,51209,0.833,4,6685,28,0.785,2.49,54.3,44.4,1
10420,53869,1.0,3,2684,38,0.894,3.23,58.7,30.9,0
10942,58501,1.0,4,5530,64,0.815,3.91,68.2,79.4,0
10437,54066,0.504,5,1948,70,0.675,3.9,76.9,70.5,0
10918,58276,0.564,1,4924,47,0.596,3.43,59.2,70.6,0
10823,57438,1.0,1,2090,83,0.521,3.44,66.4,62.7,1
10133,51240,0.203,4,5033,58,0.622,2.77,69.8,64.0,0
10249,52290,0.788,6,4373,67,0.651,4.66,76.4,75.2,1
10297,52741,0.309,7,2331,57,0.62,3.0,75.8,53.9,0
10027,50276,0.702,7,911,72,0.725,3.31,79.1,70.3,0
10494,54586,0.457,3,8131,74,0.744,3.14,66.4,69.3,0
10109,51036,0.791,3,7392,53,0.757,2.27,37.9,40.6,1
10132,51230,0.351,2,1603,66,0.849,2.36,58.0,63.5,0
10757,56835,0.508,3,6711,75,0.839,2.91,48.2,43.4,0
10106,51009,0.273,1,3249,77,0.802,3.08,64.8,66.9,0
10886,57984,0.477,0,5718,45,0.759,2.59,70.5,49.1,1
10562,55179,0.246,3,8702,63,0.743,3.71,66.3,60.2,0
10415,53829,0.398,0,1787,53,0.724,2.64,61.1,58.5,0
10274,52533,0.236,4,3221,29,0.76,2.66,49.9,45.8,0
10459,54294,0.534,3,2457,57,0.467,3.45,62.5,51.6,0
10111,51059,0.21,4,4630,40,0.791,3.14,55.2,51.3,1
10694,56263,0.432,10,8784,73,0.587,3.78,82.3,85.3,1
10803,57283,0.607,5,7104,62,0.597,4.06,73.2,64.6,0
10028,50282,0.272,5,2216,40,0.944,3.21,42.5,70.8,0
10110,51044,0.538,7,8235,62,0.814,2.38,52.5,63.9,1
10140,51317,1.0,3,3103,47,0.711,2.35,66.6,63.6,1
10737,56655,0.469,3,7482,57,0.488,3.76,87.7,72.8,0
10100,50969,1.0,1,3462,43,0.758,2.43,61.7,31.6,1
10258,52382,1.0,5,4046,88,0.491,3.75,72.8,73.8,1
10862,57816,1.0,5,7801,70,0.637,4.0,86.1,92.6,1
10210,51940,0.249,5,8798,66,0.583,2.1,55.4,36.6,1
10779,57052,0.33,1,903,53,0.707,2.63,56.3,45.8,1
10137,51275,0.936,4,8248,38,0.758,2.69,48.3,41.1,1
10065,50620,0.607,5,2129,64,0.818,3.19,78.1,50.1,0
10839,57602,1.0,3,2612,72,0.474,3.31,91.3,73.9,0
10188,51743,0.921,1,2371,45,0.731,1.79,38.2,41.4,0
10149,51391,0.322,3,5808,62,0.794,4.16,84.5,81.8,0
10886,57977,0.4,5,6149,57,0.758,2.53,69.7,42.5,1
10657,55944,1.0,3,7981,59,0.79,2.34,52.8,46.4,1
10171,51580,0.382,6,4687,56,0.762,3.62,79.9,73.9,0
10180,51656,1.0,2,4312,54,1.0,2.77,52.5,33.5,1
10384,53569,0.917,3,5747,24,0.719,2.2,42.2,43.9,1
10254,52353,0.37,6,7415,56,0.659,3.51,79.4,65.8,0
10243,52213,1.0,4,3225,51,0.756,3.3,67.9,83.7,0
10678,56117,0.966,2,2025,34,0.729,2.12,27.8,48.7,0
10996,58976,0.194,1,8935,31,0.803,2.3,39.9,15.7,0
10670,56053,0.695,3,7564,76,0.612,3.9,88.7,100.0,0
10345,53179,1.0,3,1152,51,0.833,3.47,61.3,90.3,1
10346,53193,0.347,2,8976,83,0.516,3.36,73.1,68.1,0
10140,51308,0.315,7,2903,61,0.663,2.77,78.9,75.0,0
10675,56100,0.249,5,1177,35,0.725,3.24,70.2,48.7,0
10060,50576,0.616,6,2878,87,0.641,4.49,98.6,93.1,0
10255,52361,0.698,4,3096,64,0.718,2.53,63.4,43.9,0
10738,56657,0.369,2,1864,63,0.775,2.5,52.9,58.6,0
10639,55803,0.66,2,6691,52,0.953,3.45,74.0,69.3,1
10846,57665,0.965,6,1234,91,0.6,4.3,86.8,79.5,0
10987,58900,0.65,1,2991,48,0.861,2.86,69.6,64.3,0
10137,51281,0.885,4,3760,55,0.835,2.97,41.2,32.8,0
10944,58520,1.0,2,5453,87,0.509,4.07,99.4,100.0,1
10537,54958,0.448,2,6396,54,0.643,3.47,56.5,63.1,0
10900,58102,0.323,3,6894,75,0.777,3.71,93.2,81.9,0
10654,55898,1.0,2,1199,61,0.698,3.22,76.6,78.7,0
10628,55725,0.905,5,8770,46,0.916,1.76,44.7,23.4,1
10216,51994,0.352,6,8628,56,0.464,3.97,76.6,62.4,0
10286,52640,0.798,1,3740,29,0.705,2.67,57.7,55.3,0
10027,50270,0.916,1,4465,62,0.855,3.48,75.1,66.5,1
10065,50630,0.712,5,4652,55,0.802,2.86,72.4,42.7,0
10999,59003,1.0,2,1934,39,0.708,2.85,54.4,49.9,1
10334,53082,0.893,3,2145,64,0.721,3.43,62.3,65.4,0
10372,53467,0.628,3,4059,69,0.772,2.79,56.7,58.0,0
10713,56431,0.695,2,5565,39,0.615,1.77,44.1,73.6,1
10928,58379,1.0,3,6893,67,0.537,4.19,86.2,70.2,0
10471,54397,1.0,6,7314,66,0.624,3.61,90.0,79.2,1
10434,54024,0.527,3,6394,48,0.88,2.2,46.1,49.2,1
10970,58755,0.318,2,2052,68,0.551,4.36,78.8,72.2,0
10608,55544,0.404,3,5570,50,0.853,1.75,56.9,35.2,1
10610,55569,0.54,4,7297,63,0.577,3.42,67.4,71.3,1
10223,52047,1.0,6,8906,44,0.544,3.53,62.2,64.1,1
10467,54357,0.553,4,8328,67,0.757,3.04,80.2,66.6,0
10850,57689,0.587,6,2672,40,0.776,1.91,43.5,56.8,0
10233,52114,0.282,3,8378,53,0.747,2.43,52.8,75.9,0
10002,50028,0.324,4,6258,66,0.772,3.45,67.0,59.4,0
10222,52041,0.143,3,3578,68,0.775,3.31,60.2,51.4,0
10424,53929,0.94,6,2435,50,0.636,3.79,76.6,84.4,0
10317,52939,0.566,5,3458,37,0.726,3.2,56.5,72.3,0
10349,53217,0.45,4,5123,58,0.702,3.15,90.7,71.7,0
10534,54934,1.0,5,5280,41,0.814,2.88,59.6,68.4,1
10412,53815,0.266,4,4418,40,0.929,2.35,51.6,38.6,0
10013,50130,0.38,6,5076,39,0.899,2.95,39.3,57.7,0
10829,57502,0.379,8,4936,84,0.693,3.66,69.3,64.8,0
10676,56105,0.643,5,7504,55,0.653,3.13,59.4,61.2,0
10247,52279,0.576,5,1622,59,0.698,4.59,99.2,84.7,0
10497,54600,0.364,3,8303,54,0.535,4.2,86.7,79.2,1
10001,50014,0.397,2,8203,48,0.715,3.51,42.9,38.0,0
10920,58296,0.969,2,5113,36,0.895,2.02,46.2,61.4,1
10479,54477,0.495,2,5157,57,0.674,2.13,63.4,53.3,1
10658,55948,0.113,1,4743,26,0.799,2.78,52.8,37.9,0
10162,51526,1.0,8,8735,61,0.799,2.77,82.4,88.1,1
10256,52366,0.277,4,3594,46,0.74,3.02,59.8,43.7,1
10502,54649,0.731,3,2779,88,0.55,4.4,69.9,97.7,0
10331,53053,0.238,4,3747,28,0.897,2.26,31.1,30.8,0
10433,54006,0.492,10,1977,105,0.704,4.71,84.3,64.2,1
10770,56981,1.0,5,3017,56,0.482,3.22,73.7,69.9,0
10253,52341,0.593,3,7121,68,0.769,4.31,90.2,81.3,1
10038,50375,0.514,2,7499,54,0.784,2.22,61.6,58.6,0
10788,57153,0.278,3,6010,50,0.572,3.71,91.4,73.7,0
10717,56478,1.0,4,5996,45,0.572,3.75,77.6,63.9,1
10054,50526,1.0,4,1243,53,0.707,3.11,75.2,75.6,0
10097,50940,0.253,3,8117,32,0.774,2.1,50.1,34.9,1
10364,53370,0.38,2,5642,43,0.528,3.21,86.3,84.1,1
10627,55719,1.0,7,8636,54,0.599,4.01,69.8,70.3,1
10493,54574,0.263,2,7810,35,0.815,2.11,51.8,33.2,1
10762,56896,1.0,3,7472,65,0.632,3.28,75.2,67.7,0
10236,52148,0.257,4,8880,47,0.674,2.92,63.5,41.0,1
10386,53592,0.316,1,8136,36,0.67,2.08,43.1,31.9,1
10856,57744,0.34,7,5932,68,0.358,3.94,77.3,85.5,0
10948,58557,0.433,6,4486,68,0.515,3.86,60.2,54.5,0
10320,52959,0.522,5,4268,74,0.595,3.75,89.8,84.0,1
10682,56165,0.989,1,2940,62,0.587,3.98,67.1,66.3,0
10391,53624,0.793,4,5908,31,0.84,1.76,35.3,31.0,0
10055,50530,1.0,5,8350,52,0.559,2.64,55.9,44.5,0
10399,53715,0.383,5,3504,53,0.607,3.07,59.0,48.7,0
10845,57653,0.261,6,3051,56,0.52,3.22,74.3,52.0,0
10510,54733,1.0,3,2657,56,0.853,3.19,72.0,69.9,1
10137,51270,0.228,4,6800,34,0.776,2.53,47.1,44.6,0
10458,54282,0.278,2,3833,33,0.875,2.19,40.1,35.5,0
10149,51395,1.0,8,6532,80,0.827,3.88,92.2,89.8,1
10526,54851,0.165,3,1872,34,0.743,2.4,58.0,46.9,0
10433,54010,0.881,1,5431,74,0.714,4.19,88.8,74.2,1
10470,54391,0.272,2,7047,30,0.696,1.78,40.6,8.9,1
10195,51798,0.302,2,4781,59,0.721,2.93,48.4,55.7,0
10323,52980,0.937,3,4584,69,0.678,4.88,86.6,82.8,0
10155,51442,0.557,1,3000,48,0.8,2.93,48.5,30.3,0
10809,57339,1.0,1,2026,15,0.826,2.12,27.9,8.0,0
10285,52626,1.0,5,2502,81,0.582,4.51,82.3,100.0,0
10412,53812,0.728,4,7458,39,0.869,2.44,43.5,25.7,0
10617,55632,0.795,4,3790,57,0.537,3.51,77.0,72.7,1
10812,57357,0.83,4,2454,56,0.621,3.69,83.6,60.1,1
10137,51274,0.133,2,8601,45,0.8,1.88,54.7,44.5,0
10893,58033,0.485,2,5412,45,0.844,2.09,48.4,31.8,0
10507,54704,0.971,1,3068,34,0.999,2.26,54.4,38.9,0
10186,51713,0.343,5,6064,65,0.443,4.33,80.1,71.8,0
10971,58780,0.437,9,3830,57,0.779,2.79,73.4,59.7,1
10099,50956,0.567,2,1129,41,0.799,3.19,65.0,46.4,1
10739,56676,0.324,4,5704,71,0.612,3.43,78.2,61.0,0
10802,57269,0.997,4,1673,60,0.544,2.92,63.4,32.6,1
10864,57826,0.682,4,7018,50,1.0,2.35,44.8,28.2,0
10936,58438,0.391,6,3487,57,0.748,3.7,76.1,81.3,0
10954,58609,0.257,5,3733,61,0.746,3.29,67.1,63.5,0
10840,57607,0.669,5,2702,65,0.465,3.87,76.2,83.4,0
10041,50404,0.604,3,7498,52,0.672,3.41,74.0,83.4,0
10226,52072,0.257,4,7065,72,0.736,3.32,55.9,38.4,0
10970,58766,1.0,5,5793,67,0.543,4.1,69.5,64.5,1
10214,51978,0.484,7,8679,36,0.882,2.97,50.5,49.9,1
10015,50159,0.12,2,6458,43,0.817,2.51,61.4,49.3,0
10647,55845,0.993,3,2479,52,0.57,3.17,67.1,62.6,0
10773,57006,0.192,1,8962,36,0.675,2.33,42.4,12.8,0
10422,53889,1.0,2,1413,54,0.877,3.23,89.1,74.7,1
10598,55452,0.885,4,2090,81,0.585,3.87,82.3,64.2,0
10093,50903,0.358,1,6062,59,0.832,2.82,70.0,54.0,1
10035,50353,0.649,6,5545,38,0.789,1.63,56.3,35.4,1
10580,55327,0.71,0,7836,25,0.996,2.31,61.8,34.1,1
10674,56079,1.0,11,8195,58,0.805,3.28,65.1,74.6,0
10691,56237,1.0,0,5598,43,0.667,2.12,54.1,62.6,0
10488,54541,0.316,4,1335,55,0.723,2.97,71.7,72.0,0
10444,54131,0.356,4,2987,58,0.899,2.29,23.6,15.7,0
10079,50755,0.234,4,5929,59,0.657,3.16,67.2,72.0,0
10646,55834,0.936,1,6864,26,0.866,1.42,46.3,33.9,1
10323,52972,0.663,6,1224,66,0.691,4.11,86.4,89.1,1
10115,51083,0.29,6,7577,59,0.706,3.11,88.9,61.6,1
10315,52921,1.0,2,4826,51,0.596,3.02,63.0,38.3,0
10031,50312,0.582,1,4017,83,0.551,3.52,96.4,92.2,1
10501,54645,0.396,3,5367,53,0.817,2.17,60.5,62.0,0
10069,50662,0.6,6,1285,85,0.582,3.79,77.3,87.5,1
10779,57058,0.449,5,8856,50,0.591,3.01,58.3,45.7,1
10215,51990,0.371,2,8127,71,0.855,3.36,73.7,54.9,0
10395,53666,0.783,2,1470,41,0.917,2.12,46.5,59.4,0
10030,50307,0.968,3,4027,40,0.68,2.55,71.3,68.9,1
10253,52336,1.0,3,7179,56,0.78,4.28,82.9,86.9,1
10519,54791,0.309,5,1433,45,0.661,3.19,66.4,58.4,0
10254,52357,1.0,1,1343,65,0.719,3.3,83.2,54.4,0
10398,53703,0.751,1,4938,22,0.947,1.85,34.4,39.9,1
10411,53805,0.853,7,8490,36,0.773,2.11,50.7,61.8,1
10209,51928,0.436,4,2220,44,0.587,3.93,81.2,62.4,0
10931,58396,0.748,9,5011,70,0.814,3.52,84.5,71.4,1
10368,53428,0.996,1,4356,40,0.759,1.59,31.1,25.5,1
10078,50750,1.0,4,8012,52,0.689,2.38,41.8,48.7,1
10392,53639,0.158,4,5906,40,0.765,3.11,68.3,43.5,1
10840,57612,0.422,3,2553,75,0.448,4.17,79.8,80.4,0
10137,51267,1.0,3,6504,44,0.8,2.45,53.1,43.3,0
10792,57180,0.821,5,7421,66,0.569,4.01,77.6,63.5,1
10823,57448,1.0,4,4301,84,0.677,3.32,64.5,66.6,1
10319,52957,0.997,3,1642,45,0.835,2.14,54.3,41.2,0
10387,53596,1.0,4,3573,54,0.678,2.49,71.9,57.5,0
10236,52135,1.0,3,1419,69,0.782,3.08,67.6,50.0,1
10550,55067,1.0,4,5618,78,0.792,3.4,86.0,76.7,1
10443,54110,0.43,1,3073,52,0.561,3.39,75.9,67.9,0
10539,54970,0.621,1,2647,44,0.605,3.46,73.9,51.4,0
10532,54905,0.299,5,4052,51,0.663,2.8,53.5,50.8,1
10053,50515,1.0,4,1415,48,0.668,4.04,64.1,49.4,0
10092,50895,0.814,4,6043,54,0.434,3.33,65.6,89.1,1
10041,50410,0.836,6,8781,53,0.61,3.99,79.5,66.4,1
10830,57513,0.988,3,2548,64,0.646,3.5,79.1,79.4,1
10997,58984,1.0,0,6217,55,0.571,3.15,55.1,40.3,1
10372,53462,1.0,6,7638,56,0.706,2.97,54.1,60.7,1
10093,50900,0.391,2,2520,53,0.654,2.81,65.4,49.0,0
10020,50208,0.269,1,8381,65,0.598,3.79,73.9,70.4,0
10885,57972,0.335,5,4232,61,0.636,3.35,71.2,54.8,1
10047,50459,1.0,4,4918,46,0.565,4.24,72.5,70.8,1
10223,52055,0.318,5,7473,48,0.555,3.31,67.1,69.0,0
10262,52431,0.568,3,5061,49,0.728,2.79,69.3,62.1,0
10025,50251,0.291,3,2462,49,0.598,3.23,68.7,76.3,0
10917,58267,0.259,3,6026,41,0.869,2.68,59.4,33.1,0
10597,55438,0.919,5,6948,75,0.608,3.26,74.4,67.9,0
10117,51108,0.828,8,4553,31,0.686,2.16,55.1,43.5,1
10883,57952,1.0,3,3823,42,0.691,1.61,55.8,42.3,1
10661,55980,1.0,0,1708,20,0.88,1.96,43.6,19.4,1
10186,51714,0.998,8,983,62,0.549,3.7,82.6,87.5,0
10423,53912,1.0,3,942,81,0.632,3.69,90.2,97.0,0
10871,57887,0.974,0,1410,58,0.577,2.58,63.4,42.8,0
10075,50716,1.0,3,8580,60,0.54,4.29,90.8,81.7,1
10057,50553,0.473,3,5149,51,0.701,3.57,76.5,51.3,1
10154,51440,0.302,8,6329,82,0.836,2.51,71.0,59.5,0
10247,52271,1.0,3,4604,68,0.613,4.2,80.9,89.8,0
10343,53145,0.919,6,7144,77,0.534,4.65,84.0,80.5,1
10763,56918,0.514,6,8668,62,0.593,4.09,92.1,75.7,0
10223,52057,1.0,7,4676,73,0.739,4.2,69.6,72.2,1
10208,51926,0.398,3,2628,38,0.811,1.32,39.1,27.8,0
10067,50635,0.928,3,8623,81,0.698,3.53,70.9,62.5,1
10674,56083,1.0,4,6057,58,0.816,2.91,71.4,61.9,1
10031,50317,0.418,3,7355,69,0.48,3.41,89.6,72.0,0
10923,58338,1.0,4,5745,38,0.643,2.72,80.8,44.8,1
10965,58712,0.299,0,6627,56,0.796,2.97,68.5,65.8,0
10595,55425,1.0,5,7541,71,0.475,3.43,100.0,100.0,1
10043,50428,0.164,2,1808,56,0.754,1.56,28.8,35.2,0
10803,57284,0.344,5,2559,72,0.553,4.64,62.9,75.3,0
10011,50106,1.0,5,3056,58,0.855,2.85,52.8,66.0,1
10330,53042,1.0,2,4260,75,0.743,4.02,80.2,85.1,1
10455,54239,0.493,3,3310,60,0.887,3.14,77.3,65.6,0
10238,52170,1.0,8,4066,86,0.718,4.01,87.2,90.6,1
10186,51710,0.456,5,4270,73,0.494,4.39,87.9,77.1,0
10008,50090,0.545,3,1259,61,0.654,3.44,72.2,74.4,0
10774,57015,0.439,4,2795,59,0.728,3.02,59.4,50.5,1
10244,52242,0.593,1,7818,73,0.554,4.05,78.7,77.5,1
10345,53175,0.965,3,3992,71,0.811,3.54,80.3,98.3,1
10808,57325,1.0,6,4401,63,0.648,3.64,83.9,74.6,0
10694,56260,1.0,3,1317,72,0.559,3.96,74.9,93.5,1
10744,56733,0.433,7,3318,61,0.793,4.0,88.1,69.0,0
10211,51950,0.534,1,5327,38,0.558,2.54,32.9,44.1,0
10435,54045,0.622,4,934,52,0.687,3.65,81.0,73.1,0
10981,58863,0.339,2,4594,74,0.625,3.39,76.3,59.0,0
10308,52849,1.0,1,1130,33,0.691,1.6,52.1,34.4,0
10706,56369,0.664,3,1297,56,0.667,2.34,60.6,40.8,0
10000,50002,0.703,3,2194,57,0.755,2.49,52.8,53.5,0
10680,56140,0.768,7,3415,60,0.684,4.02,85.0,60.1,0
10465,54338,0.841,5,4848,69,0.689,2.71,73.7,57.5,1
10670,56048,1.0,3,5930,83,0.605,4.16,100.0,91.6,0
10097,50936,1.0,3,3907,45,0.679,2.08,51.1,54.9,1
10075,50714,1.0,4,8726,54,0.56,3.52,88.9,81.1,0
10296,52721,0.796,8,7648,68,0.469,4.01,75.3,83.5,0
10994,58960,0.847,3,3149,57,0.637,3.46,70.2,63.3,0
10567,55206,0.316,7,4161,43,0.697,3.09,67.4,55.7,0
10829,57508,1.0,1,6505,76,0.672,3.38,62.8,72.3,0
10061,50592,0.116,0,8530,25,0.932,0.8,37.9,4.0,1
10979,58832,0.818,2,1821,71,0.787,3.83,78.6,74.9,0
10814,57363,0.525,0,5740,54,0.685,2.84,61.6,43.1,0
10317,52937,1.0,9,4862,44,0.778,2.72,56.9,57.0,1
10944,58517,0.712,3,3714,78,0.329,4.1,91.5,100.0,0
10265,52449,0.714,1,6712,72,0.688,2.7,54.9,57.8,0
10171,51577,0.964,8,1471,67,0.771,3.86,88.1,58.7,1
10870,57884,1.0,8,7689,56,0.645,2.22,80.3,64.9,1
10932,58409,0.573,6,6081,70,0.54,3.23,71.2,60.7,0
10021,50214,0.561,1,1108,43,0.758,2.11,50.1,49.3,0
10082,50779,0.183,3,8984,56,0.691,3.33,53.5,73.6,1
10604,55512,0.76,5,6635,71,0.617,3.59,77.6,68.9,1
10375,53497,0.564,5,2338,72,0.684,3.11,87.9,64.4,0
10969,58741,1.0,7,8831,71,0.793,2.74,67.8,74.2,1
10222,52044,0.276,2,7876,64,0.706,3.08,69.6,57.1,0
10970,58763,1.0,3,3531,78,0.641,4.29,78.0,85.2,1
10948,58554,1.0,5,6305,57,0.504,3.36,57.9,47.1,0
10594,55421,1.0,6,1765,58,0.458,4.19,58.8,74.0,0
10681,56155,0.499,5,3101,50,0.646,3.82,72.8,59.9,0
10168,51568,1.0,3,1417,71,0.701,3.69,83.5,68.7,1
10015,50166,0.841,2,5013,39,0.818,2.57,62.0,44.1,0
10507,54703,0.101,0,3551,31,1.0,2.57,43.1,42.2,0
10384,53567,0.628,1,3741,36,0.819,2.47,34.5,42.9,0
10829,57504,0.386,7,2686,74,0.732,3.57,70.3,73.1,0
10970,58768,1.0,6,2613,77,0.664,4.13,85.2,76.1,0
10597,55440,0.31,2,6641,74,0.686,3.75,94.9,73.7,1
10217,52014,0.301,10,1888,64,0.662,3.69,79.2,72.8,0
10027,50274,1.0,4,3804,73,0.738,3.57,83.1,63.7,1
10420,53861,0.926,3,3801,45,0.939,2.91,61.1,45.1,0
10448,54168,0.931,4,2487,37,0.613,2.37,58.4,35.3,1
10862,57817,1.0,3,4779,71,0.586,3.76,73.8,84.3,1
10408,53789,0.94,5,7495,81,0.554,3.38,68.0,66.8,1
10563,55184,0.297,0,2256,41,0.864,1.96,54.1,42.5,0
10039,50395,0.238,4,2169,59,0.642,3.52,69.3,43.1,0
10060,50584,0.338,3,7440,76,0.542,3.8,91.9,100.0,0
10990,58922,0.706,4,5077,51,0.805,3.0,76.3,71.9,1
10998,58990,1.0,0,1155,53,0.81,2.28,52.3,52.7,0
10012,50117,1.0,6,7006,51,0.625,3.44,79.3,100.0,1
10737,56645,1.0,7,2046,67,0.726,3.81,83.9,64.0,0
10895,58048,1.0,4,7506,57,0.593,3.26,83.8,82.1,1
10760,56870,1.0,3,6627,86,0.711,3.63,85.2,70.4,1
10994,58958,1.0,0,6530,53,0.7,3.19,62.2,66.6,0
10992,58941,0.9,6,6273,53,0.82,1.97,48.1,37.0,0
10879,57929,0.373,3,997,47,0.587,2.97,62.5,68.0,0
10054,50521,0.293,5,6267,65,0.641,2.69,66.7,74.7,0
10192,51764,1.0,1,2700,71,0.72,3.19,72.8,64.8,1
10202,51876,0.128,1,2233,34,0.911,3.05,44.9,54.3,0
10584,55356,0.258,1,1061,16,0.859,1.86,45.8,28.8,0
10428,53966,0.873,0,8324,21,0.883,2.35,34.3,23.0,1
10362,53345,0.488,5,8957,54,0.789,3.55,77.4,67.3,1
10731,56599,1.0,8,1220,66,0.608,2.93,74.1,93.7,0
10245,52254,1.0,2,1593,76,0.583,3.73,100.0,88.6,1
10760,56878,1.0,3,5286,66,0.806,3.94,84.2,62.9,1
10350,53225,1.0,4,3650,40,0.553,3.46,54.4,57.1,1
10054,50527,0.711,5,6966,56,0.666,2.89,75.0,51.6,1
10808,57333,0.358,8,1553,70,0.565,3.42,79.6,71.2,0
10318,52947,1.0,3,7586,62,0.73,3.23,84.4,77.7,0
10478,54474,0.488,6,6592,65,0.846,3.36,67.3,47.5,1
10423,53900,0.45,4,1234,66,0.628,3.7,88.0,96.4,0
10620,55656,0.449,2,7939,44,0.738,4.21,83.2,40.8,1
10073,50693,1.0,8,5904,33,0.809,3.37,62.2,59.6,1
10672,56060,0.689,1,1052,54,0.831,1.94,55.1,27.5,0
10100,50960,0.576,2,3460,50,0.761,2.2,68.5,46.7,0
10476,54445,0.892,3,7655,71,0.615,3.11,65.9,61.9,0
10940,58484,0.21,1,6578,64,0.81,2.04,34.4,47.4,0
10703,56343,0.321,2,7359,45,0.518,2.95,50.3,62.7,1
10679,56132,1.0,6,2297,67,0.515,3.62,92.3,100.0,0
10392,53634,1.0,8,1963,52,0.76,2.65,59.8,46.2,0
10639,55806,0.577,3,8475,54,0.939,3.14,67.0,61.9,0
10111,51051,0.86,3,1305,48,0.772,2.37,61.3,45.8,0
10060,50591,0.423,8,4762,81,0.423,4.03,96.5,93.6,0
10054,50520,1.0,5,7517,61,0.693,3.06,74.7,51.3,1
10365,53381,1.0,1,3570,51,0.613,3.05,67.5,67.1,0
10396,53677,0.204,3,7213,47,0.61,2.97,62.9,57.2,1
10635,55777,1.0,2,1594,35,0.541,2.19,56.9,45.2,0
10896,58070,1.0,3,6524,29,0.881,2.4,51.7,44.9,1
10728,56574,0.31,0,2023,42,0.703,2.1,38.5,35.6,0
10562,55180,0.203,3,6762,60,0.775,3.38,60.6,65.9,0
10174,51608,0.248,4,2810,54,0.951,2.61,54.1,38.4,0
10388,53611,1.0,3,4984,69,0.674,2.83,35.9,25.7,0
10972,58783,0.262,3,8845,65,0.613,3.1,77.0,64.1,0
10737,56636,1.0,2,8394,62,0.49,3.1,65.5,61.7,1
10999,59001,0.699,2,1370,49,0.79,2.82,53.9,49.3,0
10196,51810,0.869,5,2716,43,0.772,2.09,31.9,38.1,0
10083,50792,1.0,4,1204,60,0.712,3.18,71.1,55.8,1
10084,50793,1.0,5,3991,64,0.583,4.1,82.5,82.5,1
10895,58053,0.793,7,5694,61,0.564,3.66,79.5,79.4,1
10200,51856,0.742,1,3955,75,0.666,3.99,80.2,88.5,0
10214,51981,0.141,3,4016,36,0.856,2.46,50.2,46.9,1
10351,53234,0.885,1,6209,48,0.612,2.87,73.1,62.2,0
10387,53599,0.795,2,1717,53,0.915,2.77,62.2,41.5,0
10096,50934,0.478,3,7830,76,0.667,4.13,75.5,73.4,1
10428,53964,0.512,2,4884,22,0.803,2.15,32.4,27.8,0
10804,57297,0.392,2,6580,50,0.901,2.97,50.6,41.1,1
10617,55627,1.0,4,4628,48,0.555,3.11,70.7,73.6,1
10603,55507,0.309,5,6997,61,0.643,3.42,71.8,54.7,1
10673,56073,1.0,7,6294,69,0.471,3.07,74.5,64.8,0
10182,51683,0.833,3,3331,70,0.542,4.84,92.5,76.8,0
10449,54180,0.946,3,6135,50,0.721,3.32,43.1,55.1,1
10434,54027,0.276,4,4723,47,0.769,2.49,47.7,52.8,0
10936,58447,0.68,6,8550,57,0.674,4.63,80.1,65.6,1
10714,56447,0.726,3,6623,69,0.753,2.39,68.6,32.2,1
10443,54117,0.285,4,7722,57,0.53,4.39,83.6,71.0,1
10103,50989,0.489,0,1151,29,0.957,1.43,29.9,18.8,1
10836,57560,0.266,4,4070,50,0.691,3.62,60.0,57.8,1
10916,58265,0.889,2,3754,55,0.708,2.92,71.8,54.2,0
10370,53454,0.316,3,2840,38,0.795,3.8,80.2,65.7,0
10313,52897,1.0,6,4054,69,0.538,3.38,74.7,59.2,0
10407,53779,1.0,3,1572,55,0.914,2.16,57.2,46.6,0
10620,55659,1.0,4,5037,51,0.691,3.5,76.7,53.8,1
10910,58206,1.0,4,5059,58,0.785,2.71,55.3,42.6,1
10336,53094,0.0,5,4965,46,0.906,1.8,28.7,15.5,0
10344,53156,1.0,3,7065,53,0.76,2.92,59.1,50.1,0
10550,55070,1.0,4,6403,81,0.675,3.48,87.3,63.9,1
10639,55807,0.756,2,5998,62,0.802,2.84,69.0,61.1,1
10347,53202,0.84,2,5226,30,0.889,1.65,40.5,39.1,1
10876,57910,0.181,0,2931,40,0.902,1.27,40.7,23.9,0
10959,58660,0.727,0,3850,49,0.836,1.62,36.3,43.5,0
10116,51099,0.572,1,2048,54,0.573,3.9,82.2,91.1,0
10903,58137,1.0,6,4605,66,0.705,4.23,100.0,79.2,1
10307,52845,0.656,2,3954,24,1.0,1.52,48.4,42.2,0
10091,50887,0.777,2,3919,61,0.612,3.06,86.1,93.6,1
10361,53343,1.0,4,8248,83,0.613,3.2,80.0,67.7,1
10839,57600,1.0,8,6942,71,0.536,3.02,84.5,75.7,0
10723,56541,1.0,2,1507,41,0.603,3.52,82.3,49.5,0
10933,58412,0.991,6,1567,46,0.692,3.22,50.0,68.8,0
10675,56097,0.413,5,3479,52,0.662,2.83,73.1,62.1,0
10053,50516,0.809,4,7380,66,0.586,3.84,66.4,52.8,0
10363,53357,0.499,4,6182,45,0.728,3.29,63.6,43.1,0
10523,54834,0.99,5,1821,59,0.783,2.13,57.8,42.4,0
10155,51454,0.923,1,1557,51,0.809,2.57,38.8,53.4,0
10382,53554,0.341,7,7770,62,0.738,3.82,86.9,44.5,0
10388,53610,1.0,5,1303,25,0.758,2.27,44.4,30.3,0
10874,57900,1.0,4,4861,46,0.706,3.21,49.7,62.8,0
10503,54666,0.957,3,8829,45,0.596,2.77,59.2,63.1,0
10270,52507,0.598,5,8857,40,0.814,2.37,50.1,45.6,1
10324,52995,0.316,2,1397,79,0.518,3.84,67.7,87.0,0
10433,54000,0.844,7,6161,77,0.63,4.38,89.0,71.6,0
10690,56223,0.756,8,8834,57,0.859,2.86,75.5,56.4,0
10969,58744,0.411,2,5355,73,0.742,3.34,66.4,59.0,0
10988,58909,0.84,1,7873,64,0.787,3.87,78.9,65.7,1
10094,50907,0.399,1,5004,36,0.728,3.0,47.5,46.2,0
10002,50029,0.927,6,7569,51,0.819,3.5,69.9,64.7,1
10920,58298,0.322,7,5737,58,0.832,2.34,58.0,43.1,0
10270,52508,0.974,6,6324,32,0.803,2.04,49.2,40.4,0
10262,52429,0.422,3,7391,52,0.677,2.92,72.1,62.1,1
10547,55044,0.612,3,4528,37,0.698,3.18,62.9,51.0,1
10583,55347,0.994,4,3287,52,0.753,2.91,50.6,51.5,1
10080,50763,0.684,5,3509,36,0.875,2.93,57.8,49.2,0
10404,53748,0.353,3,1816,63,0.65,3.25,59.1,71.1,0
10520,54812,0.302,2,7940,57,0.641,2.8,76.5,64.0,0
10028,50285,0.495,1,4935,44,0.866,3.25,56.1,61.6,0
10072,50687,0.331,4,7780,41,0.74,2.86,57.4,34.0,1
10520,54800,0.866,4,3970,75,0.722,2.81,79.7,59.9,0
10254,52354,0.322,5,8862,55,0.694,3.18,72.2,48.7,0
10704,56354,1.0,7,6616,41,0.503,3.1,74.4,53.2,1
10870,57881,1.0,3,8646,64,0.638,3.41,71.6,59.7,1
10493,54570,0.818,2,7426,40,0.764,1.59,31.8,29.7,1
10001,50022,0.337,1,5905,59,0.752,3.19,44.3,59.5,0
10298,52753,0.284,1,7999,47,0.706,3.13,55.9,37.3,0
10091,50886,0.713,1,5769,66,0.564,2.99,75.8,88.7,0
10928,58382,1.0,6,928,80,0.542,4.33,84.7,67.7,1
10095,50918,0.366,2,5763,57,0.829,2.54,31.7,18.5,0
10848,57682,0.735,2,3557,33,0.799,2.3,38.3,46.6,0
10109,51041,0.492,3,1261,43,0.638,2.65,51.3,44.2,1
10701,56336,0.864,4,4651,84,0.648,3.55,66.7,61.5,1
10858,57771,0.437,2,6505,62,0.88,3.3,58.5,46.4,1
10136,51266,0.881,1,6108,37,0.962,2.19,37.3,37.1,0
10493,54580,0.834,1,1502,44,0.782,1.78,38.5,26.5,0
10923,58335,0.997,5,2967,38,0.552,3.43,69.9,48.2,1
10780,57060,0.734,5,5623,64,0.818,2.72,57.4,61.0,1
10959,58663,0.928,3,994,26,0.745,2.26,30.5,57.7,1
10028,50278,1.0,4,4179,47,0.777,2.76,57.6,70.0,1
10551,55085,0.206,2,3563,33,0.9,1.85,54.5,50.4,0
10229,52085,0.651,3,5158,39,0.724,2.72,48.2,44.9,1
10134,51246,1.0,3,7157,64,0.705,3.53,82.4,51.3,1
10258,52383,0.649,2,3074,66,0.509,3.4,73.4,60.6,0
10059,50572,0.933,1,4121,47,0.745,1.73,44.3,63.4,0
10154,51436,0.909,4,1826,71,0.728,3.01,61.1,66.4,0
10423,53903,0.713,3,7003,68,0.472,4.4,96.9,88.3,0
10552,55090,0.694,3,5264,65,0.654,4.34,90.2,57.3,1
10134,51248,0.992,6,2642,68,0.692,3.43,78.4,73.3,1
10813,57360,0.066,2,5168,24,0.911,1.42,51.0,25.9,0
10506,54682,0.253,3,6852,57,0.586,3.89,80.8,68.3,0
10379,53527,0.861,4,7994,73,0.69,2.59,71.6,80.1,1
10726,56558,0.445,4,6614,15,0.399,2.16,34.5,30.3,1
10271,52515,0.778,2,5702,54,0.777,3.37,59.5,40.8,0
10597,55446,0.551,5,3322,73,0.678,3.76,82.7,68.8,0
10106,51008,0.691,6,5425,58,0.846,2.92,75.1,62.8,1
10515,54771,0.522,8,2983,81,0.535,3.94,91.2,100.0,1
10720,56509,0.762,5,4797,65,0.703,2.67,66.9,62.1,0
10772,57000,0.365,4,4666,67,0.516,2.91,80.1,70.0,0
10488,54544,0.305,7,1197,72,0.562,3.2,66.2,70.2,1
10817,57388,0.917,3,5222,37,0.644,3.63,59.2,61.9,1
10848,57683,0.296,7,7410,30,0.787,1.93,46.1,51.0,0
10476,54456,0.758,4,2861,57,0.665,2.93,53.1,56.0,0
10225,52065,0.722,2,2515,20,0.672,3.09,37.8,38.6,0
10584,55353,0.05,2,8147,15,0.876,2.17,44.1,35.9,1
10855,57736,0.451,2,4372,63,0.683,3.39,76.4,73.6,0
10183,51691,1.0,1,6807,31,0.779,1.6,40.8,44.1,0
10338,53118,0.52,3,6554,64,0.71,3.9,71.6,56.1,0
10949,58558,1.0,0,2566,67,0.662,3.04,64.5,46.7,0
10582,55344,0.73,4,3899,37,0.79,1.48,50.9,34.0,0
10215,51986,0.439,3,3357,69,0.914,3.35,80.4,57.0,0
10029,50295,1.0,4,8748,60,0.596,3.0,100.0,96.6,1
10165,51548,0.446,1,6303,51,0.742,3.04,77.9,94.7,1
10217,52013,0.385,4,7691,57,0.632,3.55,82.8,70.9,0
10060,50589,0.433,7,5925,88,0.62,4.03,87.1,100.0,0
10360,53330,1.0,4,4242,80,0.555,3.6,88.5,66.2,0
10260,52404,1.0,2,1181,56,0.636,4.43,77.3,76.6,1
10235,52130,0.201,1,4581,15,0.937,2.04,36.8,38.4,0
10433,53999,1.0,6,7660,82,0.61,4.75,83.1,73.5,1
10170,51575,0.318,3,4856,33,0.763,2.6,45.0,39.6,1
10403,53742,0.629,6,2590,51,0.637,3.23,57.9,61.9,0
10377,53509,0.518,1,3375,32,0.927,1.59,23.6,22.7,0
10920,58293,0.288,1,2674,45,0.831,3.0,48.2,58.1,0
10296,52720,0.366,4,7663,73,0.543,3.75,65.5,68.6,0
10485,54522,0.46,3,7258,45,0.894,2.02,53.7,56.6,0
10740,56679,0.385,4,3700,44,0.727,2.97,72.5,51.4,0
10559,55151,0.989,1,5161,89,0.48,3.94,99.5,85.9,0
10304,52809,0.983,4,7854,72,0.694,4.26,86.5,67.0,1
10950,58580,1.0,7,1726,55,0.645,3.19,65.0,54.4,0
10058,50557,0.452,4,7845,67,0.686,3.1,75.8,63.7,1
10696,56277,0.287,4,7781,35,0.728,2.46,42.1,42.3,0
10869,57867,0.643,1,2526,41,0.808,2.65,58.9,53.2,1
10519,54796,1.0,0,6130,51,0.766,3.04,52.3,53.9,0
10266,52470,1.0,7,5697,62,0.427,3.22,80.7,67.3,0
10402,53739,0.842,2,5528,52,0.909,1.69,49.5,51.4,1
10459,54287,0.341,3,8001,41,0.624,3.23,67.2,52.1,1
10896,58062,0.27,4,8374,29,0.775,2.51,50.4,51.2,1
10575,55290,0.745,4,6039,45,0.777,1.59,21.8,26.0,0
10186,51717,0.476,4,5056,79,0.478,4.0,85.0,87.7,1
10282,52605,0.94,6,2983,52,0.496,4.63,90.1,80.4,1
10897,58077,0.797,3,1100,32,0.641,2.51,63.8,39.6,0
10764,56925,0.831,2,6768,44,0.716,2.57,48.4,24.5,1
10185,51705,0.455,4,2924,49,0.827,2.38,68.1,52.7,0
10769,56960,0.422,3,4030,70,0.802,2.88,76.1,77.2,0
10742,56715,0.735,4,4099,79,0.588,4.39,85.9,80.7,1
10719,56497,1.0,1,5839,33,0.632,2.82,47.9,35.3,1
10236,52140,0.274,2,1921,62,0.684,2.79,51.6,52.9,0
10351,53240,0.94,1,3663,41,0.641,3.04,71.4,66.4,1
10258,52384,1.0,7,3276,82,0.461,3.75,61.9,67.1,0
10807,57315,0.707,4,3117,65,0.573,3.51,68.8,69.0,0
10463,54312,0.738,2,7129,38,0.76,2.35,56.1,21.4,1
10138,51286,1.0,7,1098,48,0.9,2.76,59.6,54.8,0
10140,51313,0.201,7,4912,71,0.747,2.87,77.1,56.0,0
10858,57767,0.224,2,5872,54,0.695,2.96,67.1,59.3,1
10216,51997,0.701,6,6557,51,0.608,3.83,79.0,63.3,1
10424,53931,1.0,1,5570,61,0.699,3.84,76.1,73.9,1
10684,56184,0.576,1,1066,15,0.842,1.59,29.6,38.7,0
10662,55986,0.74,2,1712,50,0.651,3.07,67.3,57.6,0
10822,57423,0.355,7,2034,62,0.668,3.45,66.0,89.5,0
10172,51592,0.263,4,1560,60,0.686,2.61,50.8,43.8,0
10965,58713,0.584,1,2700,58,0.822,3.24,68.9,54.2,0
10936,58450,0.363,3,3435,38,0.554,4.0,93.4,64.1,1
10237,52163,0.36,6,5475,44,0.784,2.79,61.7,67.1,0
10260,52397,1.0,3,1054,49,0.556,3.98,87.3,67.9,1
10031,50318,0.499,9,2572,71,0.619,4.21,79.3,81.1,0
10706,56368,0.372,4,4448,44,0.824,2.73,50.4,46.8,1
10942,58500,1.0,2,3747,68,0.697,3.76,82.7,76.5,0
10338,53112,0.371,6,1044,52,0.735,3.4,54.2,69.8,0
10569,55234,1.0,1,1877,40,0.816,2.91,49.2,20.1,0
10863,57824,0.687,1,6300,26,1.0,1.39,32.1,15.8,0
10550,55069,0.459,3,8754,87,0.679,4.05,89.8,73.7,0
10435,54037,0.289,4,5792,50,0.571,3.3,75.0,71.8,0
10084,50796,0.489,4,2375,64,0.679,3.95,81.8,86.6,0
10327,53021,1.0,3,7217,72,0.475,3.3,80.3,71.6,0
10186,51712,1.0,6,8446,83,0.473,4.5,79.1,76.1,1
10365,53388,0.665,6,8090,49,0.756,2.73,53.3,65.3,0
10003,50037,0.251,3,5340,50,0.794,3.07,63.2,65.5,0
10489,54550,1.0,1,5575,62,0.578,3.7,75.8,42.5,1
10095,50914,0.598,2,6903,61,1.0,2.65,25.7,27.2,0
10627,55722,0.418,1,2243,57,0.537,3.28,79.3,50.2,0
10577,55296,0.569,2,2605,33,0.82,1.41,40.5,21.7,0
10430,53973,0.213,5,1755,53,0.742,3.26,66.8,58.4,1
10586,55371,0.784,1,3811,27,0.874,2.36,34.7,49.1,0
10716,56472,0.198,0,3769,32,0.8,2.23,56.5,39.3,0
10445,54134,0.139,1,4391,17,1.0,1.54,44.4,49.5,0
10101,50975,1.0,6,4912,52,0.691,3.31,58.9,66.9,0
10804,57292,0.334,5,3311,42,0.899,2.62,48.9,40.4,0
10102,50984,0.42,3,4748,64,0.606,3.59,80.0,100.0,0
10864,57833,0.255,2,1318,43,0.74,2.13,37.9,19.8,0
10887,57996,0.711,0,5753,62,0.657,2.65,70.6,60.6,0
10152,51419,0.432,4,8244,54,0.577,4.12,82.7,82.8,1
10900,58106,0.995,7,4899,93,0.6,3.64,80.7,88.4,0
10167,51561,1.0,2,8455,61,0.662,2.6,45.5,19.6,1
10445,54136,0.083,2,2412,18,0.946,2.42,38.6,36.9,0
10613,55583,0.973,2,4876,54,0.624,3.55,67.6,77.7,1
10878,57926,1.0,4,3501,66,0.709,2.6,66.6,55.4,1
10457,54266,0.643,7,6211,66,0.717,3.98,88.8,72.0,1
10146,51356,0.221,1,8777,43,0.838,2.35,61.0,40.0,1
10927,58374,1.0,0,7057,40,0.788,3.47,80.5,43.8,1
10545,55017,0.702,2,6781,34,0.699,2.78,45.6,35.5,0
10970,58758,0.44,2,8941,70,0.634,4.33,85.1,78.9,1
10102,50988,1.0,1,7945,74,0.672,3.73,91.1,87.9,1
10291,52683,0.698,2,4000,42,0.785,2.63,49.5,33.1,0
10548,55048,0.661,3,7534,46,0.748,1.77,51.1,49.7,0
10178,51641,0.426,2,7137,65,0.679,3.57,86.9,74.7,0
10138,51291,0.526,3,3926,50,0.869,3.09,61.6,54.9,1
10396,53682,1.0,3,5632,40,0.575,3.08,65.2,64.4,1
10148,51381,1.0,5,6738,58,0.608,3.72,73.5,82.9,1
10209,51934,1.0,4,2184,54,0.529,3.17,71.5,62.2,1
10505,54676,0.318,4,2025,45,0.722,2.96,66.5,62.8,0
10258,52377,1.0,6,2660,62,0.488,3.55,81.4,70.2,1
10344,53161,0.999,2,7327,64,0.891,2.89,56.9,48.9,1
10220,52031,0.976,1,4964,50,0.742,1.93,46.4,38.8,1
10092,50893,1.0,2,2717,78,0.454,3.92,69.1,82.0,0
10803,57288,0.395,1,7136,81,0.523,3.91,80.1,64.7,0
10529,54877,0.337,7,2020,44,0.946,2.47,47.9,57.6,0
10437,54070,0.532,3,2050,88,0.701,4.25,80.1,60.3,1
10456,54256,0.918,8,8470,60,0.802,2.35,73.2,77.9,1
10000,50003,0.473,2,3060,35,0.918,2.56,46.3,41.6,0
10901,58112,0.252,5,5588,48,0.833,3.1,53.8,41.0,0
10936,58442,0.731,2,5747,72,0.63,3.87,85.3,64.2,1
10232,52110,0.876,3,7772,57,0.588,2.49,60.6,59.8,1
10089,50850,1.0,4,8314,67,0.716,3.16,91.8,54.2,0
10297,52738,1.0,7,1737,47,0.587,2.84,73.4,61.0,0
10266,52467,0.781,2,2274,65,0.573,2.9,77.5,74.6,0
10207,51915,1.0,3,1335,51,0.734,3.84,71.1,77.8,1
10173,51597,0.309,4,6848,45,0.788,2.19,40.5,41.9,0
10651,55873,0.971,5,7618,65,0.66,3.4,56.6,50.4,0
10207,51914,0.406,9,4997,57,0.649,3.2,77.9,75.0,0
10559,55140,1.0,8,5263,53,0.712,4.2,96.6,90.2,1
10966,58728,0.563,2,7565,65,0.65,2.74,75.1,49.6,0
10619,55641,0.215,5,1631,50,0.961,3.49,64.9,33.0,0
10297,52737,0.385,5,6790,45,0.644,3.02,70.3,63.9,1
10076,50727,0.877,2,8631,55,0.696,2.97,59.6,68.7,1
10796,57215,0.831,1,2873,64,0.699,3.67,80.5,69.1,0
10004,50054,0.74,1,3637,74,0.552,3.37,67.3,51.2,0
10195,51797,1.0,4,5283,43,0.743,2.76,56.3,55.3,0
10418,53846,0.364,5,7229,56,0.719,2.81,65.8,69.8,0
10664,56008,0.261,3,2710,72,0.664,3.71,71.1,81.9,0
10711,56403,0.441,4,6471,73,0.581,3.76,74.0,94.6,0
10277,52554,0.242,3,7608,41,0.762,1.87,38.5,38.9,0
10303,52801,1.0,3,3327,42,0.794,3.43,60.1,51.8,0
10097,50937,0.193,2,5192,33,0.777,1.85,57.6,35.1,1
10897,58075,0.598,3,3949,42,0.611,2.23,68.0,47.6,1
10087,50825,1.0,2,4014,66,0.888,2.98,61.0,59.0,0
10464,54322,0.916,3,6498,62,0.616,3.39,65.5,60.0,0
10803,57275,1.0,4,2447,64,0.547,4.44,66.0,66.3,1
10366,53402,0.676,5,5934,46,0.652,4.06,61.4,82.4,1
10149,51390,0.928,5,8718,72,0.746,3.87,80.5,78.7,0
10383,53565,0.792,5,1255,73,0.633,3.03,66.4,53.6,0
10820,57411,1.0,5,1786,52,0.548,3.58,83.3,71.0,0
10091,50885,0.955,4,4889,40,0.645,3.0,77.8,99.9,1
10595,55430,1.0,8,4594,69,0.4,3.92,100.0,91.0,0
10625,55704,0.639,3,1314,60,0.81,2.61,39.0,47.6,0
10623,55691,0.62,7,1525,66,0.764,3.2,71.6,47.9,0
10528,54868,0.845,5,8335,36,0.706,3.24,63.1,78.1,1
10742,56708,0.483,9,4261,82,0.583,4.19,93.8,88.5,1
10859,57781,1.0,5,1019,67,0.642,3.83,79.9,95.2,1
10706,56370,0.237,4,1178,48,0.795,2.92,48.0,49.0,0
10201,51869,0.35,3,6047,32,0.714,3.02,56.9,40.7,0
10562,55182,0.378,3,7046,56,0.751,3.52,62.4,54.2,1
10000,50011,0.425,5,2995,50,0.886,2.86,50.4,52.6,0
10367,53416,0.756,5,8911,54,0.524,3.93,73.1,65.7,1
10595,55422,0.41,11,2486,64,0.45,3.85,100.0,94.2,1
10827,57487,0.941,4,4526,32,0.662,2.45,43.0,34.2,1
10156,51464,0.637,2,1207,36,0.571,2.96,52.1,47.0,1
10086,50807,0.771,4,2518,74,0.727,3.15,72.1,46.4,0
10886,57987,0.905,4,3600,34,0.718,2.44,58.1,39.9,1
10851,57696,1.0,3,8195,56,0.547,2.6,53.5,35.3,0
10437,54069,1.0,10,8954,73,0.643,4.25,81.0,67.3,1
10232,52109,1.0,2,5183,62,0.583,3.08,60.0,64.3,1
10913,58229,0.987,2,4178,60,0.717,3.11,66.5,57.9,1
10222,52042,0.985,5,3968,54,0.563,3.0,67.0,64.7,0
10244,52235,1.0,7,6654,66,0.628,3.59,76.5,79.0,1
10805,57308,0.834,5,4480,71,0.544,3.97,74.8,92.1,1
10100,50964,0.996,1,5805,44,0.779,2.15,56.0,34.1,1
10829,57512,1.0,5,4801,64,0.664,3.99,65.3,62.2,1
10847,57677,0.73,1,1370,34,0.866,0.95,25.9,22.2,0
10483,54495,0.258,5,5612,60,0.535,3.53,83.2,77.9,0
10285,52633,0.428,4,2343,85,0.535,4.23,76.9,89.4,0
10674,56095,0.941,4,4945,69,0.822,3.13,75.3,73.0,1
10784,57093,0.34,5,8889,55,0.403,3.24,66.4,58.0,0
10074,50705,1.0,6,7152,73,0.757,3.72,68.1,65.8,0
10043,50432,0.485,0,2643,34,0.827,1.95,24.1,30.7,0
10470,54389,1.0,1,1418,47,0.806,1.62,39.7,11.1,0
10674,56078,1.0,3,7560,72,0.834,3.3,69.0,75.4,0
10014,50146,1.0,1,8812,39,0.457,3.35,79.6,74.5,1
10716,56468,0.453,4,7858,23,0.747,3.02,54.2,41.0,1
10221,52034,0.188,6,5168,58,0.713,1.88,54.2,55.4,0
10038,50376,0.713,4,4000,41,0.776,2.5,67.4,59.1,1
10124,51166,0.789,5,7870,80,0.605,3.31,70.0,63.0,0
10376,53501,1.0,2,8532,57,0.74,2.75,55.9,63.1,1
10223,52051,0.348,4,3369,73,0.68,3.68,67.5,70.9,0
10405,53761,0.611,3,5142,58,0.88,2.59,37.3,37.1,0
10285,52625,1.0,5,6812,86,0.384,4.95,78.0,89.1,0
10481,54485,0.981,5,4664,82,0.59,4.3,91.9,76.1,0
10475,54436,0.536,8,3971,69,0.622,4.55,87.3,81.6,0
10964,58705,0.621,4,7108,54,0.497,3.0,71.5,69.8,1
10839,57594,0.519,3,1212,83,0.553,3.21,92.6,89.2,0
10781,57070,0.397,2,3252,50,0.92,2.69,46.9,48.9,0
10468,54362,1.0,6,4285,47,0.705,3.12,58.1,44.1,0
10262,52425,1.0,1,7847,46,0.753,3.59,65.9,62.1,1
10136,51263,0.296,2,8589,17,0.915,2.43,38.0,27.1,1
10193,51772,0.366,5,7577,49,0.838,2.9,76.5,55.9,0
10377,53512,0.361,2,6912,24,0.78,1.6,29.2,35.9,0
10027,50272,0.764,4,4631,77,0.666,3.77,66.9,65.2,1
10519,54793,0.902,3,5136,52,0.772,2.62,55.4,54.1,1
10524,54844,0.825,4,8910,57,0.85,3.25,51.0,63.6,0
10025,50245,1.0,6,7379,58,0.697,3.12,68.4,74.9,1
10981,58859,0.577,2,4312,66,0.698,3.85,74.9,46.8,0
10493,54573,0.735,1,2262,22,0.727,1.58,42.1,24.1,0
10221,52033,0.238,8,2878,64,0.619,2.27,49.6,48.7,0
10548,55054,0.912,3,5214,39,0.684,1.52,36.5,45.4,0
10855,57743,0.99,7,3334,70,0.586,3.27,79.1,78.9,0
10086,50814,0.351,4,7090,59,0.646,3.09,75.1,55.7,0
10964,58698,0.269,2,3312,51,0.627,2.79,81.7,76.5,0
10665,56011,0.432,4,5913,63,0.628,3.1,67.4,47.9,0
10412,53811,0.613,2,3778,41,0.825,2.3,29.8,22.7,0
10629,55728,1.0,2,4537,50,0.636,3.19,60.7,55.8,1
10995,58966,0.415,1,3815,41,0.692,3.15,72.4,44.8,0
10884,57958,1.0,8,8585,67,0.571,3.62,89.9,83.6,1
10195,51805,0.13,2,3182,61,0.695,2.48,65.0,61.2,0
10925,58363,0.805,4,2314,54,0.641,3.32,74.6,75.6,1
10466,54347,1.0,4,3090,79,0.717,4.35,88.0,82.0,0
10266,52462,1.0,0,7675,47,0.482,2.81,77.2,54.2,1
10056,50546,0.18,4,2173,39,0.86,1.7,50.4,28.9,0
10352,53242,0.465,1,8255,47,0.774,2.18,39.3,48.8,1
10077,50739,0.726,4,3460,54,0.819,3.16,70.8,54.7,0
10031,50311,1.0,3,7347,81,0.556,3.65,86.4,94.9,0
10379,53522,0.708,7,3922,72,0.654,3.04,70.7,68.3,1
10777,57038,0.089,0,4490,25,0.909,1.89,39.1,24.3,0
10120,51132,0.274,4,4841,56,0.741,3.36,62.9,63.2,0
10608,55546,0.784,1,7026,32,0.767,1.95,52.2,28.5,1
10051,50493,0.449,4,4913,56,0.754,3.12,43.9,46.2,1
10443,54112,0.758,3,3749,63,0.525,3.13,85.1,56.2,0
10808,57329,0.834,4,8930,60,0.496,3.65,80.4,82.0,1
10300,52770,0.874,2,2763,29,0.758,2.54,61.6,38.7,1
10836,57565,1.0,5,6394,57,0.673,3.77,61.0,73.1,0
10095,50921,0.093,5,3445,51,0.89,2.58,19.0,44.3,0
10977,58820,0.615,8,5658,76,0.537,3.92,78.1,83.3,0
10909,58198,0.468,3,2529,58,0.692,3.26,60.1,55.8,0
10385,53588,1.0,5,4229,48,0.734,2.69,55.9,56.3,1
10737,56641,0.777,0,8292,55,0.546,4.41,84.6,62.4,0
10427,53960,0.376,5,5974,37,0.649,3.65,76.8,52.6,0
10003,50039,0.671,2,2668,73,0.617,3.25,64.2,55.2,0
10477,54460,0.375,5,6451,48,0.881,2.73,68.4,35.8,0
10786,57127,0.21,1,8954,72,0.777,3.48,69.9,56.5,0
10458,54279,0.265,2,3049,29,0.956,2.5,39.4,38.8,1
10787,57130,0.135,0,3777,24,0.852,1.95,20.5,18.9,0
10324,52984,0.346,4,7315,69,0.602,3.6,66.9,78.5,1
10575,55291,0.202,1,2744,30,0.832,2.02,19.2,28.6,0
10768,56949,1.0,4,6820,56,0.651,3.74,71.1,70.6,1
10013,50131,0.422,5,2960,45,1.0,2.97,51.4,43.0,1
10568,55218,1.0,4,1828,55,0.521,3.57,89.4,74.0,1
10991,58931,0.912,4,8640,38,0.637,3.23,49.9,49.8,0
10289,52668,0.539,1,8162,22,0.738,2.37,50.1,55.5,1
10787,57139,0.759,2,4588,23,0.908,1.57,33.0,21.6,0
10350,53224,0.415,5,6800,48,0.544,3.44,61.6,44.2,0
10127,51183,0.943,1,7591,19,0.941,1.66,27.4,34.3,1
10590,55393,0.325,1,7129,33,0.986,2.06,27.8,27.5,1
10065,50615,0.984,3,6425,47,0.851,3.0,61.2,59.4,1
10988,58914,0.979,7,1401,72,0.702,2.54,66.6,55.6,0
10156,51467,0.885,3,7554,58,0.62,3.03,59.3,42.8,0
10483,54498,0.617,2,2924,53,0.698,3.73,86.4,71.1,1
10330,53043,0.83,8,3000,69,0.743,4.33,79.0,79.9,0
10096,50935,0.437,4,8316,82,0.639,3.98,81.0,85.0,1
10262,52420,0.576,2,4270,59,0.779,3.56,61.5,78.6,0
10551,55086,0.263,2,6144,55,0.861,1.93,43.6,44.3,0
10357,53295,0.994,4,8739,68,0.599,3.5,81.2,90.1,0
10744,56738,0.668,4,8343,77,0.716,3.56,93.3,70.9,1
10881,57946,0.808,5,3487,34,0.795,3.58,51.5,41.4,1
10522,54823,0.859,4,7780,85,0.527,4.21,76.2,90.4,1
10087,50827,0.612,8,2808,68,0.862,2.9,58.1,78.9,0
10161,51522,0.309,7,3035,66,0.665,4.28,85.6,85.0,0
10756,56832,0.454,2,5097,51,0.836,2.75,53.0,52.0,0
10316,52931,0.104,4,4691,48,0.812,2.84,51.8,33.8,0
10454,54233,0.256,4,1352,42,0.888,2.73,68.4,44.5,0
10065,50629,0.355,3,5504,48,0.805,3.05,67.2,59.4,0
10475,54431,1.0,4,2236,71,0.586,3.7,85.1,88.1,0
10419,53854,0.146,2,5016,36,0.762,2.6,62.2,53.7,0
10039,50391,0.343,4,2208,78,0.707,3.53,62.3,71.1,0
10466,54346,0.877,4,1465,75,0.703,4.01,96.9,100.0,1
10983,58873,0.889,1,8878,62,0.712,3.28,63.2,49.5,1
10786,57125,0.405,4,1161,61,0.834,3.35,69.1,74.3,0
10656,55914,0.663,8,4052,69,0.497,4.53,90.4,78.6,0
10432,53991,0.165,3,4670,52,0.753,2.85,72.4,40.3,1
10040,50401,1.0,5,3449,54,0.541,3.11,74.3,58.7,1
10520,54807,1.0,3,8771,62,0.653,2.06,75.4,63.9,1
10558,55136,1.0,3,5126,49,0.61,3.17,77.1,58.2,1
10878,57919,0.652,4,2553,53,0.701,3.3,66.7,42.3,0
10363,53360,1.0,5,3161,34,0.786,2.87,59.2,44.0,0
10004,50047,0.849,5,4146,68,0.516,3.73,66.5,60.7,0
10620,55658,0.466,1,2700,68,0.757,3.34,73.0,52.2,1
10050,50489,0.996,7,4706,80,0.675,3.63,88.1,75.4,1
10432,53994,0.47,7,7472,73,0.749,3.3,67.2,47.7,0
10393,53643,1.0,9,1705,84,0.775,3.65,84.0,64.2,1
10401,53727,0.878,4,5514,89,0.586,4.51,89.3,75.2,1
10953,58596,1.0,7,5317,65,0.697,3.3,78.9,78.6,0
10567,55209,0.307,4,1058,69,0.677,2.5,73.7,53.9,0
10733,56610,0.947,4,1389,87,0.752,3.6,85.9,79.0,0
10580,55320,0.697,4,5518,35,0.831,1.76,62.7,36.7,1
10075,50710,1.0,6,4298,67,0.534,4.61,81.9,73.0,1
10786,57120,1.0,4,4212,58,0.658,3.36,75.3,59.4,1
10262,52422,0.341,4,1798,56,0.756,3.6,65.8,61.1,0
10615,55605,1.0,5,5856,51,0.697,3.33,72.6,63.8,1
10189,51751,0.401,3,5094,46,0.73,3.04,53.2,47.3,0
10994,58955,0.942,2,2002,49,0.6,3.21,62.1,43.8,1
10892,58022,0.918,5,4397,40,0.91,1.84,50.5,25.8,0
10436,54063,0.979,2,2450,62,0.939,2.62,31.3,19.7,0
10970,58748,1.0,8,6026,76,0.576,4.08,80.2,83.7,0
10034,50339,0.466,4,8361,76,0.786,3.22,80.5,81.4,0
10021,50216,1.0,1,6341,49,0.823,2.83,43.4,56.6,0
10395,53664,1.0,6,4324,51,0.853,2.05,50.5,43.4,0
10143,51342,0.438,1,8026,36,0.826,2.07,52.9,37.5,0
10952,58589,1.0,4,4754,51,0.762,3.3,69.8,35.7,0
10617,55617,0.983,3,5003,46,0.482,3.97,73.5,60.2,1
10423,53895,0.846,4,4974,77,0.647,4.03,97.2,86.2,1
10393,53641,0.361,4,2571,61,0.725,3.38,75.7,68.7,1
10032,50330,0.534,0,2593,44,0.813,2.47,57.9,47.8,0
10851,57700,0.813,0,1472,52,0.649,2.78,56.3,45.5,0
10325,53005,0.56,4,5132,53,0.503,3.66,91.3,90.5,1
10769,56961,0.239,2,3327,56,0.862,3.06,62.2,74.5,0
10440,54091,0.603,4,6835,57,0.526,4.06,79.7,78.0,0
10338,53116,0.288,4,5718,56,0.76,3.32,64.3,53.8,0
10980,58844,0.167,2,3080,39,0.711,2.16,55.0,41.1,0
10251,52323,0.4,2,1070,53,0.743,3.22,75.2,66.7,0
10739,56668,0.354,6,2483,79,0.658,3.89,80.6,55.3,0
10774,57010,1.0,3,6801,51,0.743,3.01,63.8,39.8,1
10452,54198,1.0,3,7458,51,0.508,2.92,47.4,30.5,1
10382,53550,0.383,5,6666,62,0.811,3.29,85.9,49.5,0
10156,51459,1.0,3,2946,33,0.597,2.75,57.4,54.0,1
10017,50172,0.365,3,7784,43,0.678,2.65,69.4,43.7,0
10452,54204,0.761,5,1540,41,0.57,2.89,51.7,36.9,0
10928,58378,0.265,5,3169,56,0.514,4.36,81.5,59.8,0
10384,53570,0.686,2,6828,33,0.669,2.28,53.6,39.2,0
10454,54227,0.23,3,4020,58,0.87,2.43,53.7,41.2,0
10560,55159,0.308,2,8049,41,0.896,2.48,65.5,33.2,0
10993,58948,0.533,2,6525,45,0.756,2.26,46.0,50.9,0
10684,56186,0.486,4,6338,26,0.74,1.57,27.4,43.4,0
10896,58067,0.816,0,5897,27,0.812,2.3,52.6,45.1,1
10097,50939,0.966,3,4074,51,0.708,2.3,56.4,50.3,0
10005,50061,0.419,4,8438,83,0.725,3.52,77.4,88.7,0
10133,51241,0.271,7,2947,61,0.697,3.26,71.9,66.0,0
10633,55761,0.2,1,1197,50,0.783,2.94,54.7,45.1,0
10558,55137,0.336,7,4688,75,0.684,3.14,76.0,63.9,0
10907,58182,0.51,1,6920,62,0.621,3.26,58.3,47.4,0
10759,56857,0.29,5,1606,37,0.667,3.07,60.7,47.6,0
10234,52121,0.732,4,2986,61,0.53,4.03,68.7,54.8,1
10162,51525,0.385,9,1342,74,0.669,3.46,85.7,83.9,0
10841,57618,1.0,5,1187,32,0.704,2.66,60.3,54.1,1
10014,50154,0.925,7,2213,48,0.482,3.82,86.6,69.3,0
10703,56345,1.0,2,3732,37,0.714,3.24,64.0,53.9,1
10049,50482,1.0,1,4326,44,0.65,2.82,66.0,52.3,1
10679,56123,1.0,3,8560,67,0.559,3.32,76.5,100.0,1
10477,54461,1.0,7,2498,38,0.861,2.75,67.4,45.8,1
10847,57675,0.345,0,6226,26,0.688,1.68,35.1,31.4,0
10784,57102,1.0,1,1417,47,0.579,3.15,65.5,64.7,0
10423,53921,0.201,2,8034,77,0.678,4.12,94.3,85.7,0
10845,57659,0.438,5,5840,59,0.468,3.39,74.8,67.3,0
10820,57412,0.727,5,8132,51,0.511,3.28,92.5,74.8,0
10192,51763,1.0,5,8648,64,0.644,3.53,71.3,61.0,1
10843,57635,0.54,3,6741,17,0.821,1.53,44.0,49.5,1
10807,57316,0.703,4,6918,67,0.734,3.09,78.8,60.4,1
10079,50751,1.0,1,4670,54,0.718,3.01,69.0,63.8,1
10853,57716,0.876,3,7306,41,0.676,2.36,60.7,56.2,1
10194,51786,0.878,5,4481,35,0.907,1.27,29.2,24.6,0
10904,58143,0.653,5,7754,70,0.56,4.33,86.1,90.6,0
10827,57480,0.567,2,4503,32,0.622,2.72,45.5,35.2,1
10687,56213,0.005,2,1021,37,0.707,2.02,30.6,18.2,0
10483,54502,0.406,1,4257,59,0.536,3.63,89.2,64.7,0
10526,54854,1.0,2,2297,25,0.743,2.62,57.6,32.2,1
10294,52712,0.943,1,1137,37,1.0,1.07,48.2,18.4,0
10748,56767,0.729,3,5221,53,0.699,2.89,46.9,42.1,0
10878,57922,0.896,4,3455,53,0.767,2.91,67.0,64.9,0
10452,54194,0.449,1,5576,46,0.532,2.64,48.4,22.3,0
10142,51334,1.0,2,8142,36,0.7,2.96,67.6,47.9,1
10134,51251,0.924,4,1245,72,0.656,3.55,78.7,58.2,0
10761,56888,0.28,1,5647,53,0.788,2.42,58.3,49.3,0
10309,52855,0.32,5,1178,40,0.875,2.8,53.0,21.2,1
10018,50187,0.312,3,3865,59,0.712,2.92,64.5,83.9,0
10120,51137,1.0,6,3435,64,0.863,3.14,72.1,53.5,1
10936,58452,0.936,8,3959,62,0.635,3.42,82.6,79.8,0
10967,58739,0.312,2,1021,61,0.636,2.8,61.8,51.9,0
10224,52059,0.647,2,2160,60,0.761,3.32,64.5,53.7,0
10909,58201,1.0,0,6578,52,0.733,2.93,84.9,44.2,0
10418,53851,0.988,5,3069,56,0.647,2.22,61.3,57.5,0
10014,50149,0.885,7,3912,64,0.461,3.69,92.8,79.1,0
10444,54125,0.913,4,2992,32,1.0,2.17,32.8,15.8,0
10531,54890,0.797,4,3871,86,0.476,4.19,89.5,78.9,0
10879,57938,0.98,5,6728,36,0.547,2.73,44.8,55.9,1
10364,53364,0.42,5,1550,61,0.517,3.51,92.9,83.6,0
10519,54789,0.12,5,6390,34,0.836,3.51,58.2,58.2,1
10310,52867,0.983,7,2462,82,0.504,3.83,87.2,79.4,0
10407,53777,0.221,5,7325,52,0.833,2.56,40.6,49.5,1
10149,51387,0.401,6,3111,70,0.761,3.42,96.5,81.3,1
10657,55942,0.897,6,3784,59,0.809,2.76,57.8,50.3,0
10334,53068,1.0,3,4171,69,0.642,2.65,61.5,74.3,0
10900,58100,0.694,7,8104,70,0.728,3.58,85.4,85.6,0
10624,55696,0.469,3,6776,42,1.0,2.62,43.1,45.5,0
10392,53630,0.334,4,5195,58,0.699,3.36,73.9,38.6,1
10943,58507,0.87,5,8583,65,0.68,3.22,65.1,66.6,1
10520,54798,0.362,4,5415,54,0.669,2.35,76.1,49.7,1
10876,57911,0.564,0,6878,26,0.877,1.8,26.6,24.8,0
10328,53029,0.286,1,5586,50,0.761,2.15,73.2,42.2,0
10323,52970,0.303,4,5125,63,0.673,3.79,86.8,78.2,0
10925,58355,1.0,3,4476,56,0.643,3.2,70.2,79.8,0
10186,51709,0.415,8,8637,77,0.549,3.95,88.0,81.5,1
10319,52954,0.65,3,2931,27,0.808,2.75,51.4,22.9,1
10047,50455,0.982,5,3708,51,0.7,3.99,83.0,84.4,0
10769,56965,0.244,6,7493,56,0.767,3.08,69.7,59.6,0
10680,56137,0.416,3,6574,55,0.658,3.75,76.1,73.1,0
10908,58186,1.0,3,5798,64,0.58,3.9,84.2,70.2,1
10711,56412,0.9,2,7496,72,0.529,3.39,75.2,77.6,1
10064,50610,1.0,5,4851,44,0.817,2.82,48.8,44.7,0
10457,54264,0.59,1,7557,56,0.72,3.9,96.6,78.0,1
10523,54827,0.28,3,2569,44,0.836,2.38,62.2,47.7,0
10067,50646,0.283,3,2428,71,0.608,3.31,70.8,64.3,0
10824,57455,0.651,3,6284,48,0.769,3.51,60.4,56.7,1
10226,52075,0.692,5,2602,70,0.634,3.71,61.8,56.4,0
10435,54053,0.746,1,1044,48,0.512,3.47,71.2,79.2,0
10970,58754,0.778,2,8462,70,0.629,4.19,73.4,84.1,0
10176,51623,0.431,2,7557,44,0.969,1.43,41.1,33.0,1
10506,54684,1.0,3,5095,55,0.59,3.85,88.2,74.4,1
10603,55498,0.526,4,5362,51,0.622,3.33,76.9,75.4,0
10788,57142,0.309,1,1621,66,0.558,3.74,81.6,80.6,0
10808,57321,0.379,2,1756,51,0.529,3.42,80.8,75.6,0
10638,55797,0.583,1,900,24,0.821,2.15,37.4,31.0,0
10792,57185,1.0,2,8300,62,0.626,4.06,75.1,77.3,1
10227,52082,0.857,2,3551,32,0.659,2.32,68.6,50.3,0
10782,57078,1.0,3,1536,59,0.817,2.58,52.2,42.7,0
10003,50041,0.297,3,4784,65,0.826,3.16,68.4,56.6,0
10601,55476,0.93,2,1207,32,0.64,3.15,57.0,47.8,0
10229,52090,0.935,5,7147,30,0.7,2.91,51.6,46.1,1
10424,53925,0.86,2,2131,67,0.796,3.94,70.9,86.5,0
10239,52176,1.0,5,7457,61,0.574,4.5,78.1,60.4,1
10807,57314,0.195,5,6421,71,0.646,2.29,68.2,72.7,0
10922,58322,0.354,4,2678,56,0.487,3.5,77.7,58.2,0
10006,50075,0.593,10,2289,78,0.819,3.57,79.6,54.7,0
10865,57838,0.863,8,6841,55,0.516,2.78,59.4,62.6,1
10410,53799,0.521,3,4528,33,0.788,2.38,52.9,25.4,0
10288,52658,0.369,2,4627,59,0.692,3.8,78.5,82.4,0
10345,53181,0.503,4,2019,75,0.757,3.36,70.0,92.1,1
10226,52077,0.405,6,3412,67,0.719,3.35,72.8,47.4,1
10045,50442,0.465,1,4563,38,0.531,2.95,53.6,33.4,0
10920,58300,0.218,3,6531,32,0.811,2.62,47.6,34.2,1
10223,52052,0.394,7,1507,56,0.669,3.9,71.8,70.4,0
10275,52542,0.893,2,5028,58,0.796,3.06,83.8,81.4,1
10819,57403,1.0,6,7175,47,0.698,2.86,61.1,50.9,1
10139,51302,1.0,4,3831,67,0.609,3.3,66.4,64.3,0
10651,55878,0.507,3,5622,56,0.812,3.64,63.1,67.9,0
10814,57369,1.0,4,1812,44,0.841,2.54,55.2,58.2,1
10368,53431,1.0,1,2643,36,0.655,1.31,23.8,27.9,0
10140,51305,0.217,4,8706,61,0.697,2.61,72.1,52.2,0
10024,50237,0.751,6,5620,52,0.728,3.2,64.5,75.1,1
10910,58203,1.0,6,5698,54,0.768,2.62,65.5,48.2,1
10282,52600,1.0,9,4016,57,0.628,4.56,93.8,94.9,1
10498,54617,1.0,4,3213,47,0.744,2.64,54.0,41.8,1
10279,52574,0.801,4,7434,53,0.678,2.9,80.1,59.4,1
10356,53281,0.999,2,7270,35,0.864,2.28,55.1,23.1,0
10345,53187,0.604,4,4808,78,0.9,4.07,69.0,100.0,0
10426,53954,0.628,1,5219,48,0.748,2.83,47.8,62.2,0
10300,52769,0.739,4,8856,38,0.814,2.12,63.0,39.6,1
10523,54832,0.359,2,3858,58,0.67,2.41,48.8,38.6,0
10454,54224,0.925,3,2916,42,0.802,2.3,62.1,54.9,1
10231,52107,0.221,3,7201,37,0.734,3.11,46.5,44.8,0
10290,52680,0.758,4,8468,41,0.926,2.73,38.9,44.0,1
10808,57326,1.0,2,2545,67,0.655,3.65,79.3,75.9,0
10299,52762,0.423,4,1339,60,0.851,4.56,97.1,87.6,0
10506,54689,0.319,10,3223,52,0.661,3.99,86.2,69.8,0
10591,55400,0.44,6,7981,64,0.849,1.84,57.2,57.0,0
10149,51388,0.482,2,5357,63,0.866,3.68,82.0,75.3,1
10313,52902,1.0,6,2951,51,0.479,3.32,74.5,59.8,1
10385,53578,1.0,3,7766,45,0.682,2.34,53.2,63.2,0
10869,57876,1.0,2,3024,45,0.892,2.42,57.9,39.5,0
10964,58693,0.982,1,6068,57,0.598,2.65,83.4,75.5,0
10783,57084,0.851,7,8491,20,0.778,2.02,56.7,40.5,1
10979,58834,0.522,5,5945,73,0.801,3.53,76.2,87.1,1
10818,57394,0.267,3,4473,47,0.92,2.46,53.4,54.2,0
10542,55001,0.784,6,4279,59,0.689,3.66,83.8,83.3,0
10649,55854,0.303,1,3422,49,0.918,2.6,46.6,48.9,1
10137,51280,1.0,3,5313,44,0.814,2.58,50.9,44.2,1
10939,58477,0.526,4,6609,63,0.748,3.73,73.0,67.9,0
10086,50805,0.276,1,3589,66,0.809,2.87,78.9,52.7,1
10711,56405,1.0,4,5517,59,0.451,3.05,71.0,66.0,0
10166,51556,0.713,1,3099,17,0.942,1.83,29.9,29.3,1
10946,58536,0.887,2,2568,52,0.664,2.86,53.4,66.8,0
10346,53191,1.0,3,1410,64,0.646,3.25,65.5,80.0,1
10492,54567,0.908,5,3057,52,0.75,3.06,49.8,53.4,0
10520,54803,0.235,3,6539,67,0.624,2.67,77.6,53.5,1
10964,58703,0.248,2,6848,60,0.564,2.91,67.9,83.0,0
10790,57167,0.397,5,3889,60,0.801,3.17,65.5,62.8,0
10524,54842,0.594,4,2699,70,0.728,2.94,66.9,49.6,1
10387,53595,0.092,4,3571,31,0.842,2.43,59.3,68.4,0
10668,56036,1.0,4,6132,41,0.622,3.58,59.8,76.4,1
10758,56853,0.549,1,1128,32,0.828,2.38,48.6,49.8,0
10769,56959,1.0,5,4044,34,0.783,3.18,65.0,78.3,0
10208,51921,0.441,2,8878,46,0.83,1.99,46.0,33.9,0
10053,50514,0.806,5,1084,40,0.652,3.82,77.0,39.9,0
10449,54178,1.0,9,5388,45,0.735,3.4,48.1,40.4,1
10757,56844,0.969,4,6407,60,0.923,3.4,33.3,50.9,1
10140,51309,1.0,2,8983,73,0.84,3.02,70.9,77.2,1
10621,55668,0.207,2,1099,50,0.612,2.45,58.1,48.6,0
10095,50915,0.192,3,1253,36,0.898,2.3,36.4,29.0,0
10370,53453,1.0,6,3044,66,0.819,3.63,64.2,61.0,0
10397,53696,0.156,2,6555,37,0.786,1.74,33.8,36.4,1
10455,54243,1.0,2,8808,48,0.831,3.35,78.7,47.8,1
10344,53157,1.0,5,1396,45,0.903,3.25,64.2,45.9,0
10241,52199,0.386,6,2066,79,0.684,3.74,89.1,92.2,0
10865,57841,0.303,6,8855,59,0.647,3.79,66.2,68.6,0
10082,50775,1.0,2,6529,45,0.695,3.08,42.4,63.1,1
10474,54426,0.412,2,1551,53,0.623,2.95,43.4,73.5,0
10681,56151,0.613,5,8450,56,0.702,3.69,68.7,74.4,1
10675,56098,0.294,3,5895,37,0.535,2.75,62.2,38.9,0
10098,50944,0.695,4,3639,35,0.698,1.82,67.2,29.9,0
10087,50823,0.343,2,5767,72,0.912,2.52,51.0,71.4,0
10760,56879,0.842,3,4572,57,0.806,3.87,84.8,66.1,0
10543,55006,0.349,3,4749,55,0.96,3.03,74.4,62.4,0
10733,56613,0.449,7,5568,80,0.59,3.64,75.1,73.9,0
10458,54278,0.14,2,3228,35,0.741,1.74,36.4,45.4,0
10015,50165,0.533,3,7007,36,0.808,2.71,65.5,54.5,1
10617,55620,0.569,4,5809,44,0.564,3.24,65.1,69.0,1
10489,54548,0.887,5,3323,64,0.669,3.26,63.4,47.9,0
10431,53984,0.248,2,8900,37,0.843,2.02,22.0,38.9,0
10275,52539,1.0,0,6332,43,0.895,2.88,71.6,68.9,1
10769,56958,0.806,4,8458,50,0.818,3.01,68.0,53.8,1
10346,53192,0.855,0,5207,55,0.546,3.79,74.4,69.1,0
10140,51312,0.712,3,5249,59,0.654,2.88,62.9,68.8,0
10931,58400,0.505,4,5821,59,0.88,2.63,74.7,83.4,0
10567,55208,0.624,3,8539,52,0.636,3.08,68.4,54.4,0
10949,58563,1.0,3,6553,51,0.533,3.36,54.7,53.7,1
10838,57586,0.179,3,4150,35,0.8,2.57,58.7,21.1,0
10589,55384,0.373,1,5831,28,0.975,2.3,29.8,19.7,0
10995,58967,0.861,0,5876,27,0.734,2.63,65.3,38.3,1
10396,53676,0.625,5,8983,47,0.604,2.51,63.5,61.1,1
10859,57777,0.75,2,8002,72,0.608,3.29,78.0,84.4,1
10796,57219,1.0,7,4917,53,0.615,2.99,74.8,73.4,1
10743,56723,0.982,2,7109,74,0.676,4.67,92.0,85.6,1
10357,53301,0.986,4,2722,64,0.534,3.21,72.8,87.0,0
10358,53311,0.775,1,3033,16,0.989,1.75,40.5,22.5,1
10762,56905,0.44,2,3254,66,0.621,3.53,78.0,54.6,1
10796,57222,0.466,6,1851,53,0.631,3.39,80.9,70.4,0
10032,50328,0.745,3,6272,51,0.772,1.91,42.3,41.3,1
10652,55887,0.713,4,7476,36,0.743,1.99,39.7,42.8,0
10268,52491,0.734,6,2387,70,0.971,2.52,69.9,59.5,0
10966,58722,1.0,3,8132,62,0.694,3.12,59.5,48.3,1
10676,56104,0.427,5,999,34,0.764,2.82,59.2,57.7,0
10658,55955,0.252,1,5064,29,0.837,1.94,41.7,44.0,0
10964,58695,0.941,5,1369,57,0.471,2.89,69.3,77.8,1
10472,54409,0.73,1,4793,50,0.802,3.97,68.9,54.8,0
10088,50833,0.692,3,5400,66,0.95,2.65,60.9,52.2,0
10334,53080,0.55,5,1297,74,0.592,3.36,73.8,53.7,0
10830,57517,1.0,7,5745,63,0.668,3.52,72.0,62.5,1
10372,53463,1.0,2,8293,59,0.64,2.95,64.9,56.3,1
10577,55298,0.225,2,8387,48,0.835,2.02,34.4,35.1,0
10197,51824,0.344,1,1071,18,0.832,1.65,56.0,27.9,0
10844,57644,1.0,5,1893,59,0.774,4.31,66.2,65.0,1
10004,50055,1.0,4,3872,62,0.645,3.88,72.6,68.6,0
10691,56231,1.0,3,2193,43,0.751,2.54,62.9,50.4,1
10436,54065,0.675,3,4131,43,0.944,2.77,40.0,19.1,0
10370,53452,0.326,4,8264,56,0.803,3.59,81.7,67.0,0
10698,56306,0.372,2,8432,34,0.879,3.0,60.3,69.0,0
10205,51902,0.363,3,3749,43,0.575,3.25,76.5,71.5,0
10158,51482,1.0,3,5965,71,0.67,3.09,64.8,69.0,1
10529,54874,0.291,2,1696,37,0.863,2.46,49.8,49.0,0
10531,54896,1.0,2,2870,70,0.523,3.98,93.2,73.9,0
10862,57811,0.861,8,1118,62,0.593,3.7,92.8,84.2,0
10446,54151,1.0,4,5119,56,0.575,3.23,68.0,64.6,0
10781,57069,0.515,3,5631,54,0.888,2.18,58.7,30.3,0
10361,53336,0.643,4,8484,76,0.588,3.28,94.5,69.6,1
10665,56017,1.0,3,1355,69,0.618,3.55,62.1,46.5,1
10862,57812,1.0,6,4335,70,0.626,3.95,79.0,81.7,0
10534,54927,0.907,1,5841,61,0.829,3.31,69.7,62.4,1
10098,50947,0.317,3,7276,45,0.737,3.2,62.6,21.2,0
10638,55798,0.691,1,2778,40,0.867,1.54,23.8,36.7,0
10357,53294,0.336,1,6732,70,0.646,3.53,80.1,81.3,0
10237,52162,0.614,4,5536,42,0.739,3.11,55.0,52.7,0
10981,58851,1.0,4,8274,64,0.809,3.32,81.7,57.5,1
10551,55084,1.0,3,8692,52,0.819,2.24,58.4,45.5,1
10737,56646,0.446,7,6497,59,0.542,3.56,82.2,64.0,1
10914,58238,0.472,5,1116,56,0.869,3.46,88.6,63.7,0
10332,53058,0.865,2,1234,21,0.967,2.2,45.9,33.5,0
10810,57343,0.338,5,5704,46,0.727,3.3,62.2,52.7,1
10603,55491,1.0,2,7710,61,0.663,3.56,62.6,58.4,1
10744,56734,1.0,4,2759,63,0.636,3.87,94.9,76.9,1
10081,50769,0.592,4,4267,35,0.79,3.59,67.3,68.1,0
10225,52066,0.682,5,3938,37,0.864,2.14,39.3,34.4,0
10948,58550,0.317,3,3768,57,0.617,3.25,55.1,58.1,0
10375,53496,0.62,1,4407,64,0.736,3.3,79.0,85.5,0
10806,57312,0.226,5,3332,37,0.774,3.4,72.0,54.7,0
10029,50286,0.481,2,1963,62,0.565,3.25,83.9,91.6,0
10159,51501,1.0,6,2729,65,0.663,3.71,76.6,79.5,1
10485,54525,0.579,6,5258,41,0.801,1.88,53.4,50.2,1
10938,58466,0.846,3,2091,39,0.918,2.04,53.5,56.2,0
10252,52333,0.682,3,3753,57,0.831,2.69,58.9,57.1,0
10295,52718,0.637,1,7154,55,0.92,3.02,47.8,61.3,0
10227,52080,0.509,2,3825,41,0.564,2.37,67.5,60.9,0
10365,53390,0.506,1,1685,75,0.786,2.35,60.2,56.0,0
10076,50723,1.0,7,8431,62,0.615,3.49,63.3,51.7,1
10099,50952,0.689,5,6697,30,0.805,3.22,50.7,49.5,1
10268,52483,0.976,6,1251,56,1.0,2.83,65.7,73.7,0
10246,52263,0.804,4,3901,47,0.64,2.98,62.6,58.5,0
10103,50990,0.294,2,6539,16,0.901,1.97,34.8,9.3,0
10349,53213,0.465,6,6721,69,0.723,3.13,81.0,61.0,1
10190,51760,0.304,2,4252,24,0.91,1.85,33.5,32.2,1
10894,58039,1.0,5,8068,59,0.552,3.51,72.2,50.5,1
10474,54423,0.514,9,8219,40,0.744,2.94,59.1,58.3,1
10742,56705,1.0,6,7438,81,0.571,4.54,87.3,82.8,1
10601,55480,0.369,0,8810,44,0.678,2.75,57.7,54.4,0
10187,51725,0.472,4,2538,82,0.544,3.77,99.1,74.4,0
10563,55183,0.964,2,6084,61,0.81,2.48,54.1,43.4,0
10940,58486,0.546,5,4998,51,0.757,1.81,42.9,43.3,0
10034,50342,1.0,8,1176,55,0.61,3.11,85.5,68.5,0
10398,53702,0.112,4,1992,49,0.949,1.77,41.5,26.6,0
10456,54244,0.939,3,8516,52,0.712,3.79,71.7,74.3,1
10073,50689,0.57,1,4064,49,0.827,2.98,58.3,54.5,0
10368,53433,0.654,1,8816,37,0.568,1.72,22.7,20.3,1
10566,55204,0.998,4,3161,46,0.786,3.32,71.2,63.4,1
10536,54945,0.432,4,5597,59,0.804,3.07,72.5,63.8,0
10100,50967,0.326,1,5159,49,0.788,2.38,57.0,40.6,0
10338,53121,0.432,4,5307,52,0.749,3.56,57.1,53.3,0
10946,58534,0.41,1,5837,47,0.593,3.28,55.2,58.0,0
10242,52204,0.366,7,7487,23,0.78,3.41,64.4,61.3,1
10294,52714,0.493,1,8299,44,1.0,1.33,45.2,36.9,0
10515,54758,1.0,3,8784,74,0.613,3.74,85.7,100.0,1
10552,55099,0.693,5,6943,74,0.606,4.01,81.5,73.7,1
10933,58419,0.957,1,4334,42,0.57,2.79,49.5,63.9,0
10952,58590,0.974,2,5395,71,0.772,3.46,78.0,55.1,0
10699,56321,0.379,5,8344,81,0.59,3.55,82.4,73.4,0
10574,55281,0.744,6,6593,79,0.472,3.89,91.8,71.0,0
10661,55976,0.855,3,2786,42,0.829,1.8,49.2,27.2,0
10384,53573,0.596,3,2024,48,0.854,2.19,42.0,47.9,0
10520,54806,0.762,3,4965,74,0.658,2.92,80.1,56.3,0
10578,55300,1.0,6,2302,53,0.882,2.52,49.9,62.1,1
10215,51991,0.335,2,4820,56,0.898,3.37,80.7,54.4,0
10444,54121,0.412,2,7521,42,1.0,1.84,41.7,20.3,0
10515,54760,1.0,5,6984,80,0.531,4.47,98.4,87.9,1
10893,58032,0.736,0,5892,44,0.78,1.44,33.0,33.3,1
10577,55299,0.346,3,6869,35,0.725,2.05,41.2,22.5,0
10928,58383,1.0,2,5871,59,0.564,4.51,87.5,87.8,1
10539,54972,0.332,5,8260,42,0.632,3.28,74.5,43.9,0
10099,50955,0.937,1,6301,37,0.917,2.99,69.5,59.1,0
10547,55035,0.708,1,7000,51,0.625,2.99,53.6,56.8,1
10750,56784,0.426,5,5211,55,0.863,2.02,47.2,30.7,0
10387,53601,0.44,2,4139,39,0.878,2.38,59.4,66.2,0
10718,56491,0.451,2,8182,58,0.704,2.63,56.0,47.3,0
10951,58584,0.419,3,2241,51,0.771,2.03,58.6,41.3,0
10048,50475,0.942,0,1852,35,0.852,1.91,40.6,19.9,0
10896,58071,1.0,2,4506,47,0.887,2.78,60.1,43.4,0
10038,50386,0.17,5,3958,42,0.604,2.79,68.7,64.9,0
10885,57974,0.638,7,2269,51,0.798,3.86,81.9,55.9,0
10234,52123,0.992,3,5840,63,0.547,3.21,75.1,68.8,1
10176,51626,1.0,2,4188,35,0.906,1.53,48.7,28.5,1
10056,50537,0.961,4,1156,37,0.826,1.95,43.6,40.5,0
10708,56388,1.0,7,4223,63,0.596,3.99,64.0,68.9,1
10960,58676,0.271,2,2028,73,0.815,3.21,72.7,64.4,0
10885,57971,1.0,7,2217,67,0.747,3.74,74.5,63.8,1
10546,55033,0.196,4,3124,41,0.819,2.19,43.3,50.4,0
10864,57834,0.724,3,4563,55,0.774,2.2,41.1,35.5,1
10453,54213,0.188,4,6281,54,0.701,2.31,59.1,53.7,0
10715,56457,0.36,2,3033,59,0.789,3.2,59.4,56.6,0
10376,53508,0.325,5,1067,60,0.925,2.33,56.0,54.4,0
10020,50202,0.423,5,7223,44,0.586,3.07,75.4,68.8,1
10805,57305,0.554,7,5461,76,0.609,3.9,68.2,96.7,1
10142,51333,1.0,4,6025,40,0.637,3.19,52.7,30.5,0
10785,57113,1.0,5,8585,45,0.569,3.66,63.4,70.2,1
10376,53503,0.682,2,8650,66,0.883,2.71,50.3,58.3,1
10293,52709,1.0,1,3548,27,0.802,1.95,44.8,36.4,0
10667,56031,0.25,4,4704,36,0.806,2.18,51.9,48.9,0
10546,55032,0.324,3,6529,38,0.733,2.3,42.2,45.4,0
10720,56515,0.409,5,1531,45,0.841,2.85,62.4,61.1,1
10503,54663,1.0,6,8737,48,0.641,2.66,67.9,83.5,1
10434,54022,0.0,2,8859,46,0.738,2.34,41.6,42.1,1
10200,51855,0.553,3,5951,87,0.53,4.23,82.9,82.9,0
10940,58485,0.439,2,6379,49,0.8,2.03,58.2,41.2,0
10310,52873,1.0,6,3745,70,0.632,3.47,82.7,87.9,0
10328,53031,0.408,4,4075,45,0.775,2.68,77.3,52.8,0
10129,51206,0.202,4,5020,39,0.718,2.67,40.0,47.4,0
10726,56564,0.501,3,2058,24,0.534,2.3,44.9,30.8,0
10178,51646,1.0,6,5993,64,0.659,3.83,89.8,59.4,1
10367,53418,0.367,2,5499,62,0.519,3.55,67.1,69.9,0
10373,53477,0.402,2,2474,35,0.615,2.19,56.9,45.3,0
10953,58597,1.0,4,6307,79,0.607,3.63,76.4,83.9,1
10310,52862,0.728,6,4114,84,0.559,3.56,82.2,84.6,1
10195,51793,0.299,3,8490,51,0.707,3.02,66.9,54.0,0
10606,55527,0.378,10,7158,47,0.667,3.86,64.8,76.2,1
10764,56923,0.207,4,5511,25,0.786,1.74,42.3,32.9,0
10410,53798,0.421,1,2914,36,0.889,2.41,55.7,50.4,0
10364,53369,1.0,1,3370,55,0.662,3.57,73.4,74.9,1
10364,53368,0.616,4,5779,66,0.623,3.64,79.4,83.6,0
10380,53534,0.263,9,4307,48,0.589,2.42,71.7,48.6,0
10794,57197,1.0,3,7897,86,0.629,3.87,80.4,62.1,1
10961,58678,0.888,3,6894,54,0.841,3.43,71.8,65.1,1
10554,55110,0.963,3,4342,24,0.99,2.02,33.6,41.1,0
10665,56025,0.677,2,4694,57,0.737,3.16,64.3,59.8,0
10370,53450,1.0,7,7557,61,0.766,3.47,81.9,67.4,1
10884,57967,1.0,9,2955,72,0.562,4.13,86.8,80.2,1
10062,50604,0.066,3,6439,23,0.852,1.53,45.5,32.2,0
10332,53057,0.286,0,6927,24,0.94,2.55,34.9,27.9,1
10925,58362,0.273,8,5384,51,0.421,3.49,76.1,65.1,0
10013,50127,0.089,3,6597,20,0.827,3.0,49.6,72.1,1
10659,55960,0.326,5,5169,64,0.825,3.8,73.7,59.3,0
10421,53877,0.705,2,6004,54,0.571,2.1,52.0,19.4,0
10317,52936,0.311,3,5043,49,0.76,3.06,54.7,50.6,0
10805,57301,0.503,2,8478,66,0.735,4.28,79.4,86.8,1
10597,55444,1.0,5,5808,70,0.612,3.48,86.7,69.0,0
10788,57152,0.999,3,2570,68,0.61,2.72,92.0,71.1,1
10476,54452,0.292,1,6289,65,0.811,3.12,54.5,63.5,0
10788,57148,0.756,5,1740,67,0.482,3.71,87.6,77.1,1
10380,53532,1.0,3,2631,42,0.664,2.28,76.9,65.0,0
10297,52731,0.901,1,7778,71,0.637,2.74,75.2,66.6,1
10087,50828,0.204,5,5261,54,0.75,2.85,66.6,75.6,0
10178,51640,0.881,5,4949,67,0.694,3.66,92.0,72.8,1
10861,57791,0.451,6,2899,60,0.542,3.93,73.3,93.6,1
10787,57137,0.322,3,4206,29,0.876,1.76,33.2,27.4,0
10102,50985,1.0,6,8038,76,0.62,3.81,78.3,90.5,1
10356,53282,0.207,2,5320,19,0.809,2.15,44.1,31.1,1
10996,58975,0.181,1,1948,26,0.784,2.5,32.8,24.3,0
10860,57784,0.684,4,4571,22,0.872,2.8,64.9,38.4,1
10240,52189,1.0,6,6705,40,0.824,3.25,46.3,29.6,1
10247,52266,0.493,3,6698,81,0.635,4.07,83.5,82.6,0
10264,52444,1.0,3,4200,29,0.757,2.52,41.0,15.0,1
10037,50363,0.391,3,4571,66,0.702,3.73,77.7,92.0,0
10254,52350,1.0,4,6607,47,0.698,2.74,81.4,60.4,1
10034,50346,0.305,5,8538,65,0.763,3.69,91.4,85.3,1
10086,50815,1.0,2,4564,59,0.83,2.64,63.8,51.6,1
10682,56167,0.367,7,5601,91,0.564,3.6,71.5,68.9,0
10520,54808,0.732,3,8910,46,0.641,3.57,80.0,67.1,1
10348,53206,0.148,1,5204,40,0.54,2.21,49.4,46.2,0
10904,58150,0.944,2,6053,73,0.541,3.56,96.3,89.3,1
10315,52920,0.912,4,6085,48,0.427,2.39,65.9,33.0,0
10659,55962,1.0,2,6276,59,0.741,3.72,63.2,57.1,0
10360,53326,0.77,5,4346,68,0.622,3.66,74.1,75.7,0
10443,54107,1.0,3,5427,49,0.546,3.78,76.7,63.1,1
10636,55780,1.0,2,2204,35,0.751,3.2,59.2,51.4,0
10233,52117,0.864,3,6275,43,0.634,2.63,56.1,61.7,1
10823,57451,0.281,6,3046,70,0.542,3.13,58.1,73.6,0
10199,51835,0.525,3,7654,51,0.661,2.55,59.4,60.6,0
10084,50794,0.666,5,4947,77,0.532,3.39,71.8,81.5,0
10824,57460,1.0,5,1512,43,0.621,3.26,58.5,60.3,0
10212,51956,0.793,6,7624,43,0.433,3.01,62.1,56.1,0
10762,56899,1.0,6,3323,74,0.542,3.94,81.0,68.7,0
10290,52675,0.808,8,5948,27,0.75,2.26,42.9,41.2,0
10009,50095,1.0,8,4134,73,0.628,4.14,88.5,80.3,1
10956,58629,1.0,6,4598,62,0.498,4.22,70.4,83.5,1
10454,54226,1.0,4,1218,56,0.811,2.47,64.2,36.2,0
10404,53757,0.157,6,8752,54,0.583,2.73,62.6,71.1,0
10312,52892,0.692,3,1689,40,0.67,2.79,70.9,63.1,0
10257,52372,0.676,2,2060,32,0.925,1.56,42.6,20.5,0
10921,58315,0.129,0,6499,47,0.766,2.3,39.2,57.8,0
10900,58108,0.794,3,7170,89,0.734,3.34,90.0,93.7,1
10822,57429,1.0,8,1356,52,0.689,3.41,82.1,74.4,0
10936,58451,0.513,2,7983,67,0.722,3.79,81.5,72.1,1
10350,53229,0.319,3,4149,45,0.485,3.36,72.0,56.8,0
10681,56159,1.0,0,7709,40,0.59,3.53,76.7,71.8,1
10869,57864,0.66,1,7633,50,0.783,2.15,43.5,43.4,1
10784,57092,1.0,3,7875,42,0.461,3.55,64.3,51.7,1
10704,56360,1.0,1,8704,40,0.507,3.05,68.6,52.0,0
10663,55997,1.0,3,3257,45,0.843,2.73,61.7,70.1,1
10917,58268,0.91,3,2396,38,0.815,3.04,60.8,44.3,0
10938,58471,0.33,4,2018,40,0.852,2.64,50.2,47.8,0
10808,57327,0.973,4,3201,57,0.533,3.51,87.5,85.0,0
10666,56029,0.777,1,1835,31,0.744,2.11,39.4,28.1,0
10309,52854,0.191,3,2451,22,0.845,1.62,55.8,38.6,0
10956,58637,1.0,8,6700,72,0.596,3.61,79.1,74.7,1
10315,52913,0.226,2,8369,24,0.518,2.84,55.6,42.3,1
10201,51866,0.228,6,8147,64,0.838,3.85,50.5,55.2,0
10632,55755,0.957,2,7265,33,0.838,1.87,29.7,30.5,1
10497,54613,0.52,2,1925,78,0.547,4.44,81.0,69.6,0
10850,57690,0.303,3,7596,33,0.854,2.72,37.8,50.2,1
10200,51858,0.957,3,8311,73,0.616,3.7,69.2,87.0,1
10287,52646,0.932,3,1859,37,0.68,2.86,36.0,24.4,1
10244,52244,0.945,4,5995,70,0.487,3.42,77.5,66.1,1
10587,55374,0.6,3,5736,47,0.873,2.67,67.4,57.5,0
10253,52337,0.984,5,6952,59,0.653,3.87,86.8,82.6,1
10099,50951,0.583,0,1814,43,0.882,2.91,55.9,50.0,0
10837,57579,0.221,3,4942,28,0.838,2.66,40.0,48.0,1
10931,58404,0.747,4,8290,51,0.811,3.5,91.9,77.8,0
10334,53069,0.443,3,8892,60,0.6,2.66,74.8,71.2,0
10119,51121,0.99,2,2563,32,0.819,2.63,41.4,36.2,0
10840,57609,0.465,3,2576,80,0.342,3.93,90.4,81.4,0
10282,52598,0.548,1,5040,70,0.518,4.18,90.9,91.5,1
10242,52205,0.689,4,6887,29,0.738,2.91,59.2,59.1,0
10041,50420,0.203,5,4601,64,0.66,3.48,85.8,70.9,1
10096,50923,0.638,3,7402,85,0.681,4.15,82.9,74.9,1
10135,51255,0.746,6,2588,77,0.626,3.8,100.0,77.8,1
10049,50478,0.982,1,4459,47,0.704,2.9,69.0,41.4,0
10221,52036,0.761,4,1328,69,0.791,2.42,53.0,66.4,0
10593,55409,0.993,1,8569,61,0.745,2.98,62.8,44.7,1
10637,55789,0.232,3,4303,45,0.588,3.11,52.3,58.0,0
10631,55743,0.956,2,6032,60,0.652,3.05,78.5,57.2,0
10792,57183,0.476,9,7820,38,0.713,4.0,71.9,65.7,0
10846,57668,0.398,5,3589,72,0.711,3.45,86.9,82.8,1
10610,55568,0.763,3,7916,66,0.654,3.5,63.9,80.7,0
10741,56698,0.231,3,2715,22,0.652,2.31,58.3,54.9,1
10903,58136,0.391,1,4274,62,0.712,4.77,91.9,90.8,0
10129,51203,0.526,6,8931,44,0.799,2.53,58.4,57.8,0
10723,56535,0.863,4,2101,74,0.573,3.18,75.9,48.8,0
10285,52627,1.0,3,1268,74,0.526,4.42,85.6,90.7,0
10633,55766,0.739,2,8046,40,0.66,3.09,45.7,42.7,0
10977,58821,1.0,7,5793,69,0.646,3.96,92.2,78.8,0
10213,51971,0.405,0,4824,20,0.851,1.57,33.3,18.2,0
10338,53111,1.0,1,3804,56,0.795,3.23,61.8,58.0,0
10433,54019,0.538,5,3181,63,0.661,3.92,100.0,70.3,0
10237,52152,1.0,6,3779,33,0.698,2.88,82.9,56.7,1
10397,53688,0.486,2,7324,22,0.713,2.07,34.4,37.1,0
10533,54917,1.0,3,1185,42,0.601,3.45,81.1,54.1,1
10216,51998,1.0,3,3793,54,0.62,4.02,66.8,84.0,0
10434,54034,0.884,2,3310,34,0.903,3.26,55.9,46.2,1
10496,54599,0.359,3,3507,31,0.767,2.19,62.7,47.4,0
10332,53055,0.255,2,6309,15,0.876,2.58,42.8,22.5,1
10134,51249,0.603,2,1904,81,0.563,3.34,87.1,64.6,0
10240,52193,0.279,5,7754,40,0.718,2.85,45.4,43.0,0
10294,52713,0.531,3,981,29,1.0,1.6,44.4,37.5,0
10104,50993,0.908,1,3508,53,0.94,2.51,46.5,43.6,1
10240,52191,0.923,2,978,50,0.73,2.75,45.6,49.4,0
10504,54671,0.762,2,4566,46,1.0,2.76,51.1,45.2,0
10559,55143,0.522,5,3698,76,0.647,3.98,93.1,89.3,1
10662,55985,1.0,5,6917,43,0.758,3.06,53.9,63.4,1
10726,56566,0.525,4,8002,22,0.602,2.82,36.5,39.3,0
10862,57805,0.432,5,6324,56,0.685,3.87,76.8,95.0,0
10405,53763,0.99,4,4107,50,0.882,2.64,41.7,29.7,1
10767,56944,0.926,2,5760,57,0.868,2.58,45.3,42.8,1
10387,53598,1.0,7,6120,37,0.812,2.65,67.6,48.2,1
10508,54712,0.284,5,3969,52,0.623,2.95,68.8,51.5,0
10141,51319,1.0,3,6524,49,0.84,2.69,43.8,36.3,1
10201,51864,0.612,1,3770,63,0.787,3.42,46.2,42.9,0
10253,52344,1.0,5,7117,71,0.776,4.25,79.6,76.3,1
10265,52450,1.0,2,5044,72,0.856,3.31,57.8,70.1,0
10236,52137,0.279,2,4061,76,0.759,3.12,53.7,53.6,0
10112,51066,0.173,4,7078,52,0.576,2.08,38.2,43.2,0
10651,55869,0.855,6,3666,69,0.727,3.3,79.1,71.9,0
10062,50601,0.186,4,1934,27,0.992,1.39,36.7,15.9,0
10454,54228,0.283,4,4766,37,0.794,2.64,64.3,34.8,0
10284,52622,0.344,5,1773,53,0.459,3.57,61.9,62.9,0
10837,57578,0.389,4,4005,44,0.813,2.17,41.5,54.4,0
10006,50078,0.582,4,4848,53,0.842,3.17,65.7,47.0,0
10834,57547,0.643,0,3812,33,0.688,2.68,52.4,56.1,0
10313,52899,0.754,3,5238,55,0.666,3.77,68.8,63.0,1
10522,54821,0.586,3,3928,70,0.663,3.42,80.7,79.5,0
10926,58370,0.862,5,4817,55,0.838,2.26,64.7,64.6,0
10712,56414,0.82,3,1100,60,0.711,4.2,78.5,65.5,1
10889,58008,1.0,5,2097,77,0.721,3.22,90.9,97.6,1
10600,55469,0.378,4,1980,50,0.578,3.37,88.1,67.9,0
10658,55952,0.167,1,6818,27,0.933,1.81,47.8,46.7,0
10365,53392,1.0,6,6075,47,0.679,3.1,54.6,62.4,0
10594,55416,0.378,6,3105,60,0.613,3.58,67.0,74.1,0
10278,52561,1.0,7,8755,68,0.668,2.93,63.1,56.0,0
10906,58163,0.266,2,4291,51,0.843,2.33,57.7,74.4,0
10285,52636,0.943,3,5948,68,0.576,4.23,90.0,91.6,0
10572,55257,0.989,4,7994,54,0.668,3.07,94.3,59.5,1
10380,53531,0.665,5,1688,49,0.659,2.66,79.7,48.0,0
10207,51909,0.555,3,2346,64,0.807,3.81,67.4,84.4,0
10024,50236,0.373,9,7286,62,0.694,3.96,60.9,62.4,1
10174,51605,0.721,2,7578,53,0.887,2.55,57.2,31.3,0
10886,57985,0.829,4,2503,40,0.735,2.99,70.3,47.9,0
10375,53491,0.355,1,3194,61,0.706,3.4,77.2,64.6,0
10216,51995,1.0,1,1418,53,0.598,3.86,72.7,68.0,1
10305,52825,0.183,4,1673,59,0.841,3.09,55.8,56.8,0
10970,58765,0.758,2,8843,83,0.582,3.75,81.3,79.0,1
10143,51343,1.0,4,3518,40,0.877,1.79,50.1,47.1,0
10175,51620,1.0,7,8894,70,0.626,3.51,82.8,92.2,1
10575,55288,0.777,1,2743,29,0.813,1.65,27.1,15.6,0
10224,52061,0.212,4,2332,43,0.764,2.91,66.3,43.5,0
10994,58961,0.485,4,7410,52,0.56,3.37,63.8,63.0,0
10243,52220,0.252,4,7367,59,0.711,3.76,79.9,86.4,0
10668,56039,0.435,1,1050,51,0.633,3.82,57.1,63.2,0
10026,50261,0.782,3,1642,26,0.778,2.45,46.2,42.7,1
10935,58428,0.534,4,6207,35,0.783,2.5,52.0,50.0,0
10403,53745,0.231,2,2730,48,0.564,2.87,60.6,59.6,0
10219,52027,1.0,6,4662,39,0.741,2.73,64.8,58.6,0
10771,56989,1.0,2,4896,63,0.807,3.42,67.8,55.5,1
10455,54235,0.202,6,2602,44,0.897,3.82,81.4,55.4,1
10208,51918,0.134,1,4690,49,0.741,1.64,43.3,28.0,0
10199,51829,0.589,1,8091,43,0.659,2.5,50.9,63.9,0
10691,56234,0.204,2,1200,39,0.71,2.64,57.6,41.2,1
10931,58397,0.37,5,3814,66,0.767,2.93,90.5,73.7,0
10696,56284,0.523,3,6833,51,0.616,2.17,43.8,46.2,1
10453,54209,0.34,3,4570,74,0.806,2.12,75.0,56.4,1
10023,50225,0.988,6,6742,45,0.661,3.32,55.2,47.1,1
10716,56470,0.88,3,8975,45,0.687,2.37,59.9,40.2,1
10938,58473,0.219,2,1689,39,0.867,2.6,39.3,43.6,0
10089,50847,0.528,5,1813,63,0.686,3.09,78.9,43.1,0
10459,54290,0.866,2,6336,54,0.436,3.37,67.3,49.7,0
10609,55561,0.42,6,2908,52,0.822,1.98,68.4,61.4,0
10276,52552,0.504,6,3520,55,0.601,2.87,57.7,50.2,0
10012,50118,0.542,1,8766,61,0.793,3.66,82.0,79.1,0
10660,55967,0.81,4,1376,35,0.633,3.0,66.6,62.9,1
10909,58196,0.992,2,7934,47,0.694,2.91,80.4,47.7,1
10828,57490,0.76,3,2392,40,0.745,1.66,41.2,24.1,0
10000,50006,1.0,0,2077,37,0.886,3.22,43.2,53.2,1
10582,55343,1.0,2,5750,25,0.793,1.77,48.1,44.7,0
10464,54325,0.316,2,7358,58,0.608,3.05,61.4,78.3,0
10112,51064,0.956,3,1513,62,0.742,1.9,43.7,39.6,0
10281,52591,1.0,3,2234,53,0.728,2.93,62.8,68.6,0
10402,53736,0.395,2,1945,51,0.82,2.03,52.7,55.7,0
10378,53518,0.903,1,1235,54,0.748,3.24,78.9,78.1,0
10771,56987,0.347,5,1721,61,0.782,3.27,67.7,60.6,0
10748,56768,1.0,0,2737,25,0.551,2.8,47.0,54.1,0
10617,55623,1.0,5,8865,72,0.622,3.43,70.0,79.7,1
10174,51606,0.991,4,910,58,0.859,2.99,67.9,31.5,0
10188,51734,1.0,5,7310,37,0.749,2.36,34.4,49.8,1
10932,58406,1.0,5,8834,56,0.589,3.35,80.5,55.3,1
10412,53813,1.0,3,5111,39,0.852,2.77,32.7,38.2,1
10959,58661,0.454,4,2063,34,0.889,1.02,35.9,52.3,0
10191,51762,0.267,0,7665,27,0.826,1.92,34.1,27.3,0
10592,55402,0.494,6,5739,59,0.709,3.17,57.5,53.5,0
10297,52740,0.198,4,2788,64,0.614,3.05,67.5,64.8,0
10267,52473,0.231,5,6015,42,0.761,1.34,28.5,30.4,1
10744,56739,0.451,3,2259,63,0.713,3.2,96.6,66.5,0
10761,56892,1.0,3,5572,35,0.735,1.88,48.9,51.4,0
10881,57944,0.334,3,5887,24,0.672,2.6,55.1,49.0,0
10453,54207,1.0,1,7279,34,0.79,2.27,59.6,57.9,1
10706,56372,0.812,5,2225,47,0.774,3.39,58.7,41.1,0
10024,50233,0.338,3,2576,54,0.701,3.47,68.6,80.1,0
10916,58259,0.627,1,3204,82,0.742,2.99,88.3,58.8,0
10836,57562,0.474,6,4190,60,0.744,3.5,62.4,64.1,0
10682,56169,1.0,3,2650,67,0.686,4.6,88.3,65.0,1
10387,53597,0.304,4,7331,52,0.843,2.42,72.3,51.3,0
10697,56289,1.0,2,6840,58,0.843,2.25,57.4,47.7,0
10500,54633,0.773,1,5988,37,0.91,2.42,41.9,44.3,0
10013,50126,0.895,7,4933,35,0.831,2.97,47.6,49.3,0
10844,57642,0.761,7,8291,63,0.65,3.68,78.2,70.3,0
10691,56230,0.366,1,1296,49,0.769,2.55,52.0,50.1,0
10139,51297,1.0,6,4454,55,0.705,3.24,64.6,56.1,0
10214,51977,1.0,5,2952,61,0.914,2.39,60.6,46.2,0
10991,58935,1.0,1,2388,43,0.722,2.9,54.3,52.9,0
10631,55751,0.358,3,6016,54,0.62,2.93,71.6,76.4,0
10904,58153,1.0,3,6605,80,0.475,3.96,89.7,91.5,0
10335,53087,0.372,2,4730,48,0.616,2.13,55.5,48.4,0
10924,58344,0.881,2,4531,37,0.931,2.32,62.2,43.1,0
10761,56883,0.533,3,6107,26,0.661,2.28,55.8,37.1,0
10927,58373,0.553,2,3599,53,0.753,3.32,72.4,67.6,0
10847,57674,0.294,2,7347,44,0.735,1.15,27.3,30.2,0
10362,53346,1.0,5,6647,55,0.736,3.69,76.8,70.9,0
10907,58173,0.732,2,1793,55,0.611,3.06,69.0,69.3,0
10939,58481,1.0,5,7302,75,0.712,3.5,70.3,71.6,1
10651,55871,0.435,3,5690,64,0.713,3.42,71.2,63.5,0
10719,56507,0.628,1,3108,54,0.818,2.4,53.4,60.9,0
10302,52798,0.818,2,7890,29,1.0,1.41,57.3,40.4,1
10095,50919,0.828,2,3990,51,0.824,2.53,44.7,35.4,0
10178,51647,0.935,3,3154,76,0.695,3.46,85.8,82.7,1
10557,55123,0.83,2,7514,55,1.0,2.27,38.8,27.4,0
10557,55127,1.0,2,8244,48,0.85,2.08,33.3,21.0,1
10499,54622,0.967,0,2202,34,0.898,2.46,77.2,36.8,1
10753,56810,1.0,5,8023,53,0.732,2.56,79.9,41.0,1
10037,50365,1.0,6,3661,61,0.636,3.86,79.3,72.1,0
10234,52126,1.0,5,7916,60,0.569,3.48,59.9,59.7,0
10904,58151,0.43,4,5065,78,0.466,3.68,90.0,84.3,0
10004,50056,1.0,3,5554,74,0.512,3.51,76.3,60.0,1
10067,50639,0.487,5,3841,77,0.713,2.93,64.4,59.9,0
10030,50303,0.931,3,4871,46,0.686,2.0,54.0,52.0,1
10641,55812,0.355,2,1794,34,0.84,2.2,55.6,37.8,0
10137,51277,1.0,2,3881,35,0.854,2.28,54.1,48.8,0
10475,54433,0.504,2,8809,71,0.656,4.23,83.9,89.7,1
10393,53645,0.863,3,4889,67,0.807,3.61,72.5,57.1,0
10446,54144,1.0,5,4547,66,0.784,3.17,55.2,69.3,0
10311,52879,0.157,5,1829,45,0.77,2.46,67.4,40.5,0
10719,56494,0.698,0,7307,33,0.671,2.88,52.3,41.1,1
10570,55241,0.714,5,2418,44,0.726,2.9,58.6,58.2,0
10938,58468,0.309,1,5188,45,0.992,2.52,48.6,38.5,0
10766,56938,0.168,0,4630,50,0.655,3.09,64.0,48.2,1
10798,57241,1.0,8,4628,55,0.57,2.9,56.2,57.4,1
10282,52594,0.309,4,2293,57,0.601,4.4,93.8,83.6,0
10260,52394,0.771,6,6732,59,0.642,4.62,86.4,79.2,1
10054,50524,0.413,3,6409,48,0.7,3.15,79.9,76.1,1
10706,56377,0.971,0,2596,38,0.729,2.64,44.0,47.6,0
10770,56982,0.298,6,2050,60,0.524,3.88,75.7,57.1,1
10739,56678,0.672,10,4871,67,0.71,3.98,78.0,61.2,1
10423,53901,0.37,4,6497,69,0.554,4.2,98.3,90.6,0
10960,58671,0.753,1,2815,72,0.88,2.69,68.7,64.5,0
10613,55586,1.0,3,8948,87,0.609,3.29,61.3,55.9,1
10935,58424,0.486,3,2179,45,0.754,2.56,39.2,45.6,0
10883,57957,1.0,3,8043,41,0.76,1.78,52.0,48.1,0
10836,57571,0.987,8,3476,50,0.715,3.48,66.4,61.7,0
10749,56778,1.0,1,1010,29,0.522,3.19,50.0,33.7,0
10069,50672,0.66,8,3986,66,0.607,3.13,76.8,88.0,0
10450,54189,0.0,0,4280,32,0.984,1.93,59.7,25.9,0
10069,50667,0.416,3,4218,61,0.58,3.61,78.1,86.1,0
10354,53267,0.581,4,6979,43,0.627,3.46,74.7,77.5,0
10203,51888,1.0,5,1281,53,0.664,3.72,75.1,74.7,0
10850,57688,0.681,0,4283,34,0.714,2.61,38.1,47.1,0
10668,56032,0.909,5,7973,46,0.628,3.92,51.7,66.8,1
10674,56091,0.25,10,3278,72,0.764,3.27,70.1,53.2,0
10691,56239,0.97,1,5180,41,0.807,3.13,53.5,52.0,1
10812,57351,0.344,5,2971,60,0.524,4.14,87.2,51.5,0
10864,57831,0.799,4,4013,50,0.823,2.08,45.6,38.0,0
10080,50761,0.444,5,5581,22,0.783,2.78,60.2,38.5,1
10693,56255,0.676,3,1728,68,0.842,3.03,77.4,69.9,1
10207,51907,0.337,4,8521,48,0.579,3.23,68.0,80.1,0
10414,53819,0.47,2,3758,54,0.747,2.9,51.8,46.3,0
10695,56270,0.848,1,3875,78,0.539,3.12,81.9,73.2,1
10460,54301,1.0,1,2869,65,0.628,3.84,75.9,47.6,0
10611,55570,1.0,3,4662,56,0.484,3.44,73.0,73.5,0
10881,57942,0.626,4,8050,42,0.585,2.54,58.7,34.6,1
10448,54165,0.142,1,6167,33,0.663,2.3,56.2,54.6,0
10661,55972,0.562,2,8215,42,0.877,2.1,45.4,14.8,0
10385,53580,0.483,1,8413,52,0.801,2.36,59.4,67.0,0
10306,52833,0.978,0,5159,77,0.548,3.2,59.3,49.5,0
10597,55450,1.0,6,7808,68,0.637,3.5,85.8,61.7,0
10373,53473,0.587,2,8918,39,0.812,2.45,63.8,44.9,1
10701,56328,0.783,4,8833,58,0.667,3.65,61.3,61.5,0
10014,50138,0.985,7,6385,65,0.497,4.24,82.7,77.4,1
10778,57044,0.726,5,8954,29,0.645,2.35,55.9,60.9,1
10531,54893,0.358,4,7179,80,0.463,4.03,95.0,89.1,1
10239,52181,1.0,6,8689,71,0.558,3.66,71.1,70.1,1
10854,57731,0.801,4,6153,60,0.809,3.62,74.7,81.9,0
10345,53178,1.0,4,2152,59,0.825,3.22,87.2,95.2,1
10527,54855,0.295,6,4768,67,0.729,3.95,52.2,66.9,0
10500,54638,0.816,4,2426,41,0.851,2.04,52.0,33.4,0
10555,55116,0.921,1,4115,24,0.909,2.4,49.7,27.9,1
10844,57649,0.937,4,1926,75,0.704,3.84,77.6,52.2,0
10457,54262,0.596,2,3104,66,0.645,3.8,83.7,72.8,0
10142,51332,1.0,1,8402,46,0.67,3.03,55.3,51.1,0
10772,57003,1.0,7,6878,61,0.572,3.18,79.7,75.4,1
10766,56942,1.0,3,2477,54,0.642,3.58,66.0,58.9,0
10890,58018,0.843,4,3915,63,0.613,3.3,89.5,58.3,0
10692,56242,0.966,2,4709,17,0.903,2.36,40.2,32.5,0
10998,58991,0.313,6,3987,41,0.843,2.25,56.3,57.1,0
10761,56882,1.0,1,8887,32,0.71,2.05,56.1,39.7,1
10486,54531,1.0,4,6979,58,0.497,3.0,40.7,60.2,1
10504,54674,0.151,0,1171,35,0.887,2.21,43.8,40.2,0
10772,56997,0.346,3,5603,65,0.591,3.1,80.0,75.0,1
10135,51253,0.467,7,3395,98,0.692,3.53,98.6,75.1,1
10365,53375,0.453,2,8138,60,0.688,3.38,54.1,62.5,0
10304,52815,1.0,2,6671,68,0.769,3.87,84.4,78.2,1
10509,54720,1.0,4,6274,52,0.77,4.16,81.2,77.2,1
10724,56545,0.607,3,7117,65,0.639,2.97,80.3,77.0,0
10527,54859,0.379,8,6768,66,0.721,3.93,53.8,90.2,0
10874,57902,0.427,5,5769,27,0.754,2.75,52.5,59.9,0
10114,51078,0.756,7,1549,74,0.863,2.97,84.1,83.4,1
10468,54364,0.506,2,5709,51,0.662,3.27,54.4,37.7,0
10081,50771,0.318,6,5571,49,0.895,3.6,75.7,76.7,1
10025,50250,0.244,5,7979,51,0.702,3.5,57.0,67.5,1
10798,57240,0.658,4,3225,57,0.504,3.26,56.5,70.3,1
10368,53420,0.9,1,7570,46,0.703,1.64,21.1,17.6,0
10540,54977,0.735,9,6147,77,0.593,4.38,100.0,81.5,1
10488,54545,0.882,3,6758,52,0.59,3.16,76.0,72.3,0
10610,55566,0.257,4,1811,89,0.598,3.55,65.3,77.3,0
10880,57940,0.168,2,2049,32,0.876,2.31,42.2,40.4,0
10075,50717,0.416,6,8471,62,0.492,3.74,82.7,89.4,0
10963,58687,0.113,3,5633,47,0.79,2.03,50.5,44.1,0
10223,52049,0.917,6,6680,47,0.57,3.92,67.1,72.8,0
10664,55998,1.0,4,2142,65,0.642,3.42,71.1,79.6,1
10732,56601,0.62,4,1639,24,1.0,1.56,27.5,27.4,0
10799,57246,0.0,3,7444,35,0.843,1.93,62.0,36.2,0
10449,54179,0.677,2,2316,48,0.533,3.17,56.2,47.1,0
10520,54810,0.724,3,5215,57,0.652,3.03,73.3,55.9,0
10946,58532,0.146,2,4819,47,0.524,2.5,76.7,61.0,0
10788,57141,0.564,4,4619,63,0.523,3.45,98.7,76.4,0
10793,57191,1.0,2,1945,33,0.863,1.89,54.0,29.9,0
10156,51461,0.652,0,6952,56,0.548,2.54,59.2,44.4,0
10663,55990,0.953,6,6252,57,0.773,2.42,69.1,63.9,0
10216,52001,0.304,4,4515,64,0.623,3.94,80.2,61.1,0
10907,58176,1.0,4,6973,52,0.576,3.06,70.2,49.6,1
10041,50405,1.0,0,2617,46,0.592,3.53,82.3,81.1,0
10038,50385,1.0,2,2318,55,0.64,2.54,71.2,57.5,0
10946,58537,0.831,4,6321,59,0.661,3.13,64.7,74.1,0
10178,51634,0.29,5,6074,64,0.676,3.61,97.0,71.5,1
10953,58600,0.176,7,2920,87,0.623,3.36,85.6,69.3,0
10518,54785,0.369,4,5098,40,0.667,1.99,41.1,49.0,0
10943,58508,1.0,5,8300,77,0.662,3.63,65.0,55.7,0
10770,56971,1.0,6,6374,43,0.571,3.39,76.8,70.2,0
10424,53926,0.401,7,5544,59,0.73,3.58,80.7,84.9,0
10447,54159,1.0,3,7704,44,0.703,3.5,59.6,38.5,1
10823,57450,0.579,3,3637,53,0.49,3.06,72.6,70.0,1
10933,58416,1.0,4,5644,49,0.72,2.99,45.9,76.7,0
10240,52194,1.0,3,6348,37,0.868,2.74,42.2,39.5,0
10106,51016,1.0,4,2115,72,0.73,2.97,70.1,62.1,1
10557,55125,0.468,3,4868,45,1.0,1.93,43.7,29.4,0
10821,57419,0.251,2,2835,70,0.672,2.9,71.6,49.9,0
10820,57410,1.0,9,8101,47,0.698,3.13,81.2,76.4,1
10310,52872,0.805,4,4424,54,0.458,3.21,72.8,94.6,1
10000,50010,0.28,4,2490,42,0.923,2.66,53.7,57.9,0
10199,51839,0.283,4,7699,48,0.675,2.26,60.9,55.3,0
10520,54805,0.855,2,7238,63,0.707,2.64,78.8,61.1,0
10026,50256,0.993,3,5296,37,0.776,1.71,54.4,31.1,0
10776,57027,0.234,7,6635,44,0.82,2.9,50.5,48.5,1
10627,55714,1.0,6,4163,64,0.588,3.8,66.8,59.9,1
10360,53325,1.0,3,8360,67,0.546,3.43,78.1,54.0,0
10852,57715,1.0,1,2720,75,0.594,3.67,73.7,78.5,0
10171,51582,0.768,2,1733,63,0.737,3.19,77.7,67.9,1
10096,50925,0.208,5,6914,87,0.515,4.24,85.7,78.9,0
10301,52780,1.0,5,7459,59,0.735,2.91,77.0,68.5,1
10872,57892,0.352,2,2016,40,0.694,2.18,36.5,49.8,0
10679,56133,0.98,3,2866,88,0.587,3.89,80.6,95.1,0
10580,55321,0.346,4,8989,32,1.0,2.79,55.2,37.8,0
10806,57313,1.0,2,4900,50,0.708,3.68,68.5,68.0,1
10784,57103,0.98,5,5118,50,0.566,2.72,71.3,49.1,1
10668,56043,1.0,4,8925,48,0.615,3.33,59.4,68.6,1
10407,53776,1.0,5,3338,39,0.842,1.81,53.7,44.5,1
10523,54836,1.0,7,5785,39,0.85,1.95,53.6,40.9,0
10538,54965,0.694,3,4778,37,0.809,2.37,55.6,45.7,1
10056,50540,0.4,7,6840,36,0.899,2.09,31.4,35.6,1
10827,57484,0.626,3,1890,24,0.691,2.6,44.5,41.1,0
10297,52746,0.293,2,4307,62,0.629,2.66,79.8,67.4,0
10400,53720,0.402,2,914,53,0.719,2.42,62.0,41.3,0
10755,56820,0.801,4,3279,43,0.808,2.33,56.1,44.9,1
10478,54469,0.259,6,2471,64,0.709,3.29,69.2,58.0,0
10069,50668,0.7,7,7867,76,0.453,3.59,82.3,79.2,0
10837,57576,0.683,3,6874,20,0.751,2.64,35.5,53.7,1
10549,55064,1.0,4,1878,44,0.847,2.63,52.8,34.4,0
10146,51354,0.949,7,2789,45,0.657,2.68,69.7,32.9,0
10785,57115,1.0,5,8128,47,0.577,2.92,67.2,62.3,1
10973,58796,1.0,1,3333,37,0.765,2.22,55.7,37.4,1
10292,52704,1.0,4,8520,62,0.583,3.39,74.2,93.5,1
10361,53331,1.0,9,3430,83,0.546,2.9,88.3,73.6,0
10895,58054,1.0,4,7014,80,0.642,3.11,72.1,87.5,1
10385,53585,0.94,4,1284,50,0.841,2.04,55.3,55.4,0
10942,58497,0.857,5,3549,75,0.693,3.61,79.7,76.2,1
10619,55646,0.207,2,5366,52,0.839,3.23,53.5,46.2,0
10365,53377,1.0,7,4083,61,0.742,3.21,64.7,60.1,1
10135,51257,1.0,6,3841,84,0.629,4.32,90.1,78.2,1
10684,56191,1.0,3,5211,15,0.647,1.55,34.6,34.8,1
10584,55349,0.088,5,6446,15,0.752,2.12,43.7,35.0,1
10448,54176,0.81,6,3854,37,0.669,2.59,51.4,38.1,0
10533,54911,0.302,3,6735,48,0.763,3.45,69.3,59.3,0
10200,51853,0.422,7,8844,87,0.62,4.17,82.6,91.1,0
10699,56317,0.685,6,6498,68,0.528,3.62,88.5,77.2,1
10983,58870,0.498,3,3710,39,0.62,3.17,62.6,50.5,0
10231,52106,0.697,3,7425,43,0.716,2.89,62.4,39.4,1
10014,50134,1.0,2,2440,48,0.483,3.74,97.2,85.0,1
10546,55030,0.152,4,7329,55,0.666,2.5,48.8,42.8,0
10096,50929,1.0,3,7884,78,0.657,4.02,83.3,73.3,0
10087,50824,0.906,3,4354,54,0.821,2.75,52.7,79.4,0
10837,57577,0.953,6,1484,33,0.764,2.9,30.7,56.6,0
10163,51532,1.0,8,4668,65,0.581,4.13,86.5,90.7,1
10130,51215,0.4,2,7579,38,0.61,2.41,37.5,53.3,0
10052,50505,0.553,4,8891,35,0.72,3.88,71.9,69.5,0
10723,56531,0.288,8,8729,63,0.588,2.99,80.7,44.1,0
10334,53073,1.0,7,4640,64,0.726,2.94,64.9,74.8,0
10735,56620,0.383,3,3507,42,0.763,2.44,47.5,49.1,0
10398,53710,0.102,2,5199,34,1.0,2.27,36.6,26.7,1
10526,54850,0.143,1,3742,25,0.737,2.7,55.3,33.0,0
10513,54749,1.0,4,8429,53,0.759,3.32,74.1,79.4,1
10457,54269,0.922,5,1266,59,0.607,3.85,85.5,93.6,1
10987,58893,1.0,4,6905,57,0.863,2.78,74.9,69.2,1
10449,54187,0.473,7,5767,50,0.577,2.86,59.6,54.0,0
10578,55302,0.841,5,8170,51,0.836,2.73,49.5,62.9,0
10315,52924,0.309,2,7250,32,0.546,2.65,60.0,43.5,0
10730,56589,1.0,4,6230,64,0.706,2.63,53.7,67.6,0
10196,51811,0.242,5,4841,42,0.942,1.8,42.3,47.2,0
10374,53487,0.564,1,5352,39,1.0,2.57,37.7,42.8,1
10821,57420,0.769,6,4376,70,0.573,2.85,69.1,52.5,1
10342,53142,0.395,1,8714,38,0.705,2.38,60.3,63.2,0
10141,51325,0.675,9,2764,46,0.674,2.95,48.3,49.4,0
10463,54313,0.412,5,6324,33,0.709,2.45,59.6,35.5,0
10828,57495,0.328,0,1957,28,0.857,1.77,42.7,22.8,0
10948,58553,1.0,2,4087,64,0.517,3.69,53.3,48.7,1
10607,55542,1.0,8,4475,82,0.53,4.13,100.0,84.2,0
10682,56173,0.38,5,5321,77,0.631,3.67,61.9,76.9,1
10164,51541,0.139,5,7795,39,0.987,1.98,39.7,38.6,0
10291,52682,0.265,1,4575,39,0.831,2.82,42.1,51.6,0
10987,58897,0.293,4,2058,64,0.843,2.83,57.4,69.5,0
10698,56314,1.0,1,4430,39,0.824,2.53,57.2,57.5,1
10128,51192,1.0,6,7665,75,0.538,3.49,91.6,70.5,1
10576,55294,0.295,3,3724,34,0.68,2.2,44.3,28.1,0
10164,51543,0.987,6,1876,33,0.758,2.22,28.1,45.1,0
10779,57057,0.929,5,2206,44,0.611,2.81,59.6,37.0,0
10275,52540,0.566,5,4727,58,0.854,2.9,81.8,54.1,0
10099,50954,0.716,2,6121,38,0.873,3.23,58.3,52.0,1
10798,57242,0.975,3,6842,64,0.574,3.25,62.4,66.7,0
10744,56732,1.0,8,3019,67,0.693,3.48,79.8,69.7,1
10524,54847,0.703,5,1083,74,0.752,3.67,58.5,66.7,0
10752,56802,1.0,4,4345,51,0.718,3.2,80.7,57.4,0
10889,58011,0.973,4,2299,71,0.712,3.05,92.1,75.0,1
10465,54331,0.533,2,7653,56,0.537,2.94,85.5,78.7,1
10581,55335,0.309,3,5099,50,0.794,3.65,79.1,71.7,0
10808,57331,1.0,5,3373,60,0.584,3.32,86.6,86.0,1
10509,54730,1.0,2,2957,56,0.688,4.09,87.4,88.6,0
10723,56542,1.0,2,6591,47,0.706,3.1,78.7,44.9,1
10578,55306,1.0,0,8899,30,0.87,2.28,57.5,66.0,1
10561,55162,0.114,3,4018,46,0.751,3.86,62.4,63.8,0
10868,57861,0.955,3,6464,56,0.578,3.45,92.3,54.0,0
10237,52157,0.228,0,1927,39,0.639,3.1,64.4,57.5,0
10112,51063,0.068,2,7902,45,0.526,2.15,37.0,48.9,0
10124,51168,0.383,3,8607,71,0.709,3.27,70.4,56.2,0
10392,53637,0.511,3,5568,58,0.745,3.36,73.1,42.6,1
10845,57652,0.956,4,7470,50,0.567,3.32,77.8,53.0,1
10613,55589,0.929,6,3783,83,0.635,3.51,67.4,67.7,1
10793,57193,0.152,5,5577,41,0.8,1.91,48.9,24.4,1
10481,54492,0.443,5,2320,72,0.608,3.68,86.5,82.7,0
10802,57267,0.335,3,1645,59,0.645,2.6,62.9,42.7,1
10540,54981,0.616,3,8811,72,0.578,4.28,100.0,99.2,0
10923,58336,0.262,3,4258,46,0.67,3.39,78.9,48.3,0
10994,58959,0.975,2,6845,69,0.801,3.43,57.8,52.3,1
10536,54947,0.966,6,6282,60,0.866,3.42,63.0,65.2,1
10302,52783,0.306,4,8463,29,1.0,1.74,52.0,25.9,1
10075,50718,1.0,7,6637,79,0.595,3.41,84.3,87.2,1
10269,52503,0.804,2,6687,47,0.732,1.66,31.5,26.9,1
10467,54361,0.525,3,2108,63,0.776,2.95,74.7,71.6,0
10448,54172,0.419,1,1095,24,0.705,2.1,56.6,40.0,0
10898,58083,0.331,1,6949,38,0.676,2.08,56.1,53.0,0
10972,58785,1.0,7,3670,52,0.759,3.47,82.3,67.9,0
10039,50396,0.392,8,3211,45,0.688,3.42,72.9,78.2,0
10792,57187,1.0,4,6123,49,0.694,4.09,78.1,64.5,1
10980,58842,0.18,5,8225,46,0.853,1.68,60.4,37.2,0
10482,54493,1.0,8,941,41,0.733,2.32,46.3,32.4,0
10147,51366,0.686,6,2218,74,0.532,4.07,81.9,67.8,0
10950,58574,0.366,7,4317,50,0.568,3.53,81.3,53.4,1
10656,55918,0.392,2,3597,46,0.572,4.8,82.7,78.5,1
10539,54969,0.184,4,8886,36,0.664,3.36,78.0,45.9,1
10315,52915,0.573,3,2286,24,0.611,2.58,75.8,35.5,0
10619,55645,0.995,0,5166,57,0.927,3.48,71.8,44.0,0
10406,53767,1.0,2,3371,60,0.789,2.98,54.4,75.5,1
10369,53441,0.749,5,6707,45,0.666,2.99,53.5,68.8,1
10813,57358,0.083,1,6969,24,0.92,1.51,59.7,35.0,0
10753,56807,1.0,1,2174,66,0.587,2.49,83.2,39.9,1
10236,52144,0.381,5,2489,52,0.632,3.49,59.8,39.1,0
10553,55105,0.674,1,1539,33,0.821,1.86,45.4,43.0,0
10550,55074,0.592,6,2085,72,0.759,3.85,95.0,62.5,0
10169,51572,0.187,2,7407,27,0.701,3.13,52.8,47.4,0
10439,54080,0.876,5,8951,38,0.784,2.44,62.2,59.4,1
10119,51123,1.0,3,2591,30,0.892,2.8,62.9,36.4,0
10302,52787,0.631,2,2547,37,1.0,1.92,62.6,43.7,0
10322,52968,0.432,0,8140,51,0.719,2.42,35.7,31.5,0
10270,52505,0.661,2,5250,58,0.769,2.52,48.6,44.0,0
10663,55989,0.641,2,8577,69,0.82,3.2,65.9,71.5,1
10790,57165,0.248,7,8895,55,0.721,3.5,73.5,50.2,0
10076,50729,0.764,4,1399,53,0.57,2.71,54.7,60.2,0
10838,57588,0.685,3,3101,40,0.808,1.7,46.6,32.1,0
10833,57544,1.0,1,8497,31,0.684,2.08,56.7,45.4,1
10041,50413,0.721,3,2554,51,0.645,3.72,78.6,74.1,0
10631,55746,1.0,3,4768,63,0.64,3.08,68.0,70.4,1
10846,57669,0.277,5,8691,86,0.617,3.65,70.9,65.6,0
10087,50826,0.305,1,5470,59,0.868,3.28,58.4,69.6,1
10354,53268,0.957,2,3537,55,0.841,3.61,68.0,74.9,0
10430,53975,0.717,2,2171,49,0.781,3.07,71.6,75.8,0
10921,58307,0.627,4,1923,51,0.865,2.43,31.7,42.4,1
10041,50418,1.0,4,3164,66,0.577,3.7,87.6,74.8,0
10746,56749,0.525,10,3494,68,0.574,4.04,76.4,66.6,0
10227,52083,0.323,4,2500,53,0.716,2.84,73.5,68.7,0
10365,53374,0.661,7,1915,59,0.672,3.4,54.5,59.0,1
10629,55727,0.376,3,3370,40,0.613,3.15,62.6,38.0,1
10443,54108,0.428,3,2656,70,0.457,3.48,94.3,67.5,0
10469,54381,1.0,5,3413,76,0.803,3.57,78.0,69.3,0
10854,57724,0.774,6,3234,64,0.709,3.49,88.5,76.3,0
10113,51067,1.0,6,2897,61,0.763,3.17,68.7,62.9,1
10423,53914,1.0,5,8509,65,0.604,3.71,89.2,81.4,1
10607,55537,1.0,6,6908,59,0.492,3.97,96.4,76.9,1
10888,58003,0.573,3,3344,70,0.486,3.33,68.5,61.2,0
10589,55388,0.86,2,5827,23,0.917,2.19,12.2,18.7,1
10630,55733,0.981,3,5645,26,0.756,2.25,40.1,36.9,0
10297,52739,1.0,4,5200,42,0.62,2.74,66.9,57.0,0
10548,55053,0.655,2,3749,45,0.714,2.16,45.6,51.9,0
10433,54001,0.341,5,7056,88,0.735,4.3,84.2,73.0,0
10262,52428,0.611,3,2027,62,0.76,2.65,67.9,60.3,1
10757,56834,0.533,6,4748,62,0.839,2.81,56.0,28.5,0
10183,51688,1.0,1,4811,46,0.621,1.92,33.5,36.1,0
10089,50852,1.0,1,4999,71,0.696,3.63,74.6,58.6,1
10698,56304,1.0,2,5451,51,0.821,2.75,58.7,54.5,0
10651,55879,1.0,3,5247,66,0.72,2.62,71.2,60.1,0
10945,58528,0.597,0,2302,62,0.5,2.77,61.8,56.8,0
10306,52840,1.0,4,8239,66,0.605,3.61,65.8,36.1,0
10497,54612,0.435,6,3184,72,0.659,4.19,83.4,75.1,0
10268,52490,1.0,3,8276,55,0.948,2.69,70.3,75.5,1
10762,56906,0.65,4,6715,69,0.599,3.03,78.5,62.5,1
10817,57391,0.316,3,4854,57,0.608,3.43,63.8,50.4,1
10308,52850,0.15,1,4772,50,0.694,1.58,42.8,52.2,0
10739,56666,0.803,5,7636,71,0.666,4.11,76.2,66.2,0
10652,55882,0.601,4,3926,38,0.832,2.27,49.2,35.0,1
10476,54453,0.938,4,4978,55,0.722,3.13,63.7,62.5,1
10822,57422,0.729,6,6215,52,0.7,4.12,76.8,78.6,0
10717,56485,0.974,3,4660,48,0.682,3.56,62.8,61.8,1
10268,52480,0.865,3,5197,55,0.843,2.45,74.1,70.6,1
10734,56618,0.905,5,5648,53,0.787,3.29,63.3,57.9,0
10236,52142,0.743,1,4548,67,0.652,2.68,51.7,45.7,0
10563,55189,1.0,3,2938,54,0.775,2.37,65.9,37.6,1
10297,52745,1.0,4,8690,68,0.599,2.82,69.0,50.9,0
10801,57254,0.945,2,1502,27,0.729,1.28,41.7,23.9,0
10376,53507,0.552,4,8911,55,0.93,2.55,55.4,60.0,0
10182,51680,1.0,8,6441,89,0.55,4.29,90.3,80.7,0
10456,54250,0.632,5,8768,45,0.81,2.65,67.3,79.6,1
10343,53148,0.544,2,7858,69,0.567,3.87,74.3,91.0,1
10903,58131,0.785,8,5711,96,0.682,4.06,96.4,88.6,1
10773,57005,0.671,1,7235,53,0.707,2.02,39.0,18.0,1
10060,50581,1.0,8,7031,74,0.575,4.35,85.4,98.9,0
10437,54071,0.424,4,5978,62,0.544,3.24,77.8,52.1,0
10362,53344,1.0,4,8000,74,0.71,2.85,79.4,61.9,1
10819,57405,0.263,4,3525,45,0.609,3.06,51.8,52.9,0
10396,53673,1.0,3,6635,47,0.522,2.87,70.4,51.5,1
10058,50560,0.424,7,7723,63,0.68,2.93,68.1,68.7,0
10570,55238,0.285,6,984,50,0.609,3.39,57.4,46.5,0
10862,57806,1.0,5,5878,63,0.546,4.03,83.6,96.8,1
10053,50513,1.0,9,8615,56,0.557,3.45,68.5,57.6,0
10114,51082,1.0,5,6805,63,0.765,3.67,72.6,87.8,1
10181,51665,0.1,3,5221,35,0.837,1.89,36.4,33.6,1
10209,51932,0.415,4,6138,51,0.664,3.53,69.0,68.0,0
10964,58700,1.0,1,3604,49,0.713,2.94,84.5,59.6,1
10122,51151,0.28,5,3237,50,0.817,3.26,77.0,76.7,0
10306,52839,0.59,3,5567,75,0.613,3.84,58.7,43.7,0
10658,55950,0.282,3,3172,31,0.928,2.14,38.6,52.7,0
10921,58309,0.777,3,5397,61,0.759,2.15,47.0,42.4,1
10562,55178,0.435,2,3984,40,0.741,3.08,60.3,69.3,1
10087,50831,0.251,7,1417,44,0.923,3.03,48.0,65.5,0
10921,58312,0.81,3,5161,46,0.788,2.36,44.8,42.6,0
10513,54753,0.891,0,5226,69,0.748,3.64,69.3,77.6,0
10970,58750,0.533,6,5750,92,0.627,4.22,89.5,78.8,0
10067,50636,0.351,5,8551,55,0.58,2.91,62.3,60.4,0
10477,54466,0.483,4,5401,50,0.777,2.93,81.4,34.2,1
10751,56800,0.715,3,6965,51,0.803,3.02,61.7,65.9,1
10886,57988,0.952,3,3040,48,0.77,2.76,72.8,34.2,1
10782,57080,0.58,0,7111,53,0.851,2.91,48.6,48.9,0
10769,56967,1.0,2,4483,50,0.729,3.29,74.1,63.2,1
10446,54143,0.273,4,4844,68,0.713,3.48,54.7,77.8,0
10776,57028,0.179,3,8647,67,0.703,2.65,49.4,50.8,0
10091,50877,0.25,7,4572,64,0.563,3.25,75.1,88.2,1
10528,54870,1.0,3,5329,51,0.663,3.07,63.8,95.3,1
10579,55316,0.047,2,5126,32,0.954,1.82,42.2,27.9,0
10568,55223,0.413,6,3816,78,0.463,3.66,85.9,90.6,1
10000,50005,0.389,3,8607,43,0.822,2.97,37.7,46.1,1
10331,53052,0.042,2,2296,39,0.884,1.7,43.7,31.7,0
10624,55692,1.0,3,4645,19,1.0,2.82,46.6,34.2,1
10339,53125,0.351,2,2063,57,0.614,3.96,74.7,72.8,0
10268,52492,0.969,4,3063,52,0.932,2.62,65.5,80.3,0
10419,53855,1.0,5,1280,46,0.748,2.29,54.8,52.3,0
10517,54778,0.968,3,2695,48,0.632,3.32,68.7,57.5,0
10829,57510,0.35,4,3407,72,0.734,3.35,66.2,68.1,0
10715,56458,0.967,8,8767,55,0.855,3.1,70.1,60.3,1
10697,56294,0.615,4,4825,66,0.896,2.3,51.2,53.0,0
10121,51149,1.0,6,1803,58,0.815,3.04,61.9,66.8,0
10060,50575,1.0,1,8392,75,0.612,4.46,92.3,93.9,1
10406,53770,0.183,6,6140,51,0.735,3.24,60.5,51.0,1
10446,54147,0.235,2,8451,54,0.789,3.19,62.4,54.5,0
10090,50854,0.273,3,3410,45,0.701,2.65,70.3,53.0,0
10656,55920,1.0,7,1981,80,0.493,4.9,92.1,90.5,0
10734,56615,1.0,3,6910,60,0.825,3.09,71.1,58.8,0
10664,56003,0.503,3,4740,44,0.634,3.48,60.0,67.8,0
10483,54496,0.581,5,7406,62,0.698,3.65,94.9,74.1,0
10907,58174,0.915,5,7232,39,0.636,3.12,72.0,49.2,1
10738,56656,0.247,1,8767,65,0.655,2.51,57.1,49.8,0
10256,52369,0.365,7,3678,38,0.85,3.56,54.1,49.1,0
10518,54781,0.094,7,4092,49,0.698,2.28,47.3,62.7,0
10887,57993,0.902,2,6750,68,0.644,2.22,67.9,47.2,0
10318,52951,0.372,4,3649,53,0.675,3.68,84.3,56.7,0
10617,55626,0.333,3,8576,48,0.558,3.42,72.2,66.0,0
10770,56972,0.738,2,4513,52,0.657,3.31,73.0,76.8,1
10199,51842,0.573,5,6872,55,0.696,2.26,55.1,55.5,0
10662,55987,1.0,8,8937,53,0.615,3.1,42.0,56.7,1
10056,50538,0.837,3,3047,36,0.66,2.15,37.6,38.4,0
10303,52807,1.0,5,1444,45,0.827,3.89,64.5,61.9,1
10639,55802,0.463,6,2142,61,0.829,2.86,65.3,65.3,0
10614,55597,1.0,3,1315,41,0.719,2.52,71.5,51.9,0
10795,57207,0.686,7,6488,53,0.72,3.44,66.5,73.7,0
10810,57344,0.641,6,2560,40,0.59,3.25,69.5,62.2,0
10836,57561,0.298,5,6137,68,0.707,3.12,70.8,61.1,0
10899,58097,0.951,0,2703,15,0.837,2.13,52.6,49.9,0
10083,50785,1.0,4,7996,66,0.648,3.26,82.0,59.5,1
10151,51410,0.758,1,8159,46,0.651,2.88,58.0,75.1,0
10014,50155,0.847,4,4144,56,0.547,3.74,82.4,78.9,1
10862,57807,0.863,6,8769,73,0.754,3.74,93.5,87.9,1
10326,53010,1.0,8,4304,85,0.423,4.53,100.0,99.4,0
10182,51687,0.555,3,8690,67,0.314,4.7,85.5,68.1,1
10433,54015,0.843,6,3262,50,0.649,4.0,91.4,73.6,0
10824,57456,1.0,7,3217,64,0.765,2.55,56.6,54.6,1
10420,53864,0.226,3,6684,31,0.864,2.66,60.7,43.5,1
10297,52734,0.45,4,3884,57,0.581,3.24,67.5,64.3,0
10204,51896,0.172,4,8128,48,0.642,2.63,54.8,39.6,1
10597,55443,1.0,8,4578,79,0.729,3.77,80.4,72.9,0
10058,50570,0.71,5,1989,79,0.727,3.52,77.8,81.1,0
10742,56710,1.0,1,7768,68,0.702,3.95,80.8,73.5,1
10649,55855,1.0,5,3083,40,0.826,1.65,37.3,47.0,0
10197,51817,0.088,4,6022,37,0.857,2.24,53.6,43.2,0
10922,58320,0.264,1,1049,86,0.542,3.41,89.1,56.7,0
10366,53395,0.88,5,1457,46,0.582,3.06,63.2,73.5,1
10360,53328,0.347,2,7955,63,0.453,2.96,76.3,57.1,0
10997,58986,1.0,3,5395,63,0.709,2.85,46.1,40.6,0
10676,56103,0.219,2,2290,62,0.696,3.01,51.7,36.6,0
10323,52976,1.0,3,6413,67,0.704,4.25,84.1,92.1,1
10102,50981,0.553,4,5446,60,0.464,3.42,89.2,100.0,1
10019,50191,1.0,1,4840,65,0.828,2.84,60.1,68.7,1
10552,55089,0.249,4,1786,71,0.505,4.02,87.3,43.2,0
10074,50700,1.0,6,1905,77,0.716,4.08,63.5,65.6,1
10972,58784,0.329,5,7534,50,0.76,3.66,92.7,64.2,1
10063,50607,0.977,2,6281,36,0.818,2.15,46.0,34.7,0
10030,50302,0.346,8,6490,55,0.73,2.09,62.5,62.7,0
10368,53421,0.464,1,1418,22,0.718,1.42,16.8,26.4,0
10978,58825,0.687,2,8769,43,0.73,2.46,59.2,45.7,1
10112,51061,0.787,5,3393,56,0.652,1.78,44.4,64.4,0
10370,53445,0.999,2,7326,64,0.8,3.79,79.9,53.5,1
10113,51070,0.977,5,6459,59,0.716,3.59,73.5,65.2,1
10242,52206,0.92,5,2808,35,0.739,3.18,59.8,59.7,0
10809,57340,0.999,1,5971,15,0.817,1.69,27.4,6.1,1
10910,58209,0.161,3,5573,61,0.833,2.81,58.7,33.3,0
10848,57680,0.962,3,7886,43,0.788,2.13,44.7,42.7,1
10501,54643,0.152,2,8918,36,0.783,1.97,47.2,62.2,0
10848,57684,0.963,5,2186,28,0.835,2.08,48.7,38.4,0
10887,57997,0.697,5,2924,75,0.498,2.13,53.2,49.2,0
10614,55601,0.49,6,5935,45,0.607,2.33,60.0,52.0,0
10775,57023,0.798,4,5124,61,0.787,2.66,70.1,41.8,0
10531,54894,0.409,5,1998,71,0.508,3.54,79.1,83.4,0
10023,50226,0.155,7,2793,42,0.684,2.45,53.4,44.0,0
10363,53355,0.849,3,6948,47,0.828,2.86,57.8,54.6,1
10654,55896,0.668,5,1239,45,0.799,3.25,72.4,70.9,0
10369,53437,0.397,1,8020,41,0.603,3.62,53.4,57.9,1
10184,51694,0.49,4,4940,31,1.0,2.5,40.2,40.9,1
10762,56894,0.264,3,4424,70,0.543,3.71,76.9,65.0,1
10110,51046,0.958,1,5561,54,0.805,2.65,67.7,64.7,1
10370,53447,0.792,6,7171,51,0.78,3.83,77.1,67.8,0
10895,58051,0.958,2,5835,61,0.562,2.86,74.2,74.5,0
10997,58985,1.0,5,7155,61,0.602,2.73,41.3,52.6,0
10510,54736,0.883,5,1012,55,0.822,2.85,58.2,66.1,1
10483,54497,0.887,1,1933,63,0.63,3.34,88.8,74.4,1
10130,51219,0.549,3,2919,48,0.554,2.43,49.6,52.9,0
10665,56016,1.0,2,5190,35,0.657,3.33,50.6,60.4,1
10432,53988,0.92,7,5459,52,0.719,2.99,68.1,56.1,1
10533,54912,1.0,7,3452,52,0.587,3.42,84.3,64.8,0
10482,54494,1.0,1,3557,58,0.79,2.59,62.4,26.3,1
10767,56945,0.127,1,1999,58,0.815,2.99,48.5,51.8,0
10625,55700,1.0,1,6797,45,0.681,2.28,39.1,63.8,1
10925,58353,0.886,4,1101,44,0.513,2.92,74.4,69.8,0
10099,50957,1.0,2,1460,40,0.888,3.19,58.4,55.5,1
10310,52870,0.757,0,4467,73,0.549,3.61,97.0,85.3,1
10475,54434,0.615,3,1697,69,0.592,4.5,82.2,86.5,0
10539,54974,0.751,4,7730,51,0.707,3.45,67.4,58.7,0
10320,52962,0.357,6,8091,81,0.522,4.37,89.9,98.6,0
10241,52201,1.0,3,6649,88,0.685,3.51,88.9,100.0,0
10010,50099,0.422,6,7497,41,0.676,2.21,53.4,57.8,0
10982,58867,0.214,4,6329,36,0.912,1.11,42.4,22.5,0
10277,52558,0.446,0,8021,41,0.802,1.87,39.3,40.0,0
10936,58446,0.311,5,8431,64,0.674,4.35,68.7,80.1,1
10452,54200,0.35,1,4969,40,0.617,2.23,44.2,27.6,0
10607,55540,0.657,6,2397,67,0.47,4.22,93.2,77.2,0
10178,51649,0.351,4,2392,75,0.617,3.89,83.4,79.4,0
10685,56198,0.504,1,5445,48,0.728,1.85,43.5,27.5,0
10697,56296,0.481,3,2775,48,0.886,2.61,54.1,50.9,0
10483,54500,1.0,3,1426,49,0.643,3.6,85.1,73.8,0
10123,51155,0.249,3,3730,40,0.687,1.85,34.3,29.7,0
10246,52256,1.0,2,7038,41,0.711,2.97,75.6,67.4,0
10345,53171,1.0,5,4318,70,0.81,3.4,75.9,100.0,0
10819,57401,0.253,3,1793,56,0.731,3.14,65.1,55.8,0
10789,57159,0.674,4,4721,65,0.546,3.21,80.6,88.4,1
10337,53109,1.0,7,4788,34,0.857,2.09,46.0,35.5,1
10489,54549,0.377,3,972,53,0.667,3.45,70.8,45.1,0
10595,55424,1.0,6,1085,90,0.623,3.67,100.0,87.2,0
10223,52050,0.936,7,6387,64,0.658,3.41,81.5,68.2,0
10977,58818,0.733,4,2134,50,0.564,3.7,86.6,67.0,0
10026,50263,1.0,3,3297,37,0.787,2.01,54.3,24.6,1
10436,54062,0.681,1,3860,41,0.822,2.35,36.2,29.5,0
10607,55535,0.757,6,7555,62,0.518,3.78,96.8,85.0,0
10734,56617,0.427,3,8515,63,0.744,3.66,67.4,47.1,1
10901,58121,0.133,6,3441,52,0.803,2.44,58.9,47.8,0
10905,58156,0.92,1,3637,31,0.823,2.49,45.7,32.4,1
10195,51803,1.0,4,5651,56,0.633,2.97,48.2,48.6,1
10510,54737,0.406,5,3794,56,0.773,3.19,71.3,64.1,0
10259,52386,1.0,3,2848,28,0.834,1.91,41.4,28.5,0
10741,56695,0.259,2,8556,39,0.735,2.44,45.8,44.1,0
10633,55760,0.571,4,4006,48,0.758,3.16,56.5,39.6,0
10212,51960,0.298,7,2439,48,0.422,2.68,59.5,71.3,0
10323,52977,0.459,5,6337,67,0.834,4.4,75.1,87.7,0
10962,58681,0.929,2,4769,48,0.722,2.51,51.7,43.1,0
10199,51844,0.54,4,2026,53,0.7,2.04,53.7,63.0,0
10188,51735,0.99,3,7196,47,0.757,2.26,31.3,46.8,1
10315,52912,1.0,5,1037,37,0.496,2.74,59.6,52.1,0
10923,58339,1.0,6,5786,22,0.77,3.38,67.9,47.5,1
10215,51987,0.234,3,1836,65,0.714,3.17,81.1,64.7,0
10725,56547,1.0,3,5714,55,0.67,2.68,69.6,68.6,0
10784,57099,0.552,6,5375,50,0.602,2.87,67.6,63.5,0
10304,52812,0.727,3,3842,66,0.609,3.8,93.7,75.1,0
10069,50660,0.24,5,8045,67,0.589,4.0,81.6,90.2,1
10270,52512,1.0,3,1832,44,0.83,2.37,58.1,35.0,0
10458,54283,0.638,0,3803,33,0.808,1.88,39.5,23.6,0
10974,58801,0.148,2,2633,26,0.748,2.16,56.2,48.8,0
10697,56288,0.8,2,3241,46,0.908,1.94,62.1,51.8,1
10209,51931,1.0,4,2296,50,0.693,3.57,67.1,58.9,1
10786,57126,0.931,3,4661,67,0.761,3.2,67.7,66.8,1
10019,50198,0.898,5,1778,69,0.632,2.86,64.4,69.8,0
10859,57778,1.0,5,6970,88,0.582,3.74,81.0,100.0,1
10317,52932,1.0,2,3887,36,0.674,2.75,55.1,50.8,1
10888,58005,1.0,6,6379,54,0.435,3.4,68.4,61.6,0
10252,52328,0.22,3,2319,56,0.849,2.84,58.3,59.6,0
10470,54390,0.697,9,8648,47,0.793,1.56,47.1,23.4,1
10453,54219,1.0,7,5071,49,0.829,2.45,50.4,50.4,1
10020,50203,0.549,3,3292,55,0.661,3.72,79.6,82.0,0
10377,53511,0.227,3,6112,22,0.954,1.35,14.6,44.1,1
10534,54932,0.293,4,6571,49,0.753,3.03,75.6,59.1,1
10607,55536,0.936,4,1051,71,0.519,4.09,100.0,90.1,1
10637,55792,0.946,1,8693,68,0.671,2.8,54.0,58.6,0
10185,51708,0.902,5,3220,55,0.875,2.71,61.2,53.9,1
10562,55173,0.288,3,6788,47,0.711,3.42,50.4,58.9,0
10572,55250,0.448,8,941,79,0.707,3.13,84.0,66.0,0
10722,56529,0.713,3,2007,19,0.812,0.85,20.1,26.2,0
10982,58866,0.561,0,1509,40,0.929,1.39,44.3,20.3,0
10649,55856,0.172,3,910,36,0.912,2.21,37.7,50.6,0
10906,58165,0.547,4,2640,48,0.76,2.35,60.0,63.1,0
10090,50855,0.501,6,2781,55,0.64,2.85,67.3,63.7,0
10510,54738,0.427,4,3317,62,0.695,3.27,78.3,62.6,0
10074,50699,0.914,7,4964,54,0.778,3.28,79.1,79.2,0
10397,53697,0.22,2,2868,29,0.899,2.05,39.0,31.2,0
10178,51637,0.434,5,8405,66,0.592,3.79,86.4,72.8,0
10803,57281,0.589,6,2553,68,0.686,4.19,72.5,68.6,0
10835,57555,0.316,2,4459,47,0.582,2.37,51.1,43.0,0
10385,53582,0.658,3,6868,44,0.72,2.43,51.6,64.7,0
10139,51292,0.411,4,5723,37,0.694,3.18,64.0,63.0,0
10729,56586,0.264,4,8379,47,0.82,2.73,60.8,61.5,1
10200,51854,1.0,6,5182,57,0.57,3.95,78.1,86.2,1
10569,55233,0.505,4,7681,32,0.84,2.68,49.8,33.2,1
10405,53764,0.142,0,8284,49,0.927,2.11,44.3,34.3,0
10358,53305,0.184,4,8750,21,0.905,1.89,54.5,29.9,0
10159,51496,0.362,4,3988,51,0.821,3.99,75.4,62.1,0
10887,57995,0.85,7,8326,71,0.563,2.41,82.2,61.9,0
10216,51999,0.442,2,1207,60,0.463,3.48,75.2,63.4,0
10069,50664,0.758,1,3352,65,0.6,3.75,73.0,81.8,0
10404,53749,0.737,5,6056,54,0.565,3.36,54.3,63.6,1
10473,54414,0.6,0,6065,31,0.77,2.36,59.8,32.9,1
10607,55531,1.0,6,5635,67,0.613,3.71,96.6,72.3,1
10611,55576,1.0,5,3641,70,0.459,3.16,71.7,67.2,1
10831,57527,1.0,2,5950,62,0.642,3.93,81.0,83.4,1
10649,55865,0.972,5,2634,35,0.794,1.73,45.5,48.2,0
10749,56777,0.908,3,3096,45,0.615,3.39,49.9,44.2,0
10140,51307,1.0,0,8329,61,0.763,2.83,74.5,80.4,1
10818,57393,0.572,3,2116,47,0.812,2.76,58.1,46.3,1
10613,55593,0.889,4,4903,59,0.56,4.01,73.5,60.1,1
10181,51664,0.507,2,6282,37,0.795,1.76,31.9,20.2,0
10598,55451,0.671,7,4360,76,0.51,3.39,89.3,58.1,1
10391,53628,0.139,2,2501,24,0.828,2.07,41.4,42.9,0
10292,52694,0.334,2,4152,49,0.65,3.33,78.0,80.6,0
10656,55916,0.844,5,1631,71,0.566,4.51,87.2,91.1,1
10344,53158,0.334,2,3785,43,0.875,3.22,59.2,53.3,0
10739,56669,1.0,4,8296,70,0.537,3.17,77.7,55.6,0
10112,51060,0.977,3,3499,38,0.65,1.9,34.4,40.6,0
10500,54637,0.216,5,5282,41,0.962,2.38,41.3,38.2,1
10352,53243,0.281,3,2200,49,0.634,2.53,47.6,38.3,0
10182,51679,1.0,5,8131,75,0.426,4.86,93.2,71.3,1
10762,56893,1.0,6,7310,63,0.697,3.5,76.1,59.6,0
10706,56375,0.26,2,6870,44,0.714,2.76,49.5,41.0,0
10837,57575,0.216,6,6249,35,0.783,2.64,42.4,48.2,1
10190,51758,0.69,2,6317,47,0.891,2.2,37.9,29.3,0
10665,56020,0.784,1,7532,60,0.661,3.05,73.3,52.6,0
10555,55117,0.113,3,7993,24,0.903,2.35,49.0,33.6,0
10970,58756,1.0,6,8330,73,0.607,4.01,75.4,82.4,1
10820,57409,1.0,2,3312,46,0.68,3.2,83.5,64.4,0
10302,52791,0.372,1,1433,30,0.858,2.0,51.9,49.6,0
10090,50864,1.0,6,1280,68,0.687,2.3,64.0,47.5,0
10868,57859,0.254,2,3179,68,0.576,3.24,89.0,67.3,0
10158,51485,1.0,4,3386,58,0.701,2.97,72.9,57.2,1
10777,57036,1.0,3,5751,16,0.7,1.55,38.3,37.9,1
10854,57722,0.508,3,8799,72,0.677,4.0,86.0,90.4,0
10661,55978,0.662,1,7667,21,0.826,1.92,37.4,17.8,1
10557,55135,1.0,1,6420,36,1.0,2.16,44.8,28.3,1
10020,50207,1.0,4,5478,70,0.557,3.38,66.7,71.3,1
10481,54489,0.385,6,2872,86,0.681,3.95,92.7,94.4,1
10766,56939,0.291,1,3924,54,0.537,3.11,74.2,49.3,0
10763,56911,0.822,7,3246,76,0.504,4.36,84.8,89.8,1
10052,50503,1.0,6,5414,50,0.675,3.97,73.9,75.0,1
10817,57386,0.711,2,2922,59,0.56,3.08,68.1,49.2,0
10108,51029,1.0,6,8712,61,0.843,2.62,51.5,42.4,1
10417,53841,0.761,3,5420,39,0.613,3.53,69.3,68.0,0
10900,58111,0.342,5,4654,78,0.711,3.78,88.9,89.4,0
10548,55057,1.0,3,7237,42,0.633,1.25,45.3,68.2,1
10905,58155,0.32,1,6945,34,0.851,2.59,46.8,33.8,1
10297,52732,1.0,0,5041,55,0.514,2.73,68.5,58.1,0
10266,52455,0.555,5,3227,69,0.465,2.82,77.5,55.2,0
10796,57216,0.437,2,4358,55,0.649,3.75,87.1,74.2,0
10336,53105,0.75,1,7918,30,0.886,1.75,37.7,28.2,1
10930,58393,0.289,7,1267,44,0.728,2.77,56.4,40.6,0
10696,56279,1.0,3,3261,35,0.677,2.12,42.9,52.4,1
10336,53100,0.631,2,8409,21,0.969,1.36,34.6,20.5,1
10684,56185,0.558,4,8407,26,0.74,1.78,34.9,37.6,1
10383,53562,0.459,2,4960,55,0.71,2.71,67.1,55.1,0
10653,55893,0.507,2,7863,45,0.867,2.84,68.8,66.3,1
10039,50392,0.988,4,2869,54,0.715,3.26,68.7,56.9,1
10744,56737,0.728,4,4977,62,0.663,4.01,86.2,71.7,0
10617,55619,0.232,1,4797,47,0.577,3.4,70.1,65.8,0
10573,55259,1.0,5,2758,62,0.614,3.71,80.8,87.3,1
10292,52696,1.0,4,1377,69,0.505,2.91,78.3,81.6,1
10219,52028,0.296,2,7603,42,0.606,2.81,53.2,37.2,1
10599,55464,1.0,2,2208,72,0.607,3.55,74.7,74.3,0
10279,52569,0.724,6,6101,63,0.621,3.16,76.1,64.3,0
10889,58007,0.802,2,3558,80,0.803,2.91,86.9,68.3,0
10005,50065,0.549,4,7206,76,0.672,3.77,77.3,78.1,1
10225,52063,0.146,1,1943,32,0.79,2.02,31.1,49.5,0
10574,55277,0.575,2,5871,70,0.463,4.19,92.3,83.4,1
10795,57209,1.0,2,2673,57,0.566,2.81,65.7,73.1,0
10962,58685,0.239,4,5605,45,0.788,2.04,60.0,48.2,0
10950,58572,0.547,4,4542,51,0.637,3.5,68.8,45.4,1
10701,56332,1.0,6,2631,55,0.538,3.39,65.1,63.2,1
10527,54860,0.974,7,3429,66,0.709,3.71,53.7,82.8,1
10531,54888,1.0,3,7472,67,0.436,4.57,98.8,72.8,1
10091,50879,1.0,4,2865,63,0.557,3.15,69.2,89.6,0
10946,58530,1.0,5,8566,46,0.587,2.89,61.7,73.3,0
10877,57917,0.553,2,6797,71,0.602,3.41,57.2,93.9,1
10760,56864,0.42,2,8987,74,0.799,3.18,73.6,75.5,0
10872,57893,0.302,6,3404,41,0.638,2.93,40.5,69.7,0
10713,56440,1.0,3,7142,40,0.542,2.2,47.1,50.2,0
10869,57870,0.78,3,2316,40,0.794,2.11,45.1,56.1,1
10106,51017,1.0,3,3767,54,0.881,3.18,74.8,69.0,1
10842,57630,0.554,8,4861,52,0.556,4.1,85.2,79.8,1
10104,50996,0.503,5,7404,34,0.841,2.59,61.6,41.0,1
10459,54298,1.0,4,7819,46,0.557,3.19,75.0,43.0,0
10015,50162,1.0,4,2762,41,0.824,2.29,59.1,49.3,0
10622,55676,0.863,3,8147,49,0.595,3.2,59.9,61.1,1
10760,56874,1.0,5,2352,65,0.731,3.83,81.4,70.9,0
10887,57990,0.426,1,8018,62,0.428,3.07,66.4,68.7,0
10417,53844,0.378,5,6694,57,0.598,3.82,74.3,62.7,0
10107,51022,0.166,2,4469,18,0.893,2.61,43.6,18.4,1
10334,53074,0.164,8,5680,51,0.664,3.22,61.7,52.3,0
10835,57556,1.0,3,8698,41,0.602,2.48,54.5,57.2,0
10425,53944,0.484,3,5713,82,0.375,4.21,91.8,70.9,0
10172,51586,0.821,7,8313,50,0.686,2.57,52.3,48.3,0
10343,53153,0.696,3,2568,70,0.473,4.94,86.7,80.6,0
10913,58227,0.44,6,1367,58,0.6,3.46,62.3,54.6,0
10082,50776,0.201,5,3113,68,0.681,2.17,43.1,69.0,1
10784,57100,1.0,4,4753,43,0.606,2.65,65.5,60.4,0
10602,55487,0.127,3,902,26,0.833,1.87,46.5,18.2,0
10691,56236,0.749,3,5206,46,0.717,2.96,48.6,46.4,1
10777,57042,0.486,1,6096,15,0.898,1.86,30.0,30.4,0
10284,52613,0.559,7,6503,56,0.689,3.38,63.1,56.1,0
10830,57514,0.575,4,4149,73,0.6,3.59,77.1,55.3,0
10936,58434,1.0,6,8133,55,0.618,3.67,83.7,74.7,1
10973,58793,1.0,4,1094,52,0.726,2.82,69.1,33.1,0
10591,55394,0.792,6,6680,64,0.774,1.95,49.7,62.1,0
10979,58839,1.0,3,1368,81,0.772,3.34,89.0,73.4,1
10422,53891,0.244,5,7612,51,0.79,2.83,80.5,63.2,0
10382,53557,1.0,3,8780,64,0.867,3.22,83.2,50.1,0
10163,51529,0.59,2,6119,78,0.671,3.48,88.0,80.5,0
10137,51268,0.226,4,5916,37,0.795,2.52,49.3,38.6,0
10855,57735,1.0,4,5598,83,0.518,4.01,80.8,80.8,1
10205,51900,0.172,7,8850,57,0.619,3.55,67.2,66.0,0
10502,54659,0.769,12,8549,70,0.532,4.4,77.0,91.4,1
10325,53006,0.859,6,3963,55,0.578,3.4,89.2,79.4,1
10297,52735,0.241,3,3058,56,0.571,3.22,80.4,58.4,0
10019,50190,1.0,2,8472,61,0.692,3.0,54.7,67.9,0
10298,52748,0.932,3,2722,48,0.616,3.11,61.5,53.6,1
10223,52048,0.853,2,6357,68,0.688,3.57,76.8,65.2,0
10867,57850,0.629,1,6510,27,0.866,2.57,42.6,37.4,1
10277,52559,0.514,0,3539,29,0.653,1.61,39.4,34.4,0
10960,58667,1.0,2,8105,55,1.0,2.78,77.0,69.7,0
10710,56397,0.196,2,2102,28,0.82,2.51,37.1,35.4,0
10365,53386,1.0,3,5707,65,0.736,2.91,60.9,70.3,0
10491,54556,0.283,4,2511,45,0.853,2.29,59.0,60.2,0
10127,51185,0.407,4,7242,15,0.852,2.22,25.7,33.1,1
10712,56421,0.918,2,7849,71,0.651,3.78,63.3,57.0,0
10548,55052,0.53,4,4530,24,0.858,1.82,38.8,42.2,0
10578,55312,0.69,3,7977,34,0.811,3.58,54.6,64.4,1
10263,52434,0.666,1,2800,27,0.837,1.66,37.1,36.0,0
10768,56950,0.666,4,7290,58,0.761,4.47,82.6,62.3,0
10081,50770,0.861,4,8373,59,0.886,3.03,61.9,68.1,1
10182,51686,1.0,7,1511,79,0.509,4.22,93.9,78.2,0
10922,58323,1.0,5,7579,71,0.457,3.56,81.5,56.3,1
10611,55579,0.76,4,4933,67,0.458,3.76,72.2,71.3,1
10474,54427,0.307,3,5615,52,0.708,3.33,51.4,60.8,1
10048,50467,0.962,1,3809,29,1.0,1.67,57.9,38.6,0
10695,56266,1.0,3,4371,84,0.574,3.45,64.0,73.6,1
10630,55735,0.355,0,3339,40,0.917,1.96,42.4,32.0,0
10564,55192,0.39,3,6261,40,0.458,3.37,58.1,73.6,0
10590,55391,0.201,0,7514,29,1.0,1.56,24.7,28.4,0
10090,50861,0.957,9,2910,64,0.633,3.01,73.7,47.5,0
10802,57271,0.25,5,8587,48,0.572,2.74,72.6,47.9,1
